ticker,trade_date,open_price,close_price,high,low,adjusted_close,volume
AAPL,2024-01-10T05:00:00.000Z,184.3500061035,186.1900024414,186.3999938965,183.9199981689,184.448059082,46792900
AAPL,2024-01-11T05:00:00.000Z,186.5399932861,185.5899963379,187.0500030518,183.6199951172,183.8536834717,49128400
AAPL,2024-01-12T05:00:00.000Z,186.0599975586,185.9199981689,186.7400054932,185.1900024414,184.1806182861,40477800
AAPL,2024-01-16T05:00:00.000Z,182.1600036621,183.6300048828,184.2599945068,180.9299926758,181.9120178223,65603000
AAPL,2024-01-17T05:00:00.000Z,181.2700042725,182.6799926758,182.9299926758,180.3000030518,180.9709014893,47317400
AAPL,2024-01-18T05:00:00.000Z,186.0899963379,188.6300048828,189.1399993896,185.8300018311,186.8652648926,78005800
AAPL,2024-01-19T05:00:00.000Z,189.3300018311,191.5599975586,191.9499969482,188.8200073242,189.7678527832,68903000
AAPL,2024-01-22T05:00:00.000Z,192.3000030518,193.8899993896,195.3300018311,192.2599945068,192.0760498047,60133900
AAPL,2024-01-23T05:00:00.000Z,195.0200042725,195.1799926758,195.75,193.8300018311,193.3539581299,42355600
AAPL,2024-01-24T05:00:00.000Z,195.4199981689,194.5,196.3800048828,194.3399963379,192.6803588867,53631300
AAPL,2024-01-25T05:00:00.000Z,195.2200012207,194.1699981689,196.2700042725,193.1100006104,192.3534240723,54822100
AAPL,2024-01-26T05:00:00.000Z,194.2700042725,192.4199981689,194.7599945068,191.9400024414,190.6197967529,44594000
AAPL,2024-01-29T05:00:00.000Z,192.0099945068,191.7299957275,192.1999969482,189.5800018311,189.9362487793,47145600
AAPL,2024-01-30T05:00:00.000Z,190.9400024414,188.0399932861,191.8000030518,187.4700012207,186.2807617188,55859400
AAPL,2024-01-31T05:00:00.000Z,187.0399932861,184.3999938965,187.1000061035,184.3500061035,182.6748199463,55467800
AAPL,2024-02-01T05:00:00.000Z,183.9900054932,186.8600006104,186.9499969482,183.8200073242,185.1118011475,64885400
AAPL,2024-02-02T05:00:00.000Z,179.8600006104,185.8500061035,187.3300018311,179.25,184.1112670898,102551700
AAPL,2024-02-05T05:00:00.000Z,188.1499938965,187.6799926758,189.25,185.8399963379,185.9241485596,69668800
AAPL,2024-02-06T05:00:00.000Z,186.8600006104,189.3000030518,189.3099975586,186.7700042725,187.5290222168,43490800
AAPL,2024-02-07T05:00:00.000Z,190.6399993896,189.4100036621,191.0500030518,188.6100006104,187.6379547119,53439000
AAPL,2024-02-08T05:00:00.000Z,189.3899993896,188.3200073242,189.5399932861,187.3500061035,186.5581512451,40962000
AAPL,2024-02-09T05:00:00.000Z,188.6499938965,188.8500061035,189.9900054932,188.0,187.3219146729,45155200
AAPL,2024-02-12T05:00:00.000Z,188.4199981689,187.1499938965,188.6699981689,186.7899932861,185.6356811523,41781900
AAPL,2024-02-13T05:00:00.000Z,185.7700042725,185.0399932861,186.2100067139,183.5099945068,183.5427703857,56529500
AAPL,2024-02-14T05:00:00.000Z,185.3200073242,184.1499938965,185.5299987793,182.4400024414,182.659942627,54630500
AAPL,2024-02-15T05:00:00.000Z,183.5500030518,183.8600006104,184.4900054932,181.3500061035,182.3722839355,65434500
AAPL,2024-02-16T05:00:00.000Z,183.4199981689,182.3099975586,184.8500061035,181.6699981689,180.8348083496,49752500
AAPL,2024-02-20T05:00:00.000Z,181.7899932861,181.5599975586,182.4299926758,180.0,180.0908966064,53665600
AAPL,2024-02-21T05:00:00.000Z,181.9400024414,182.3200073242,182.8899993896,180.6600036621,180.8447875977,41371400
AAPL,2024-02-22T05:00:00.000Z,183.4799957275,184.3699951172,184.9600067139,182.4600067139,182.8781585693,52292200
AAPL,2024-02-23T05:00:00.000Z,185.0099945068,182.5200042725,185.0399932861,182.2299957275,181.0431518555,45119700
AAPL,2024-02-26T05:00:00.000Z,182.2400054932,181.1600036621,182.7599945068,180.6499938965,179.6941680908,40867400
AAPL,2024-02-27T05:00:00.000Z,181.1000061035,182.6300048828,183.9199981689,179.5599975586,181.1522521973,54318900
AAPL,2024-02-28T05:00:00.000Z,182.5099945068,181.4199981689,183.1199951172,180.1300048828,179.952041626,48953900
AAPL,2024-02-29T05:00:00.000Z,181.2700042725,180.75,182.5700073242,179.5299987793,179.2874603271,136682600
AAPL,2024-03-01T05:00:00.000Z,179.5500030518,179.6600036621,180.5299987793,177.3800048828,178.2062835693,73563100
AAPL,2024-03-04T05:00:00.000Z,176.1499938965,175.1000061035,176.8999938965,173.7899932861,173.6831970215,81510100
AAPL,2024-03-05T05:00:00.000Z,170.7599945068,170.1199951172,172.0399932861,169.6199951172,168.7434692383,95132400
AAPL,2024-03-06T05:00:00.000Z,171.0599975586,169.1199951172,171.2400054932,168.6799926758,167.7515563965,68587700
AAPL,2024-03-07T05:00:00.000Z,169.1499938965,169.0,170.7299957275,168.4900054932,167.6325378418,71765100
AAPL,2024-03-08T05:00:00.000Z,169.0,170.7299957275,173.6999969482,168.9400024414,169.3485565186,76267000
AAPL,2024-03-11T04:00:00.000Z,172.9400024414,172.75,174.3800048828,172.0500030518,171.3522033691,60139500
AAPL,2024-03-12T04:00:00.000Z,173.1499938965,173.2299957275,174.0299987793,171.0099945068,171.8282928467,59825400
AAPL,2024-03-13T04:00:00.000Z,172.7700042725,171.1300048828,173.1900024414,170.7599945068,169.745300293,52488700
AAPL,2024-03-14T04:00:00.000Z,172.9100036621,173.0,174.3099975586,172.0500030518,171.6001739502,72913500
AAPL,2024-03-15T04:00:00.000Z,171.1699981689,172.6199951172,172.6199951172,170.2899932861,171.223236084,121752700
AAPL,2024-03-18T04:00:00.000Z,175.5700073242,173.7200012207,177.7100067139,173.5200042725,172.3143310547,75604200
AAPL,2024-03-19T04:00:00.000Z,174.3399963379,176.0800018311,176.6100006104,173.0299987793,174.6552581787,55215200
AAPL,2024-03-20T04:00:00.000Z,175.7200012207,178.6699981689,178.6699981689,175.0899963379,177.2242736816,53423100
AAPL,2024-03-21T04:00:00.000Z,177.0500030518,171.3699951172,177.4900054932,170.8399963379,169.9833526611,106181300
AAPL,2024-03-22T04:00:00.000Z,171.7599945068,172.2799987793,173.0500030518,170.0599975586,170.8860168457,71160100
AAPL,2024-03-25T04:00:00.000Z,170.5700073242,170.8500061035,171.9400024414,169.4499969482,169.4675750732,54288300
AAPL,2024-03-26T04:00:00.000Z,170.0,169.7100067139,171.4199981689,169.5800018311,168.3367919922,57388400
AAPL,2024-03-27T04:00:00.000Z,170.4100036621,173.3099975586,173.6000061035,170.1100006104,171.9076385498,60273300
AAPL,2024-03-28T04:00:00.000Z,171.75,171.4799957275,172.2299957275,170.5099945068,170.0924530029,65672700
AAPL,2024-04-01T04:00:00.000Z,171.1900024414,170.0299987793,171.25,169.4799957275,168.6542205811,46240500
AAPL,2024-04-02T04:00:00.000Z,169.0800018311,168.8399963379,169.3399963379,168.2299957275,167.473815918,49329500
AAPL,2024-04-03T04:00:00.000Z,168.7899932861,169.6499938965,170.6799926758,168.5800018311,168.2772674561,47691700
AAPL,2024-04-04T04:00:00.000Z,170.2899932861,168.8200073242,171.9199981689,168.8200073242,167.4540100098,53704400
AAPL,2024-04-05T04:00:00.000Z,169.5899963379,169.5800018311,170.3899993896,168.9499969482,168.2078399658,42104800
AAPL,2024-04-08T04:00:00.000Z,169.0299987793,168.4499969482,169.1999969482,168.2400054932,167.0869750977,37425500
AAPL,2024-04-09T04:00:00.000Z,168.6999969482,169.6699981689,170.0800018311,168.3500061035,168.297088623,42373800
AAPL,2024-04-10T04:00:00.000Z,168.8000030518,167.7799987793,169.0899963379,167.1100006104,166.4224243164,49709300
AAPL,2024-04-11T04:00:00.000Z,168.3399963379,175.0399932861,175.4600067139,168.1600036621,173.6236572266,91070300
AAPL,2024-04-12T04:00:00.000Z,174.2599945068,176.5500030518,178.3600006104,174.2100067139,175.1214599609,101670900
AAPL,2024-04-15T04:00:00.000Z,175.3600006104,172.6900024414,176.6300048828,172.5,171.292678833,73531800
AAPL,2024-04-16T04:00:00.000Z,171.75,169.3800048828,173.7599945068,168.2700042725,168.0094604492,73711200
AAPL,2024-04-17T04:00:00.000Z,169.6100006104,168.0,170.6499938965,168.0,166.6406402588,50901200
AAPL,2024-04-18T04:00:00.000Z,168.0299987793,167.0399932861,168.6399993896,166.5500030518,165.688369751,43122900
AAPL,2024-04-19T04:00:00.000Z,166.2100067139,165.0,166.3999938965,164.0800018311,163.664932251,68149400
AAPL,2024-04-22T04:00:00.000Z,165.5200042725,165.8399963379,167.2599945068,164.7700042725,164.4980773926,48116400
AAPL,2024-04-23T04:00:00.000Z,165.3500061035,166.8999938965,167.0500030518,164.9199981689,165.5495300293,49537800
AAPL,2024-04-24T04:00:00.000Z,166.5399932861,169.0200042725,169.3000030518,166.2100067139,167.6523895264,48251800
AAPL,2024-04-25T04:00:00.000Z,169.5299987793,169.8899993896,170.6100006104,168.1499938965,168.5153503418,50558300
AAPL,2024-04-26T04:00:00.000Z,169.8800048828,169.3000030518,171.3399963379,169.1799926758,167.9300994873,44838400
AAPL,2024-04-29T04:00:00.000Z,173.3699951172,173.5,176.0299987793,173.1000061035,172.0961303711,68169400
AAPL,2024-04-30T04:00:00.000Z,173.3300018311,170.3300018311,174.9900054932,170.0,168.9517669678,65934800
AAPL,2024-05-01T04:00:00.000Z,169.5800018311,169.3000030518,172.7100067139,169.1100006104,167.9300994873,50383100
AAPL,2024-05-02T04:00:00.000Z,172.5099945068,173.0299987793,173.4199981689,170.8899993896,171.6299285889,94214900
AAPL,2024-05-03T04:00:00.000Z,186.6499938965,183.3800048828,187.0,182.6600036621,181.896194458,163224100
AAPL,2024-05-06T04:00:00.000Z,182.3500061035,181.7100067139,184.1999969482,180.4199981689,180.2396850586,78569700
AAPL,2024-05-07T04:00:00.000Z,183.4499969482,182.3999938965,184.8999938965,181.3200073242,180.924118042,77305800
AAPL,2024-05-08T04:00:00.000Z,182.8500061035,182.7400054932,183.0700073242,181.4499969482,181.2613525391,45057100
AAPL,2024-05-09T04:00:00.000Z,182.5599975586,184.5700073242,184.6600036621,182.1100006104,183.0765380859,48983000
AAPL,2024-05-10T04:00:00.000Z,184.8999938965,183.0500030518,185.0899963379,182.1300048828,181.8151245117,50759500
AAPL,2024-05-13T04:00:00.000Z,185.4400024414,186.2799987793,187.1000061035,184.6199951172,185.0233459473,72044800
AAPL,2024-05-14T04:00:00.000Z,187.5099945068,187.4299926758,188.3000030518,186.2899932861,186.1655578613,52393600
AAPL,2024-05-15T04:00:00.000Z,187.9100036621,189.7200012207,190.6499938965,187.3699951172,188.4401092529,70400000
AAPL,2024-05-16T04:00:00.000Z,190.4700012207,189.8399963379,191.1000061035,189.6600036621,188.5593261719,52845200
AAPL,2024-05-17T04:00:00.000Z,189.5099945068,189.8699951172,190.8099975586,189.1799926758,188.5891113281,41282900
AAPL,2024-05-20T04:00:00.000Z,189.3300018311,191.0399932861,191.9199981689,189.0099945068,189.7512054443,44361300
AAPL,2024-05-21T04:00:00.000Z,191.0899963379,192.3500061035,192.7299957275,190.9199981689,191.0523986816,42309400
AAPL,2024-05-22T04:00:00.000Z,192.2700042725,190.8999938965,192.8200073242,190.2700042725,189.6121826172,34648500
AAPL,2024-05-23T04:00:00.000Z,190.9799957275,186.8800048828,191.0,186.6300048828,185.6192932129,51005900
AAPL,2024-05-24T04:00:00.000Z,188.8200073242,189.9799957275,190.5800018311,188.0399932861,188.6983642578,36327000
AAPL,2024-05-28T04:00:00.000Z,191.5099945068,189.9900054932,193.0,189.1000061035,188.7083129883,52280100
AAPL,2024-05-29T04:00:00.000Z,189.6100006104,190.2899932861,192.25,189.5099945068,189.0062713623,53068000
AAPL,2024-05-30T04:00:00.000Z,190.7599945068,191.2899932861,192.1799926758,190.6300048828,189.9995269775,49889100
AAPL,2024-05-31T04:00:00.000Z,191.4400024414,192.25,192.5700073242,189.9100036621,190.9530639648,75158300
AAPL,2024-06-03T04:00:00.000Z,192.8999938965,194.0299987793,194.9900054932,192.5200042725,192.7210388184,50080500
AAPL,2024-06-04T04:00:00.000Z,194.6399993896,194.3500061035,195.3200073242,193.0299987793,193.0388946533,47471400
AAPL,2024-06-05T04:00:00.000Z,195.3999938965,195.8699951172,196.8999938965,194.8699951172,194.5486297607,54156800
AAPL,2024-06-06T04:00:00.000Z,195.6900024414,194.4799957275,196.5,194.1699981689,193.1680145264,41181800
AAPL,2024-06-07T04:00:00.000Z,194.6499938965,196.8899993896,196.9400024414,194.1399993896,195.5617523193,53103900
AAPL,2024-06-10T04:00:00.000Z,196.8999938965,193.1199951172,197.3000030518,192.1499938965,191.8171691895,97010200
AAPL,2024-06-11T04:00:00.000Z,193.6499938965,207.1499938965,207.1600036621,193.6300048828,205.752532959,172373300
AAPL,2024-06-12T04:00:00.000Z,207.3699951172,213.0700073242,220.1999969482,206.8999938965,211.6326293945,198134300
AAPL,2024-06-13T04:00:00.000Z,214.7400054932,214.2400054932,216.75,211.6000061035,212.7947235107,97862700
AAPL,2024-06-14T04:00:00.000Z,213.8500061035,212.4900054932,215.1699981689,211.3000030518,211.0565185547,70122700
AAPL,2024-06-17T04:00:00.000Z,213.3699951172,216.6699981689,218.9499969482,212.7200012207,215.2083435059,93728300
AAPL,2024-06-18T04:00:00.000Z,217.5899963379,214.2899932861,218.6300048828,213.0,212.8443450928,79943300
AAPL,2024-06-20T04:00:00.000Z,213.9299926758,209.6799926758,214.2400054932,208.8500061035,208.2654724121,86172500
AAPL,2024-06-21T04:00:00.000Z,210.3899993896,207.4900054932,211.8899993896,207.1100006104,206.0902557373,241805100
AAPL,2024-06-24T04:00:00.000Z,207.7200012207,208.1399993896,212.6999969482,206.5899963379,206.7358703613,80727000
AAPL,2024-06-25T04:00:00.000Z,209.1499938965,209.0700073242,211.3800048828,208.6100006104,207.6596221924,55549700
AAPL,2024-06-26T04:00:00.000Z,211.5,213.25,214.8600006104,210.6399993896,211.8113861084,66213200
AAPL,2024-06-27T04:00:00.000Z,214.6900024414,214.1000061035,215.7400054932,212.3500061035,212.6556549072,49772700
AAPL,2024-06-28T04:00:00.000Z,215.7700042725,210.6199951172,216.0700073242,210.3000030518,209.1991271973,82542700
AAPL,2024-07-01T04:00:00.000Z,212.0899963379,216.75,217.5099945068,211.9199981689,215.2877960205,60402900
AAPL,2024-07-02T04:00:00.000Z,216.1499938965,220.2700042725,220.3800048828,215.1000061035,218.7840270996,58046200
AAPL,2024-07-03T04:00:00.000Z,220.0,221.5500030518,221.5500030518,219.0299987793,220.0553894043,37369800
AAPL,2024-07-05T04:00:00.000Z,221.6499938965,226.3399963379,226.4499969482,221.6499938965,224.8130645752,60412400
AAPL,2024-07-08T04:00:00.000Z,227.0899963379,227.8200073242,227.8500061035,223.25,226.2831115723,59085900
AAPL,2024-07-09T04:00:00.000Z,227.9299926758,228.6799926758,229.3999938965,226.3699951172,227.1372833252,48076100
AAPL,2024-07-10T04:00:00.000Z,229.3000030518,232.9799957275,233.0800018311,229.25,231.4082794189,62627700
AAPL,2024-07-11T04:00:00.000Z,231.3899993896,227.5700073242,232.3899993896,225.7700042725,226.0347900391,64710600
AAPL,2024-07-12T04:00:00.000Z,228.9199981689,230.5399932861,232.6399993896,228.6799926758,228.9847412109,53046500
AAPL,2024-07-15T04:00:00.000Z,236.4799957275,234.3999938965,237.2299957275,233.0899963379,232.8187103271,62631300
AAPL,2024-07-16T04:00:00.000Z,235.0,234.8200073242,236.2700042725,232.3300018311,233.2358856201,43234300
AAPL,2024-07-17T04:00:00.000Z,229.4499969482,228.8800048828,231.4600067139,226.6399993896,227.3359680176,57345900
AAPL,2024-07-18T04:00:00.000Z,230.2799987793,224.1799926758,230.4400024414,222.2700042725,222.6676483154,66034600
AAPL,2024-07-19T04:00:00.000Z,224.8200073242,224.3099975586,226.8000030518,223.2799987793,222.7967834473,49151500
AAPL,2024-07-22T04:00:00.000Z,227.0099945068,223.9600067139,227.7799987793,223.0899963379,222.4491729736,48201800
AAPL,2024-07-23T04:00:00.000Z,224.3699951172,225.0099945068,226.9400024414,222.6799926758,223.4920501709,39960300
AAPL,2024-07-24T04:00:00.000Z,224.0,218.5399932861,224.8000030518,217.1300048828,217.0656738281,61777600
AAPL,2024-07-25T04:00:00.000Z,218.9299926758,217.4900054932,220.8500061035,214.6199951172,216.0228118896,51391200
AAPL,2024-07-26T04:00:00.000Z,218.6999969482,217.9600067139,219.4900054932,216.0099945068,216.4896240234,41601300
AAPL,2024-07-29T04:00:00.000Z,216.9600067139,218.2400054932,219.3000030518,215.75,216.7677307129,36311800
AAPL,2024-07-30T04:00:00.000Z,219.1900024414,218.8000030518,220.3300018311,216.1199951172,217.3239593506,41643800
AAPL,2024-07-31T04:00:00.000Z,221.4400024414,222.0800018311,223.8200073242,220.6300048828,220.581817627,50036300
AAPL,2024-08-01T04:00:00.000Z,224.3699951172,218.3600006104,224.4799957275,217.0200042725,216.8869171143,62501000
AAPL,2024-08-02T04:00:00.000Z,219.1499938965,219.8600006104,225.6000061035,217.7100067139,218.3768157959,105568600
AAPL,2024-08-05T04:00:00.000Z,199.0899963379,209.2700042725,213.5,196.0,207.8582458496,119548600
AAPL,2024-08-06T04:00:00.000Z,205.3000030518,207.2299957275,209.9900054932,201.0700073242,205.8320007324,69660500
AAPL,2024-08-07T04:00:00.000Z,206.8999938965,209.8200073242,213.6399993896,206.3899993896,208.4045410156,63516400
AAPL,2024-08-08T04:00:00.000Z,213.1100006104,213.3099975586,214.1999969482,208.8300018311,211.8710021973,47161100
AAPL,2024-08-09T04:00:00.000Z,212.1000061035,216.2400054932,216.7799987793,211.9700012207,214.7812194824,42201600
AAPL,2024-08-12T04:00:00.000Z,216.0700073242,217.5299987793,219.5099945068,215.6000061035,216.3126068115,38028100
AAPL,2024-08-13T04:00:00.000Z,219.0099945068,221.2700042725,221.8899993896,219.0099945068,220.0316619873,44155300
AAPL,2024-08-14T04:00:00.000Z,220.5700073242,221.7200012207,223.0299987793,219.6999969482,220.4791717529,41960600
AAPL,2024-08-15T04:00:00.000Z,224.6000061035,224.7200012207,225.3500061035,222.7599945068,223.4623565674,46414000
AAPL,2024-08-16T04:00:00.000Z,223.9199981689,226.0500030518,226.8300018311,223.6499938965,224.7849273682,44340200
AAPL,2024-08-19T04:00:00.000Z,225.7200012207,225.8899993896,225.9900054932,223.0399932861,224.6258239746,40687800
AAPL,2024-08-20T04:00:00.000Z,225.7700042725,226.5099945068,227.1699981689,225.4499969482,225.2423553467,30299000
AAPL,2024-08-21T04:00:00.000Z,226.5200042725,226.3999938965,227.9799957275,225.0500030518,225.1329650879,34765500
AAPL,2024-08-22T04:00:00.000Z,227.7899932861,224.5299987793,228.3399963379,223.8999938965,223.2734375,43695300
AAPL,2024-08-23T04:00:00.000Z,225.6600036621,226.8399963379,228.2200012207,224.3300018311,225.5704803467,38677300
AAPL,2024-08-26T04:00:00.000Z,226.7599945068,227.1799926758,227.2799987793,223.8899993896,225.9085998535,30602200
AAPL,2024-08-27T04:00:00.000Z,226.0,228.0299987793,228.8500061035,224.8899993896,226.7538604736,35934600
AAPL,2024-08-28T04:00:00.000Z,227.9199981689,226.4900054932,229.8600006104,225.6799926758,225.2224578857,38052200
AAPL,2024-08-29T04:00:00.000Z,230.1000061035,229.7899932861,232.9199981689,228.8800048828,228.5039825439,51906300
AAPL,2024-08-30T04:00:00.000Z,230.1900024414,229.0,230.3999938965,227.4799957275,227.7184143066,52990800
AAPL,2024-09-03T04:00:00.000Z,228.5500030518,222.7700042725,229.0,221.1699981689,221.5232849121,50190600
AAPL,2024-09-04T04:00:00.000Z,221.6600036621,220.8500061035,221.7799987793,217.4799957275,219.6140136719,43840200
AAPL,2024-09-05T04:00:00.000Z,221.6300048828,222.3800048828,225.4799957275,221.5200042725,221.1354675293,36615400
AAPL,2024-09-06T04:00:00.000Z,223.9499969482,220.8200073242,225.2400054932,219.7700042725,219.5842285156,48423000
AAPL,2024-09-09T04:00:00.000Z,220.8200073242,220.9100036621,221.2700042725,216.7100067139,219.6736907959,67180000
AAPL,2024-09-10T04:00:00.000Z,218.9199981689,220.1100006104,221.4799957275,216.7299957275,218.8781738281,51591000
AAPL,2024-09-11T04:00:00.000Z,221.4600067139,222.6600036621,223.0899963379,217.8899993896,221.4139099121,44587100
AAPL,2024-09-12T04:00:00.000Z,222.5,222.7700042725,223.5500030518,219.8200073242,221.5232849121,37455600
AAPL,2024-09-13T04:00:00.000Z,223.5800018311,222.5,224.0399932861,221.9100036621,221.2547912598,36766600
AAPL,2024-09-16T04:00:00.000Z,216.5399932861,216.3200073242,217.2200012207,213.9199981689,215.1093902588,59357400
AAPL,2024-09-17T04:00:00.000Z,215.75,216.7899932861,216.8999938965,214.5,215.5767364502,45519300
AAPL,2024-09-18T04:00:00.000Z,217.5500030518,220.6900024414,222.7100067139,217.5399932861,219.4549255371,59894900
AAPL,2024-09-19T04:00:00.000Z,224.9900054932,228.8699951172,229.8200073242,224.6300048828,227.5891418457,66781300
AAPL,2024-09-20T04:00:00.000Z,229.9700012207,228.1999969482,233.0899963379,227.6199951172,226.9228820801,318679900
AAPL,2024-09-23T04:00:00.000Z,227.3399963379,226.4700012207,229.4499969482,225.8099975586,225.2025909424,54146000
AAPL,2024-09-24T04:00:00.000Z,228.6499938965,227.3699951172,229.3500061035,225.7299957275,226.0975189209,43556100
AAPL,2024-09-25T04:00:00.000Z,224.9299926758,226.3699951172,227.2899932861,224.0200042725,225.1031188965,42308700
AAPL,2024-09-26T04:00:00.000Z,227.3000030518,227.5200042725,228.5,225.4100036621,226.2467041016,36636700
AAPL,2024-09-27T04:00:00.000Z,228.4600067139,227.7899932861,229.5200042725,227.3000030518,226.5151824951,34026000
AAPL,2024-09-30T04:00:00.000Z,230.0399932861,233.0,233.0,229.6499938965,231.6960449219,54541900
AAPL,2024-10-01T04:00:00.000Z,229.5200042725,226.2100067139,229.6499938965,223.7400054932,224.9440307617,63285000
AAPL,2024-10-02T04:00:00.000Z,225.8899993896,226.7799987793,227.3699951172,223.0200042725,225.5108337402,32880600
AAPL,2024-10-03T04:00:00.000Z,225.1399993896,225.6699981689,226.8099975586,223.3200073242,224.4070281982,34044200
AAPL,2024-10-04T04:00:00.000Z,227.8999938965,226.8000030518,228.0,224.1300048828,225.5307312012,37245100
AAPL,2024-10-07T04:00:00.000Z,224.5,221.6900024414,225.6900024414,221.3300018311,220.4493255615,39505400
AAPL,2024-10-08T04:00:00.000Z,224.3000030518,225.7700042725,225.9799957275,223.25,224.5065002441,31855700
AAPL,2024-10-09T04:00:00.000Z,225.2299957275,229.5399932861,229.75,224.8300018311,228.2554016113,33591100
AAPL,2024-10-10T04:00:00.000Z,227.7799987793,229.0399932861,229.5,227.1699981689,227.7581787109,28183500
AAPL,2024-10-11T04:00:00.000Z,229.3000030518,227.5500030518,229.4100036621,227.3399963379,226.2765350342,31759200
AAPL,2024-10-14T04:00:00.000Z,228.6999969482,231.3000030518,231.7299957275,228.6000061035,230.0055389404,39882100
AAPL,2024-10-15T04:00:00.000Z,233.6100006104,233.8500061035,237.4900054932,232.3699951172,232.5412902832,64751400
AAPL,2024-10-16T04:00:00.000Z,231.6000061035,231.7799987793,232.1199951172,229.8399963379,230.4828491211,34082200
AAPL,2024-10-17T04:00:00.000Z,233.4299926758,232.1499938965,233.8500061035,230.5200042725,230.8507843018,32993800
AAPL,2024-10-18T04:00:00.000Z,236.1799926758,235.0,236.1799926758,234.0099945068,233.6848449707,46431500
AAPL,2024-10-21T04:00:00.000Z,234.4499969482,236.4799957275,236.8500061035,234.4499969482,235.156539917,36254500
AAPL,2024-10-22T04:00:00.000Z,233.8899993896,235.8600006104,236.2200012207,232.6000061035,234.5400085449,38846600
AAPL,2024-10-23T04:00:00.000Z,234.0800018311,230.7599945068,235.1399993896,227.7599945068,229.4685668945,52287000
AAPL,2024-10-24T04:00:00.000Z,229.9799957275,230.5700073242,230.8200073242,228.4100036621,229.2796478271,31109500
AAPL,2024-10-25T04:00:00.000Z,229.7400054932,231.4100036621,233.2200012207,229.5700073242,230.1149291992,38802300
AAPL,2024-10-28T04:00:00.000Z,233.3200073242,233.3999938965,234.7299957275,232.5500030518,232.0937805176,36087100
AAPL,2024-10-29T04:00:00.000Z,233.1000061035,233.6699981689,234.3300018311,232.3200073242,232.3622894287,35417200
AAPL,2024-10-30T04:00:00.000Z,232.6100006104,230.1000061035,233.4700012207,229.5500030518,228.8122558594,47070900
AAPL,2024-10-31T04:00:00.000Z,229.3399963379,225.9100036621,229.8300018311,225.3699951172,224.6457061768,64370100
AAPL,2024-11-01T04:00:00.000Z,220.9700012207,222.9100036621,225.3500061035,220.2700042725,221.6624908447,65276700
AAPL,2024-11-04T05:00:00.000Z,220.9900054932,222.0099945068,222.7899932861,219.7100067139,220.7675170898,44944500
AAPL,2024-11-05T05:00:00.000Z,221.8000030518,223.4499969482,223.9499969482,221.1399993896,222.1994781494,28111300
AAPL,2024-11-06T05:00:00.000Z,222.6100006104,222.7200012207,226.0700073242,221.1900024414,221.4735412598,54561100
AAPL,2024-11-07T05:00:00.000Z,224.6300048828,227.4799957275,227.8800048828,224.5700073242,226.2069091797,42137700
AAPL,2024-11-08T05:00:00.000Z,227.1699981689,226.9600067139,228.6600036621,226.4100036621,225.9381408691,38328800
AAPL,2024-11-11T05:00:00.000Z,225.0,224.2299957275,225.6999969482,221.5,223.2204284668,42005600
AAPL,2024-11-12T05:00:00.000Z,224.5500030518,224.2299957275,225.5899963379,223.3600006104,223.2204284668,40398300
AAPL,2024-11-13T05:00:00.000Z,224.0099945068,225.1199951172,226.6499938965,222.7599945068,224.1064147949,48566200
AAPL,2024-11-14T05:00:00.000Z,225.0200042725,228.2200012207,228.8699951172,225.0,227.1924743652,44923900
AAPL,2024-11-15T05:00:00.000Z,226.3999938965,225.0,226.9199981689,224.2700042725,223.9869537354,47923700
AAPL,2024-11-18T05:00:00.000Z,225.25,228.0200042725,229.7400054932,225.1699981689,226.9933624268,44633700
AAPL,2024-11-19T05:00:00.000Z,226.9799957275,228.2799987793,230.1600036621,226.6600036621,227.2521972656,36211800
AAPL,2024-11-20T05:00:00.000Z,228.0599975586,229.0,229.9299926758,225.8899993896,227.9689483643,35169600
AAPL,2024-11-21T05:00:00.000Z,228.8800048828,228.5200042725,230.1600036621,225.7100067139,227.4911193848,42108300
AAPL,2024-11-22T05:00:00.000Z,228.0599975586,229.8699951172,230.7200012207,228.0599975586,228.8350372314,38168300
AAPL,2024-11-25T05:00:00.000Z,231.4600067139,232.8699951172,233.25,229.7400054932,231.8215179443,90152800
AAPL,2024-11-26T05:00:00.000Z,233.3300018311,235.0599975586,235.5700073242,233.3300018311,234.0016784668,45986200
AAPL,2024-11-27T05:00:00.000Z,234.4700012207,234.9299926758,235.6900024414,233.8099975586,233.8722381592,33498400
AAPL,2024-11-29T05:00:00.000Z,234.8099975586,237.3300018311,237.8099975586,233.9700012207,236.2614593506,28481400
AAPL,2024-12-02T05:00:00.000Z,237.2700042725,239.5899963379,240.7899932861,237.1600036621,238.5112609863,48137100
AAPL,2024-12-03T05:00:00.000Z,239.8099975586,242.6499938965,242.7599945068,238.8999938965,241.5574951172,38861000
AAPL,2024-12-04T05:00:00.000Z,242.8699951172,243.0099945068,244.1100006104,241.25,241.9158782959,44383900
AAPL,2024-12-05T05:00:00.000Z,243.9900054932,243.0399932861,244.5399932861,242.1300048828,241.9457397461,40033900
AAPL,2024-12-06T05:00:00.000Z,242.9100036621,242.8399963379,244.6300048828,242.0800018311,241.7466430664,36870600
AAPL,2024-12-09T05:00:00.000Z,241.8300018311,246.75,247.2400054932,241.75,245.6390380859,44649200
AAPL,2024-12-10T05:00:00.000Z,246.8899993896,247.7700042725,248.2100067139,245.3399963379,246.6544342041,36914800
AAPL,2024-12-11T05:00:00.000Z,247.9600067139,246.4900054932,250.8000030518,246.2599945068,245.3802185059,45205800
AAPL,2024-12-12T05:00:00.000Z,246.8899993896,247.9600067139,248.7400054932,245.6799926758,246.8435821533,32777500
AAPL,2024-12-13T05:00:00.000Z,247.8200073242,248.1300048828,249.2899932861,246.2400054932,247.0128326416,33155300
AAPL,2024-12-16T05:00:00.000Z,247.9900054932,251.0399932861,251.3800048828,247.6499938965,249.9097137451,51694800
AAPL,2024-12-17T05:00:00.000Z,250.0800018311,253.4799957275,253.8300018311,249.7799987793,252.3387298584,51356400
AAPL,2024-12-18T05:00:00.000Z,252.1600036621,248.0500030518,254.2799987793,247.7400054932,246.9331817627,56774100
AAPL,2024-12-19T05:00:00.000Z,247.5,249.7899932861,252.0,247.0899963379,248.6653442383,60882300
AAPL,2024-12-20T05:00:00.000Z,248.0399932861,254.4900054932,255.0,245.6900024414,253.3441772461,147495300
AAPL,2024-12-23T05:00:00.000Z,254.7700042725,255.2700042725,255.6499938965,253.4499969482,254.1206817627,40858800
AAPL,2024-12-24T05:00:00.000Z,255.4900054932,258.200012207,258.2099914551,255.2899932861,257.0374755859,23234700
AAPL,2024-12-26T05:00:00.000Z,258.1900024414,259.0199890137,260.1000061035,257.6300048828,257.8537597656,27237100
AAPL,2024-12-27T05:00:00.000Z,257.8299865723,255.5899963379,258.700012207,253.0599975586,254.4392089844,42355300
AAPL,2024-12-30T05:00:00.000Z,252.2299957275,252.1999969482,253.5,250.75,251.0644836426,35557500
AAPL,2024-12-31T05:00:00.000Z,252.4400024414,250.4199981689,253.2799987793,249.4299926758,249.2925109863,39480700
AAPL,2025-01-02T05:00:00.000Z,248.9299926758,243.8500061035,249.1000061035,241.8200073242,242.7521057129,55740700
AAPL,2025-01-03T05:00:00.000Z,243.3600006104,243.3600006104,244.1799926758,241.8899993896,242.2643127441,40244100
AAPL,2025-01-06T05:00:00.000Z,244.3099975586,245.0,247.3300018311,243.1999969482,243.8969116211,45045600
AAPL,2025-01-07T05:00:00.000Z,242.9799957275,242.2100067139,245.5500030518,241.3500061035,241.1194763184,40856000
AAPL,2025-01-08T05:00:00.000Z,241.9199981689,242.6999969482,243.7100067139,240.0500030518,241.6072692871,37628900
AAPL,2025-01-10T05:00:00.000Z,240.0099945068,236.8500061035,240.1600036621,233.0,235.7836151123,61710900
AAPL,2025-01-13T05:00:00.000Z,233.5299987793,234.3999938965,234.6699981689,229.7200012207,233.3446350098,49630700
AAPL,2025-01-14T05:00:00.000Z,234.75,233.2799987793,236.1199951172,232.4700012207,232.2296905518,39435300
AAPL,2025-01-15T05:00:00.000Z,234.6399993896,237.8699951172,238.9600067139,234.4299926758,236.7990112305,39832000
AAPL,2025-01-16T05:00:00.000Z,237.3500061035,228.2599945068,238.0099945068,228.0299987793,227.2322845459,71759100
AAPL,2025-01-17T05:00:00.000Z,232.1199951172,229.9799957275,232.2899932861,228.4799957275,228.9445343018,68488300
AAPL,2025-01-21T05:00:00.000Z,224.0,222.6399993896,224.4199981689,219.3800048828,221.6375732422,98070400
AAPL,2025-01-22T05:00:00.000Z,219.7899932861,223.8300018311,224.1199951172,219.7899932861,222.8222351074,64126500
AAPL,2025-01-23T05:00:00.000Z,224.7400054932,223.6600036621,227.0299987793,222.3000030518,222.6530151367,60234800
AAPL,2025-01-24T05:00:00.000Z,224.7799987793,222.7799987793,225.6300048828,221.4100036621,221.7769470215,54697900
AAPL,2025-01-27T05:00:00.000Z,224.0200042725,229.8600006104,232.1499938965,223.9799957275,228.825088501,94863400
AAPL,2025-01-28T05:00:00.000Z,230.8500061035,238.2599945068,240.1900024414,230.8099975586,237.1872558594,75707600
AAPL,2025-01-29T05:00:00.000Z,234.1199951172,239.3600006104,239.8600006104,234.0099945068,238.2823028564,45486100
AAPL,2025-01-30T05:00:00.000Z,238.6699981689,237.5899963379,240.7899932861,237.2100067139,236.5202789307,55658300
AAPL,2025-01-31T05:00:00.000Z,247.1900024414,236.0,247.1900024414,233.4400024414,234.9374237061,100959800
AAPL,2025-02-03T05:00:00.000Z,229.9900054932,228.0099945068,231.8300018311,225.6999969482,226.9833984375,73063300
AAPL,2025-02-04T05:00:00.000Z,227.25,232.8000030518,233.1300048828,226.6499938965,231.7518463135,45067300
AAPL,2025-02-05T05:00:00.000Z,228.5299987793,232.4700012207,232.6699981689,228.2700042725,231.423324585,39620300
AAPL,2025-02-06T05:00:00.000Z,231.2899932861,233.2200012207,233.8000030518,230.4299926758,232.1699523926,29925300
AAPL,2025-02-07T05:00:00.000Z,232.6000061035,227.6300048828,234.0,227.2599945068,226.6051177979,39707200
AAPL,2025-02-10T05:00:00.000Z,229.5700073242,227.6499938965,230.5899963379,227.1999969482,226.8741912842,33115600
AAPL,2025-02-11T05:00:00.000Z,228.1999969482,232.6199951172,235.2299957275,228.1300048828,231.8272705078,53718400
AAPL,2025-02-12T05:00:00.000Z,231.1999969482,236.8699951172,236.9600067139,230.6799926758,236.0627746582,45243300
AAPL,2025-02-13T05:00:00.000Z,236.9100036621,241.5299987793,242.3399963379,235.5700073242,240.7068939209,53614100
AAPL,2025-02-14T05:00:00.000Z,241.25,244.6000061035,245.5500030518,240.9900054932,243.7664489746,40896200
AAPL,2025-02-18T05:00:00.000Z,244.1499938965,244.4700012207,245.1799926758,241.8399963379,243.6368865967,48822500
AAPL,2025-02-19T05:00:00.000Z,244.6600036621,244.8699951172,246.0099945068,243.1600036621,244.0355072021,32204200
AAPL,2025-02-20T05:00:00.000Z,244.9400024414,245.8300018311,246.7799987793,244.2899932861,244.9922485352,32316900
AAPL,2025-02-21T05:00:00.000Z,245.9499969482,245.5500030518,248.6900024414,245.2200012207,244.7131958008,53197400
AAPL,2025-02-24T05:00:00.000Z,244.9299926758,247.1000061035,248.8600006104,244.4199981689,246.2579193115,51326400
AAPL,2025-02-25T05:00:00.000Z,248.0,247.0399932861,250.0,244.9100036621,246.1981201172,48013300
AAPL,2025-02-26T05:00:00.000Z,244.3300018311,240.3600006104,244.9799957275,239.1300048828,239.5408935547,44433600
AAPL,2025-02-27T05:00:00.000Z,239.4100036621,237.3000030518,242.4600067139,237.0599975586,236.491317749,41153600
AAPL,2025-02-28T05:00:00.000Z,236.9499969482,241.8399963379,242.0899963379,230.1999969482,241.015838623,56833400
AAPL,2025-03-03T05:00:00.000Z,241.7899932861,238.0299987793,244.0299987793,236.1100006104,237.2188262939,47184000
AAPL,2025-03-04T05:00:00.000Z,237.7100067139,235.9299926758,240.0700073242,234.6799926758,235.1259765625,53798100
AAPL,2025-03-05T05:00:00.000Z,235.4199981689,235.7400054932,236.5500030518,229.2299957275,234.936630249,47227600
AAPL,2025-03-06T05:00:00.000Z,234.4400024414,235.3300018311,237.8600006104,233.1600036621,234.5280456543,45170400
AAPL,2025-03-07T05:00:00.000Z,235.1100006104,239.0700073242,241.3699951172,234.7599945068,238.2552947998,46273600
AAPL,2025-03-10T04:00:00.000Z,235.5399932861,227.4799957275,236.1600036621,224.2200012207,226.7047729492,72071200
AAPL,2025-03-11T04:00:00.000Z,223.8099975586,220.8399963379,225.8399963379,217.4499969482,220.0874023438,76137400
AAPL,2025-03-12T04:00:00.000Z,220.1399993896,216.9799957275,221.75,214.9100036621,216.2405548096,62547500
AAPL,2025-03-13T04:00:00.000Z,215.9499969482,209.6799926758,216.8399963379,208.4199981689,208.965423584,61368300
AAPL,2025-03-14T04:00:00.000Z,211.25,213.4900054932,213.9499969482,209.5800018311,212.7624511719,60107600
AAPL,2025-03-17T04:00:00.000Z,213.3099975586,214.0,215.2200012207,209.9700012207,213.2707061768,48073400
AAPL,2025-03-18T04:00:00.000Z,214.1600036621,212.6900024414,215.1499938965,211.4900054932,211.9651947021,42432400
AAPL,2025-03-19T04:00:00.000Z,214.2200012207,215.2400054932,218.7599945068,213.75,214.5064849854,54385400
AAPL,2025-03-20T04:00:00.000Z,213.9900054932,214.1000061035,217.4900054932,212.2200012207,213.3703918457,48862900
AAPL,2025-03-21T04:00:00.000Z,211.5599975586,218.2700042725,218.8399963379,211.2799987793,217.5261688232,94127800
AAPL,2025-03-24T04:00:00.000Z,221.0,220.7299957275,221.4799957275,218.5800018311,219.9777679443,44299500
AAPL,2025-03-25T04:00:00.000Z,220.7700042725,223.75,224.1000061035,220.0800018311,222.987487793,34493600
AAPL,2025-03-26T04:00:00.000Z,223.5099945068,221.5299987793,225.0200042725,220.4700012207,220.7750549316,34466100
AAPL,2025-03-27T04:00:00.000Z,221.3899993896,223.8500061035,224.9900054932,220.5599975586,223.0871734619,37094800
AAPL,2025-03-28T04:00:00.000Z,221.6699981689,217.8999938965,223.8099975586,217.6799926758,217.1574249268,39818600
AAPL,2025-03-31T04:00:00.000Z,217.0099945068,222.1300048828,225.6199951172,216.2299957275,221.3730163574,65299300
AAPL,2025-04-01T04:00:00.000Z,219.8099975586,223.1900024414,223.6799926758,218.8999938965,222.429397583,36412700
AAPL,2025-04-02T04:00:00.000Z,221.3200073242,223.8899993896,225.1900024414,221.0200042725,223.1270141602,35905900
AAPL,2025-04-03T04:00:00.000Z,205.5399932861,203.1900024414,207.4900054932,201.25,202.497543335,103419000
AAPL,2025-04-04T04:00:00.000Z,193.8899993896,188.3800048828,199.8800048828,187.3399963379,187.7380371094,125910900
AAPL,2025-04-07T04:00:00.000Z,177.1999969482,181.4600067139,194.1499938965,174.6199951172,180.8416137695,160466300
AAPL,2025-04-08T04:00:00.000Z,186.6999969482,172.4199981689,190.3399963379,169.2100067139,171.8324127197,120859500
AAPL,2025-04-09T04:00:00.000Z,171.9499969482,198.8500061035,200.6100006104,171.8899993896,198.1723632812,184395900
AAPL,2025-04-10T04:00:00.000Z,189.0700073242,190.4199981689,194.7799987793,183.0,189.7710723877,121880000
AAPL,2025-04-11T04:00:00.000Z,186.1000061035,198.1499938965,199.5399932861,186.0599975586,197.4747314453,87435900
AAPL,2025-04-14T04:00:00.000Z,211.4400024414,202.5200042725,212.9400024414,201.1600036621,201.8298492432,101352900
AAPL,2025-04-15T04:00:00.000Z,201.8600006104,202.1399993896,203.5099945068,199.8000030518,201.4511260986,51343900
AAPL,2025-04-16T04:00:00.000Z,198.3600006104,194.2700042725,200.6999969482,192.3699951172,193.6079559326,59732400
AAPL,2025-04-17T04:00:00.000Z,197.1999969482,196.9799957275,198.8300018311,194.4199981689,196.3087158203,52164700
AAPL,2025-04-21T04:00:00.000Z,193.2700042725,193.1600036621,193.8000030518,189.8099975586,192.501739502,46742500
AAPL,2025-04-22T04:00:00.000Z,196.1199951172,199.7400054932,201.5899963379,195.9700012207,199.0593261719,52976400
AAPL,2025-04-23T04:00:00.000Z,206.0,204.6000061035,208.0,202.8000030518,203.9027557373,52929200
AAPL,2025-04-24T04:00:00.000Z,204.8899993896,208.3699951172,208.8300018311,202.9400024414,207.6599121094,47311000
AAPL,2025-04-25T04:00:00.000Z,206.3699951172,209.2799987793,209.75,206.1999969482,208.5668029785,38222300
AAPL,2025-04-28T04:00:00.000Z,210.0,210.1399993896,211.5,207.4600067139,209.4238739014,38743100
AAPL,2025-04-29T04:00:00.000Z,208.6900024414,211.2100067139,212.2400054932,208.3699951172,210.490234375,36827600
AAPL,2025-04-30T04:00:00.000Z,209.3000030518,212.5,213.5800018311,206.6699981689,211.7758331299,52286500
AAPL,2025-05-01T04:00:00.000Z,209.0800018311,213.3200073242,214.5599975586,208.8999938965,212.5930480957,57365700
AAPL,2025-05-02T04:00:00.000Z,206.0899963379,205.3500061035,206.9900054932,202.1600036621,204.6501922607,101010600
AAPL,2025-05-05T04:00:00.000Z,203.1000061035,198.8899993896,204.1000061035,198.2100067139,198.2122192383,69018500
AAPL,2025-05-06T04:00:00.000Z,198.2100067139,198.5099945068,200.6499938965,197.0200042725,197.8334960938,51216500
AAPL,2025-05-07T04:00:00.000Z,199.1699981689,196.25,199.4400024414,193.25,195.5812072754,68536700
AAPL,2025-05-08T04:00:00.000Z,197.7200012207,197.4900054932,200.0500030518,194.6799926758,196.816986084,50478900
AAPL,2025-05-09T04:00:00.000Z,199.0,198.5299987793,200.5399932861,197.5399932861,197.8534393311,36453900
AAPL,2025-05-12T04:00:00.000Z,210.9700012207,210.7899932861,211.2700042725,206.75,210.3471374512,63775800
AAPL,2025-05-13T04:00:00.000Z,210.4299926758,212.9299926758,213.3999938965,209.0,212.482635498,51909300
AAPL,2025-05-14T04:00:00.000Z,212.4299926758,212.3300018311,213.9400024414,210.5800018311,211.883895874,49325800
AAPL,2025-05-15T04:00:00.000Z,210.9499969482,211.4499969482,212.9600067139,209.5399932861,211.0057525635,45029500
AAPL,2025-05-16T04:00:00.000Z,212.3600006104,211.2599945068,212.5700073242,209.7700042725,210.8161468506,54737900
AAPL,2025-05-19T04:00:00.000Z,207.9100036621,208.7799987793,209.4799957275,204.2599945068,208.3413543701,46140500
AAPL,2025-05-20T04:00:00.000Z,207.6699981689,206.8600006104,208.4700012207,205.0299987793,206.4253997803,42496600
AAPL,2025-05-21T04:00:00.000Z,205.1699981689,202.0899963379,207.0399932861,200.7100067139,201.6654052734,59211800
AAPL,2025-05-22T04:00:00.000Z,200.7100067139,201.3600006104,202.75,199.6999969482,200.9369354248,46742400
AAPL,2025-05-23T04:00:00.000Z,193.6699981689,195.2700042725,197.6999969482,193.4600067139,194.8597564697,78432900
AAPL,2025-05-27T04:00:00.000Z,198.3000030518,200.2100067139,200.7400054932,197.4299926758,199.7893676758,56288500
AAPL,2025-05-28T04:00:00.000Z,200.5899963379,200.4199981689,202.7299957275,199.8999938965,199.998916626,45339700
AAPL,2025-05-29T04:00:00.000Z,203.5800018311,199.9499969482,203.8099975586,198.5099945068,199.5299072266,51396800
AAPL,2025-05-30T04:00:00.000Z,199.3699951172,200.8500061035,201.9600067139,196.7799987793,200.428024292,70819900
AAPL,2025-06-02T04:00:00.000Z,200.2799987793,201.6999969482,202.1300048828,200.1199951172,201.2762298584,35423300
AAPL,2025-06-03T04:00:00.000Z,201.3500061035,203.2700042725,203.7700042725,200.9600067139,202.8429260254,46381600
AAPL,2025-06-04T04:00:00.000Z,202.9100036621,202.8200073242,206.2400054932,202.1000061035,202.3938903809,43604000
AAPL,2025-06-05T04:00:00.000Z,203.5,200.6300048828,204.75,200.1499938965,200.2084960938,55126100
AAPL,2025-06-06T04:00:00.000Z,203.0,203.9199981689,205.6999969482,202.0500030518,203.4915618896,46607700
AAPL,2025-06-09T04:00:00.000Z,204.3899993896,201.4499969482,206.0,200.0200042725,201.026763916,72862600
AAPL,2025-06-10T04:00:00.000Z,200.6000061035,202.6699981689,204.3500061035,200.5700073242,202.2441864014,54672600
AAPL,2025-06-11T04:00:00.000Z,203.5,198.7799987793,204.5,198.4100036621,198.3623657227,60989900
AAPL,2025-06-12T04:00:00.000Z,199.0800018311,199.1999969482,199.6799926758,197.3600006104,198.7814788818,43904600
AAPL,2025-06-13T04:00:00.000Z,199.7299957275,196.4499969482,200.3699951172,195.6999969482,196.0372619629,51447300
AAPL,2025-06-16T04:00:00.000Z,197.3000030518,198.4199981689,198.6900024414,196.5599975586,198.0031280518,43020700
AAPL,2025-06-17T04:00:00.000Z,197.1999969482,195.6399993896,198.3899993896,195.2100067139,195.2289581299,38856200
AAPL,2025-06-18T04:00:00.000Z,195.9400024414,196.5800018311,197.5700073242,195.0700073242,196.1669769287,45394700
AAPL,2025-06-20T04:00:00.000Z,198.2400054932,201.0,201.6999969482,196.8600006104,200.5776977539,96813500
AAPL,2025-06-23T04:00:00.000Z,201.6300048828,201.5,202.3000030518,198.9600067139,201.0766601562,55814300
AAPL,2025-06-24T04:00:00.000Z,202.5899963379,200.3000030518,203.4400024414,200.1999969482,199.8791809082,54064000
AAPL,2025-06-25T04:00:00.000Z,201.4499969482,201.5599975586,203.6699981689,200.6199951172,201.1365356445,39525700
AAPL,2025-06-26T04:00:00.000Z,201.4299926758,201.0,202.6399993896,199.4600067139,200.5776977539,50799100
AAPL,2025-06-27T04:00:00.000Z,201.8899993896,201.0800018311,203.2200012207,200.0,200.6575317383,73188600
AAPL,2025-06-30T04:00:00.000Z,202.0099945068,205.1699981689,207.3899993896,199.2599945068,204.7389373779,91912800
AAPL,2025-07-01T04:00:00.000Z,206.6699981689,207.8200073242,210.1900024414,206.1399993896,207.3833770752,78788900
AAPL,2025-07-02T04:00:00.000Z,208.9100036621,212.4400024414,213.3399963379,208.1399993896,211.9936676025,67941800
AAPL,2025-07-03T04:00:00.000Z,212.1499938965,213.5500030518,214.6499938965,211.8099975586,213.101348877,34955800
AAPL,2025-07-07T04:00:00.000Z,212.6799926758,209.9499969482,216.2299957275,208.8000030518,209.508895874,50229000
AAPL,2025-07-08T04:00:00.000Z,210.1000061035,210.0099945068,211.4299926758,208.4499969482,209.5687713623,42848900
AAPL,2025-07-09T04:00:00.000Z,209.5299987793,211.1399993896,211.3300018311,207.2200012207,210.696395874,48749400
AAPL,2025-07-10T04:00:00.000Z,210.5099945068,212.4100036621,213.4799957275,210.0299987793,211.9637298584,44443600
AAPL,2025-07-11T04:00:00.000Z,210.5700073242,211.1600036621,212.1300048828,209.8600006104,210.7163543701,39765800
AAPL,2025-07-14T04:00:00.000Z,209.9299926758,208.6199951172,210.9100036621,207.5399932861,208.1816864014,38840100
AAPL,2025-07-15T04:00:00.000Z,209.2200012207,209.1100006104,211.8899993896,208.9199981689,208.6706695557,42296300
AAPL,2025-07-16T04:00:00.000Z,210.3000030518,210.1600036621,212.3999938965,208.6399993896,209.7184753418,47490500
AAPL,2025-07-17T04:00:00.000Z,210.5700073242,210.0200042725,211.8000030518,209.5899963379,209.5787506104,48068100
AAPL,2025-07-18T04:00:00.000Z,210.8699951172,211.1799926758,211.7899932861,209.6999969482,210.7363128662,48974600
AAPL,2025-07-21T04:00:00.000Z,212.1000061035,212.4799957275,215.7799987793,211.6300048828,212.0335693359,51377400
AAPL,2025-07-22T04:00:00.000Z,213.1399993896,214.3999938965,214.9499969482,212.2299957275,213.9495544434,46404100
AAPL,2025-07-23T04:00:00.000Z,215.0,214.1499938965,215.1499938965,212.4100036621,213.7000732422,46989300
AAPL,2025-07-24T04:00:00.000Z,213.8999938965,213.7599945068,215.6900024414,213.5299987793,213.3108825684,46022600
AAPL,2025-07-25T04:00:00.000Z,214.6999969482,213.8800048828,215.2400054932,213.3999938965,213.4306488037,40268800
AAPL,2025-07-28T04:00:00.000Z,214.0299987793,214.0500030518,214.8500061035,213.0599975586,213.6002960205,37858000
AAPL,2025-07-29T04:00:00.000Z,214.1799926758,211.2700042725,214.8099975586,210.8200073242,210.8261260986,51411700
AAPL,2025-07-30T04:00:00.000Z,211.8999938965,209.0500030518,212.3899993896,207.7200012207,208.6107940674,45512500
AAPL,2025-07-31T04:00:00.000Z,208.4900054932,207.5700073242,209.8399963379,207.1600036621,207.1339111328,80698400
AAPL,2025-08-01T04:00:00.000Z,210.8699951172,202.3800048828,213.5800018311,201.5,201.9548187256,104434500
AAPL,2025-08-04T04:00:00.000Z,204.5099945068,203.3500061035,207.8800048828,201.6799926758,202.9227752686,75109300
AAPL,2025-08-05T04:00:00.000Z,203.3999938965,202.9199981689,205.3399963379,202.1600036621,202.4936676025,44155100
AAPL,2025-08-06T04:00:00.000Z,205.6300048828,213.25,215.3800048828,205.5899963379,212.8019714355,108483100
AAPL,2025-08-07T04:00:00.000Z,218.8800048828,220.0299987793,220.8500061035,216.5800018311,219.5677185059,90224800
AAPL,2025-08-08T04:00:00.000Z,220.8300018311,229.3500061035,231.0,219.25,228.8681488037,113854000
AAPL,2025-08-11T04:00:00.000Z,227.9199981689,227.1799926758,229.5599975586,224.7599945068,226.9599761963,61806100
AAPL,2025-08-12T04:00:00.000Z,228.0099945068,229.6499938965,230.8000030518,227.0700073242,229.4275817871,55626200
AAPL,2025-08-13T04:00:00.000Z,231.0700073242,233.3300018311,235.0,230.4299926758,233.1040344238,69878500
AAPL,2025-08-14T04:00:00.000Z,234.0599975586,232.7799987793,235.1199951172,230.8500061035,232.5545654297,51916300
AAPL,2025-08-15T04:00:00.000Z,234.0,231.5899963379,234.2799987793,229.3399963379,231.3657073975,56038700
AAPL,2025-08-18T04:00:00.000Z,231.6999969482,230.8899993896,233.1199951172,230.1100006104,230.6663970947,37476200
AAPL,2025-08-19T04:00:00.000Z,231.2799987793,230.5599975586,232.8699951172,229.3500061035,230.3367156982,39402600
AAPL,2025-08-20T04:00:00.000Z,229.9799957275,226.0099945068,230.4700012207,225.7700042725,225.7911071777,42263900
AAPL,2025-08-21T04:00:00.000Z,226.2700042725,224.8999938965,226.5200042725,223.7799987793,224.6821899414,30621200
AAPL,2025-08-22T04:00:00.000Z,226.1699981689,227.7599945068,229.0899963379,225.4100036621,227.5394134521,42477800
AAPL,2025-08-25T04:00:00.000Z,226.4799957275,227.1600036621,229.3000030518,226.2299957275,226.9400024414,30983100
AAPL,2025-08-26T04:00:00.000Z,226.8699951172,229.3099975586,229.4900054932,224.6900024414,229.0879211426,54575100
AAPL,2025-08-27T04:00:00.000Z,228.6100006104,230.4900054932,230.8999938965,228.2599945068,230.266784668,31259500
AAPL,2025-08-28T04:00:00.000Z,230.8200073242,232.5599975586,233.4100036621,229.3399963379,232.334777832,38074700
AAPL,2025-08-29T04:00:00.000Z,232.5099945068,232.1399993896,233.3800048828,231.3699951172,231.9151763916,39418400
AAPL,2025-09-02T04:00:00.000Z,229.25,229.7200012207,230.8500061035,226.9700012207,229.4975280762,44075600
AAPL,2025-09-03T04:00:00.000Z,237.2100067139,238.4700012207,238.8500061035,234.3600006104,238.2390594482,66427800
AAPL,2025-09-04T04:00:00.000Z,238.4499969482,239.7799987793,239.8999938965,236.7400054932,239.5477752686,47549400
AAPL,2025-09-05T04:00:00.000Z,240.0,239.6900024414,241.3200073242,238.4900054932,239.4578704834,54870400
AAPL,2025-09-08T04:00:00.000Z,239.3000030518,237.8800048828,240.1499938965,236.3399963379,237.6496276855,48999500
AAPL,2025-09-09T04:00:00.000Z,237.0,234.3500061035,238.7799987793,233.3600006104,234.123046875,66313900
AAPL,2025-09-10T04:00:00.000Z,232.1900024414,226.7899932861,232.4199981689,225.9499969482,226.5703582764,83440800
AAPL,2025-09-11T04:00:00.000Z,226.8800048828,230.0299987793,230.4499969482,226.6499938965,229.807220459,50208600
AAPL,2025-09-12T04:00:00.000Z,229.2200012207,234.0700073242,234.5099945068,229.0200042725,233.8433227539,55824200
AAPL,2025-09-15T04:00:00.000Z,237.0,236.6999969482,238.1900024414,235.0299987793,236.4707641602,42699500
AAPL,2025-09-16T04:00:00.000Z,237.1799926758,238.1499938965,241.2200012207,236.3200073242,237.9193572998,63421100
AAPL,2025-09-17T04:00:00.000Z,238.9700012207,238.9900054932,240.1000061035,237.7299957275,238.7585601807,46508000
AAPL,2025-09-18T04:00:00.000Z,239.9700012207,237.8800048828,241.1999969482,236.6499938965,237.6496276855,44249600
AAPL,2025-09-19T04:00:00.000Z,241.2299957275,245.5,246.3000030518,240.2100067139,245.2622375488,163741300
AAPL,2025-09-22T04:00:00.000Z,248.3000030518,256.0799865723,256.6400146484,248.1199951172,255.8319854736,105517400
AAPL,2025-09-23T04:00:00.000Z,255.8800048828,254.4299926758,257.3399963379,253.5800018311,254.18359375,60275200
AAPL,2025-09-24T04:00:00.000Z,255.2200012207,252.3099975586,255.7400054932,251.0399932861,252.0656433105,42303700
AAPL,2025-09-25T04:00:00.000Z,253.2100067139,256.8699951172,257.1700134277,251.7100067139,256.6212158203,55202100
AAPL,2025-09-26T04:00:00.000Z,254.1000061035,255.4600067139,257.6000061035,253.7799987793,255.212600708,46076300
AAPL,2025-09-29T04:00:00.000Z,254.5599975586,254.4299926758,255.0,253.0099945068,254.18359375,40127700
AAPL,2025-09-30T04:00:00.000Z,254.8600006104,254.6300048828,255.9199981689,253.1100006104,254.3834075928,37704300
AAPL,2025-10-01T04:00:00.000Z,255.0399932861,255.4499969482,258.7900085449,254.9299926758,255.2026062012,48713900
AAPL,2025-10-02T04:00:00.000Z,256.5799865723,257.1300048828,258.1799926758,254.1499938965,256.8809814453,42630200
AAPL,2025-10-03T04:00:00.000Z,254.6699981689,258.0199890137,259.2399902344,253.9499969482,257.770111084,49155600
AAPL,2025-10-06T04:00:00.000Z,257.9899902344,256.6900024414,259.0700073242,255.0500030518,256.44140625,44664100
AAPL,2025-10-07T04:00:00.000Z,256.8099975586,256.4800109863,257.3999938965,255.4299926758,256.231628418,31955800
AAPL,2025-10-08T04:00:00.000Z,256.5199890137,258.0599975586,258.5199890137,256.1099853516,257.8100891113,36496900
AAPL,2025-10-09T04:00:00.000Z,257.8099975586,254.0399932861,258.0,253.1399993896,253.7939605713,38322000
AAPL,2025-10-10T04:00:00.000Z,254.9400024414,245.2700042725,256.3800048828,244.0,245.0324707031,61999100
AAPL,2025-10-13T04:00:00.000Z,249.3800048828,247.6600036621,249.6900024414,245.5599975586,247.4201507568,38142900
AAPL,2025-10-14T04:00:00.000Z,246.6000061035,247.7700042725,248.8500061035,244.6999969482,247.5300445557,35478000
AAPL,2025-10-15T04:00:00.000Z,249.4900054932,249.3399963379,251.8200073242,247.4700012207,249.098526001,33893600
AAPL,2025-10-16T04:00:00.000Z,248.25,247.4499969482,249.0399932861,245.1300048828,247.210357666,39777000
AAPL,2025-10-17T04:00:00.000Z,248.0200042725,252.2899932861,253.3800048828,247.2700042725,252.0456542969,49147000
AAPL,2025-10-20T04:00:00.000Z,255.8899993896,262.2399902344,264.3800048828,255.6300048828,261.9860229492,90483000
AAPL,2025-10-21T04:00:00.000Z,261.8800048828,262.7699890137,265.2900085449,261.8299865723,262.5155029297,46695900
AAPL,2025-10-22T04:00:00.000Z,262.6499938965,258.450012207,262.8500061035,255.4299926758,258.1997070312,45015300
AAPL,2025-10-23T04:00:00.000Z,259.9400024414,259.5799865723,260.6199951172,258.0100097656,259.3285827637,32754900
AAPL,2025-10-24T04:00:00.000Z,261.1900024414,262.8200073242,264.1300048828,259.1799926758,262.5654907227,38253700
AAPL,2025-10-27T04:00:00.000Z,264.8800048828,268.8099975586,269.1199951172,264.6499938965,268.5496520996,44888200
AAPL,2025-10-28T04:00:00.000Z,268.9899902344,269.0,269.8900146484,268.1499938965,268.7394714355,41534800
AAPL,2025-10-29T04:00:00.000Z,269.2799987793,269.700012207,271.4100036621,267.1099853516,269.4388122559,51086700
AAPL,2025-10-30T04:00:00.000Z,271.9899902344,271.3999938965,274.1400146484,268.4800109863,271.1371459961,69886500
AAPL,2025-10-31T04:00:00.000Z,276.9899902344,270.3699951172,277.3200073242,269.1600036621,270.1081542969,86167100
AAPL,2025-11-03T05:00:00.000Z,270.4200134277,269.049987793,270.8500061035,266.25,268.7894287109,50194600
AAPL,2025-11-04T05:00:00.000Z,268.3299865723,270.0400085449,271.4899902344,267.6199951172,269.7784729004,49274800
AAPL,2025-11-05T05:00:00.000Z,268.6099853516,270.1400146484,271.700012207,266.9299926758,269.8783874512,43683100
AAPL,2025-11-06T05:00:00.000Z,267.8900146484,269.7699890137,273.3999938965,267.8900146484,269.5087280273,51204000
AAPL,2025-11-07T05:00:00.000Z,269.799987793,268.4700012207,272.2900085449,266.7699890137,268.2099914551,48227400
AAPL,2025-11-10T05:00:00.000Z,268.9599914551,269.4299926758,273.7300109863,267.4599914551,269.4299926758,41312400
AAPL,2025-11-11T05:00:00.000Z,269.8099975586,275.25,275.9100036621,269.799987793,275.25,46208300
AAPL,2025-11-12T05:00:00.000Z,275.0,273.4700012207,275.7300109863,271.700012207,273.4700012207,48398000
AAPL,2025-11-13T05:00:00.000Z,274.1099853516,272.950012207,276.700012207,272.0899963379,272.950012207,49602800
AAPL,2025-11-14T05:00:00.000Z,271.049987793,272.4100036621,275.9599914551,269.6000061035,272.4100036621,47431300
AAPL,2025-11-17T05:00:00.000Z,268.8200073242,267.4599914551,270.4899902344,265.7300109863,267.4599914551,45018300
AAPL,2025-11-18T05:00:00.000Z,269.9899902344,267.4400024414,270.7099914551,265.3200073242,267.4400024414,45677300
AAPL,2025-11-19T05:00:00.000Z,265.5299987793,268.5599975586,272.2099914551,265.5,268.5599975586,40424500
AAPL,2025-11-20T05:00:00.000Z,270.8299865723,266.25,275.4299926758,265.9200134277,266.25,45823600
AAPL,2025-11-21T05:00:00.000Z,265.950012207,271.4899902344,273.3299865723,265.6700134277,271.4899902344,59030800
AAPL,2025-11-24T05:00:00.000Z,270.8999938965,275.9200134277,277.0,270.8999938965,275.9200134277,65585800
AAPL,2025-11-25T05:00:00.000Z,275.2699890137,276.9700012207,280.3800048828,275.25,276.9700012207,46914200
AAPL,2025-11-26T05:00:00.000Z,276.9599914551,277.549987793,279.5299987793,276.6300048828,277.549987793,33431400
AAPL,2025-11-28T05:00:00.000Z,277.2600097656,278.8500061035,279.0,275.9899902344,278.8500061035,20135600
AAPL,2025-12-01T05:00:00.000Z,278.0100097656,283.1000061035,283.4200134277,276.1400146484,283.1000061035,46587700
AAPL,2025-12-02T05:00:00.000Z,283.0,286.1900024414,287.3999938965,282.6300048828,286.1900024414,53669500
AAPL,2025-12-03T05:00:00.000Z,286.200012207,284.1499938965,288.6199951172,283.299987793,284.1499938965,43538700
AAPL,2025-12-04T05:00:00.000Z,284.1000061035,280.700012207,284.7300109863,278.5899963379,280.700012207,43989100
AAPL,2025-12-05T05:00:00.000Z,280.5400085449,278.7799987793,281.1400146484,278.049987793,278.7799987793,47265800
AAPL,2025-12-08T05:00:00.000Z,278.1300048828,277.8900146484,279.6700134277,276.1499938965,277.8900146484,38211800
AAPL,2025-12-09T05:00:00.000Z,278.1600036621,277.1799926758,280.0299987793,276.9200134277,277.1799926758,32193300
AAPL,2025-12-10T05:00:00.000Z,277.75,278.7799987793,279.75,276.4400024414,278.7799987793,33038300
AAPL,2025-12-11T05:00:00.000Z,279.1000061035,278.0299987793,279.5899963379,273.8099975586,278.0299987793,33248000
AAPL,2025-12-12T05:00:00.000Z,277.8999938965,278.2799987793,279.2200012207,276.8200073242,278.2799987793,39532900
AAPL,2025-12-15T05:00:00.000Z,280.1499938965,274.1099853516,280.1499938965,272.8399963379,274.1099853516,50409100
AAPL,2025-12-16T05:00:00.000Z,272.8200073242,274.6099853516,275.5,271.7900085449,274.6099853516,37648600
AAPL,2025-12-17T05:00:00.000Z,275.0100097656,271.8399963379,276.1600036621,271.6400146484,271.8399963379,50138700
AAPL,2025-12-18T05:00:00.000Z,273.6099853516,272.1900024414,273.6300048828,266.950012207,272.1900024414,51630700
AAPL,2025-12-19T05:00:00.000Z,272.1499938965,273.6700134277,274.6000061035,269.8999938965,273.6700134277,144632000
AAPL,2025-12-22T05:00:00.000Z,272.8599853516,270.9700012207,273.8800048828,270.5100097656,270.9700012207,36571800
AAPL,2025-12-23T05:00:00.000Z,270.8399963379,272.3599853516,272.5,269.5599975586,272.3599853516,29642000
AAPL,2025-12-24T05:00:00.000Z,272.3399963379,273.8099975586,275.4299926758,272.200012207,273.8099975586,17910600
AAPL,2025-12-26T05:00:00.000Z,274.1600036621,273.3999938965,275.3699951172,272.8599853516,273.3999938965,21521800
AAPL,2025-12-29T05:00:00.000Z,272.6900024414,273.7600097656,274.3599853516,272.3500061035,273.7600097656,23715200
AAPL,2025-12-30T05:00:00.000Z,272.8099975586,273.0799865723,274.0799865723,272.2799987793,273.0799865723,22139600
AAPL,2025-12-31T05:00:00.000Z,273.0599975586,271.8599853516,273.6799926758,271.75,271.8599853516,27293600
AAPL,2026-01-02T05:00:00.000Z,272.2600097656,271.0100097656,277.8399963379,269.0,271.0100097656,37838100
AAPL,2026-01-05T05:00:00.000Z,270.6400146484,267.2600097656,271.5100097656,266.1400146484,267.2600097656,45647200
AAPL,2026-01-06T05:00:00.000Z,267.0,262.3599853516,267.549987793,262.1199951172,262.3599853516,52352100
AAPL,2026-01-07T05:00:00.000Z,263.200012207,260.3299865723,263.6799926758,259.8099975586,260.3299865723,48309800
AAPL,2026-01-08T05:00:00.000Z,257.0199890137,259.0400085449,259.2900085449,255.6999969482,259.0400085449,50419300
AAPL,2026-01-09T05:00:00.000Z,259.0799865723,259.3699951172,260.2099914551,256.2200012207,259.3699951172,39952300
MSFT,2024-01-10T05:00:00.000Z,376.3699951172,382.7699890137,384.1700134277,376.3200073242,377.1467895508,25514200
MSFT,2024-01-11T05:00:00.000Z,386.0,384.6300048828,390.6799926758,380.3800048828,378.9794616699,27850800
MSFT,2024-01-12T05:00:00.000Z,385.4899902344,388.4700012207,388.6799926758,384.6499938965,382.7630310059,21661200
MSFT,2024-01-16T05:00:00.000Z,393.6600036621,390.2699890137,394.0299987793,387.6199951172,384.5366210938,27202300
MSFT,2024-01-17T05:00:00.000Z,387.9800109863,389.4700012207,390.1099853516,384.8099975586,383.7483825684,22234100
MSFT,2024-01-18T05:00:00.000Z,391.7200012207,393.8699951172,393.9899902344,390.1199951172,388.0837097168,23392100
MSFT,2024-01-19T05:00:00.000Z,395.7600097656,398.6700134277,398.6700134277,393.5,392.8132019043,29331100
MSFT,2024-01-22T05:00:00.000Z,400.0199890137,396.5100097656,400.6199951172,393.5899963379,390.6849365234,27016900
MSFT,2024-01-23T05:00:00.000Z,395.75,398.8999938965,399.3800048828,393.9299926758,393.0398254395,20525900
MSFT,2024-01-24T05:00:00.000Z,401.5400085449,402.5599975586,405.6300048828,400.450012207,396.6461181641,24867000
MSFT,2024-01-25T05:00:00.000Z,404.3200073242,404.8699951172,407.0100097656,402.5299987793,398.9221191406,21021200
MSFT,2024-01-26T05:00:00.000Z,404.3699951172,403.9299926758,406.1700134277,402.4299926758,397.9959411621,17803300
MSFT,2024-01-29T05:00:00.000Z,406.0599975586,409.7200012207,409.9800109863,404.3299865723,403.7008666992,24510200
MSFT,2024-01-30T05:00:00.000Z,412.2600097656,408.5899963379,413.049987793,406.450012207,402.5874633789,33477600
MSFT,2024-01-31T05:00:00.000Z,406.9599914551,397.5799865723,415.3200073242,397.2099914551,391.7392272949,47871100
MSFT,2024-02-01T05:00:00.000Z,401.8299865723,403.7799987793,408.0,401.799987793,397.8481445312,30657700
MSFT,2024-02-02T05:00:00.000Z,403.8099975586,411.2200012207,412.6499938965,403.5599975586,405.1788635254,28256700
MSFT,2024-02-05T05:00:00.000Z,409.8999938965,405.6499938965,411.1600036621,403.9899902344,399.6906738281,25352300
MSFT,2024-02-06T05:00:00.000Z,405.8800048828,405.4899902344,407.9700012207,402.9100036621,399.532989502,18382600
MSFT,2024-02-07T05:00:00.000Z,407.4400024414,414.049987793,414.299987793,407.3999938965,407.9672546387,22340500
MSFT,2024-02-08T05:00:00.000Z,414.049987793,414.1099853516,415.5599975586,412.5299987793,408.0263671875,21225300
MSFT,2024-02-09T05:00:00.000Z,415.25,420.549987793,420.8200073242,415.0899963379,414.3717651367,22032800
MSFT,2024-02-12T05:00:00.000Z,420.5599975586,415.2600097656,420.7399902344,414.75,409.1595153809,21202900
MSFT,2024-02-13T05:00:00.000Z,404.9400024414,406.3200073242,410.0700073242,403.3900146484,400.3508605957,27824900
MSFT,2024-02-14T05:00:00.000Z,408.0700073242,409.4899902344,409.8399963379,404.5700073242,404.2203369141,20401200
MSFT,2024-02-15T05:00:00.000Z,408.1400146484,406.5599975586,409.1300048828,404.2900085449,401.3280944824,21825500
MSFT,2024-02-16T05:00:00.000Z,407.9599914551,404.0599975586,408.2900085449,403.4400024414,398.8602905273,22296500
MSFT,2024-02-20T05:00:00.000Z,403.2399902344,402.7900085449,404.4899902344,398.0100097656,397.606628418,24307900
MSFT,2024-02-21T05:00:00.000Z,400.1700134277,402.1799926758,402.2900085449,397.2200012207,397.0044555664,18518900
MSFT,2024-02-22T05:00:00.000Z,410.1900024414,411.6499938965,412.8299865723,408.5700073242,406.3526000977,27009900
MSFT,2024-02-23T05:00:00.000Z,415.6700134277,410.3399963379,415.8599853516,408.9700012207,405.0594482422,16295900
MSFT,2024-02-26T05:00:00.000Z,411.4599914551,407.5400085449,412.1600036621,407.3599853516,402.2954711914,16193500
MSFT,2024-02-27T05:00:00.000Z,407.9899902344,407.4800109863,408.3200073242,403.8500061035,402.2362670898,14835800
MSFT,2024-02-28T05:00:00.000Z,408.1799926758,407.7200012207,409.299987793,405.3200073242,402.4731750488,13183100
MSFT,2024-02-29T05:00:00.000Z,408.6400146484,413.6400146484,414.200012207,405.9200134277,408.3169555664,31947300
MSFT,2024-03-01T05:00:00.000Z,411.2699890137,415.5,415.8699951172,410.8800048828,410.1530761719,17823400
MSFT,2024-03-04T05:00:00.000Z,413.4400024414,414.9200134277,417.3500061035,412.3200073242,409.5804748535,17596000
MSFT,2024-03-05T05:00:00.000Z,413.9599914551,402.6499938965,414.25,400.6400146484,397.4684143066,26919200
MSFT,2024-03-06T05:00:00.000Z,402.9700012207,402.0899963379,405.1600036621,398.3900146484,396.9156188965,22344100
MSFT,2024-03-07T05:00:00.000Z,406.1199951172,409.1400146484,409.7799987793,402.2399902344,403.8748779297,18718500
MSFT,2024-03-08T05:00:00.000Z,407.9599914551,406.2200012207,410.4200134277,404.3299865723,400.9924926758,18002200
MSFT,2024-03-11T04:00:00.000Z,403.7600097656,404.5199890137,405.6799926758,401.2600097656,399.3143615723,16120800
MSFT,2024-03-12T04:00:00.000Z,407.6199951172,415.2799987793,415.5700073242,406.7900085449,409.9358825684,22457000
MSFT,2024-03-13T04:00:00.000Z,418.1000061035,415.1000061035,418.1799926758,411.450012207,409.7581787109,17115900
MSFT,2024-03-14T04:00:00.000Z,420.2399902344,425.2200012207,427.8200073242,417.9899902344,419.7479553223,34157300
MSFT,2024-03-15T04:00:00.000Z,419.2900085449,416.4200134277,422.6000061035,412.7900085449,411.0612182617,45079900
MSFT,2024-03-18T04:00:00.000Z,414.25,417.3200073242,420.7300109863,413.7799987793,411.9496459961,20106000
MSFT,2024-03-19T04:00:00.000Z,417.8299865723,421.4100036621,421.6700134277,415.549987793,415.9869995117,19837900
MSFT,2024-03-20T04:00:00.000Z,422.0,425.2300109863,425.9599914551,420.6600036621,419.7578125,17860100
MSFT,2024-03-21T04:00:00.000Z,429.8299865723,429.3699951172,430.8200073242,427.1600036621,423.844543457,21296200
MSFT,2024-03-22T04:00:00.000Z,429.700012207,428.7399902344,429.8599853516,426.0700073242,423.2226867676,17648500
MSFT,2024-03-25T04:00:00.000Z,425.2399902344,422.8599853516,427.4100036621,421.6099853516,417.4183349609,18060500
MSFT,2024-03-26T04:00:00.000Z,425.6099853516,421.6499938965,425.9899902344,421.3500061035,416.2239074707,16725600
MSFT,2024-03-27T04:00:00.000Z,424.4400024414,421.4299926758,424.450012207,419.0100097656,416.0067138672,16705000
MSFT,2024-03-28T04:00:00.000Z,420.9599914551,420.7200012207,421.8699951172,419.1199951172,415.3058776855,21871200
MSFT,2024-04-01T04:00:00.000Z,423.950012207,424.5700073242,427.8900146484,422.2200012207,419.1063537598,16316000
MSFT,2024-04-02T04:00:00.000Z,420.1099853516,421.4400024414,422.3800048828,417.8399963379,416.0166015625,17912000
MSFT,2024-04-03T04:00:00.000Z,419.7300109863,420.450012207,423.2600097656,419.0899963379,415.0393066406,16502300
MSFT,2024-04-04T04:00:00.000Z,424.9899902344,417.8800048828,428.6700134277,417.5700073242,412.5024108887,19370900
MSFT,2024-04-05T04:00:00.000Z,420.0100097656,425.5199890137,426.5100097656,418.3200073242,420.044128418,16554800
MSFT,2024-04-08T04:00:00.000Z,425.1700134277,424.5899963379,427.2799987793,423.299987793,419.1260986328,14272400
MSFT,2024-04-09T04:00:00.000Z,426.4400024414,426.2799987793,427.7399902344,421.6199951172,420.7942810059,12496900
MSFT,2024-04-10T04:00:00.000Z,422.1900024414,423.2600097656,424.0299987793,419.700012207,417.8131713867,16216600
MSFT,2024-04-11T04:00:00.000Z,425.8200073242,427.9299926758,429.3699951172,422.3599853516,422.423034668,17966400
MSFT,2024-04-12T04:00:00.000Z,424.049987793,421.8999938965,425.1799926758,419.7699890137,416.4706726074,19253800
MSFT,2024-04-15T04:00:00.000Z,426.6000061035,413.6400146484,426.8200073242,413.4299926758,408.3169555664,20273500
MSFT,2024-04-16T04:00:00.000Z,414.5700073242,414.5799865723,418.3999938965,413.7300109863,409.2448730469,16765600
MSFT,2024-04-17T04:00:00.000Z,417.25,411.8399963379,418.8800048828,410.3299865723,406.5401611328,15855500
MSFT,2024-04-18T04:00:00.000Z,410.6300048828,404.2699890137,411.8900146484,403.950012207,399.0675354004,21029900
MSFT,2024-04-19T04:00:00.000Z,404.0299987793,399.1199951172,405.4800109863,397.7699890137,393.9838562012,30565800
MSFT,2024-04-22T04:00:00.000Z,400.0799865723,400.9599914551,402.8500061035,395.75,395.8001098633,20286900
MSFT,2024-04-23T04:00:00.000Z,404.2399902344,407.5700073242,408.200012207,403.0599975586,402.3251342773,15734500
MSFT,2024-04-24T04:00:00.000Z,409.5599975586,409.0599975586,412.4700012207,406.7799987793,403.7958679199,15065300
MSFT,2024-04-25T04:00:00.000Z,394.0299987793,399.0400085449,399.8900146484,388.0299987793,393.904876709,40586500
MSFT,2024-04-26T04:00:00.000Z,412.1700134277,406.3200073242,413.0,405.7600097656,401.091217041,29694700
MSFT,2024-04-29T04:00:00.000Z,405.25,402.25,406.3200073242,399.1900024414,397.0735168457,19582100
MSFT,2024-04-30T04:00:00.000Z,401.4899902344,389.3299865723,402.1600036621,389.1700134277,384.3197937012,28781400
MSFT,2024-05-01T04:00:00.000Z,392.6099853516,394.9400024414,401.7200012207,390.3099975586,389.857635498,23562500
MSFT,2024-05-02T04:00:00.000Z,397.6600036621,397.8399963379,399.9299926758,394.6499938965,392.7202758789,17709400
MSFT,2024-05-03T04:00:00.000Z,402.2799987793,406.6600036621,407.1499938965,401.8599853516,401.4268188477,17446700
MSFT,2024-05-06T04:00:00.000Z,408.7600097656,413.5400085449,413.9299926758,406.3699951172,408.2182922363,16996600
MSFT,2024-05-07T04:00:00.000Z,414.6600036621,409.3399963379,414.6700134277,409.0899963379,404.0722961426,20018200
MSFT,2024-05-08T04:00:00.000Z,408.1700134277,410.5400085449,412.2300109863,406.7099914551,405.2568664551,11792300
MSFT,2024-05-09T04:00:00.000Z,410.5700073242,412.3200073242,412.7200012207,409.1000061035,407.0139770508,14689700
MSFT,2024-05-10T04:00:00.000Z,412.9400024414,414.7399902344,415.3800048828,411.799987793,409.4028015137,13402300
MSFT,2024-05-13T04:00:00.000Z,418.0100097656,413.7200012207,418.3500061035,410.8200073242,408.3959655762,15440200
MSFT,2024-05-14T04:00:00.000Z,412.0199890137,416.5599975586,417.4899902344,411.549987793,411.1994018555,15109300
MSFT,2024-05-15T04:00:00.000Z,417.8999938965,423.0799865723,423.8099975586,417.2699890137,418.3887939453,22239500
MSFT,2024-05-16T04:00:00.000Z,421.799987793,420.9899902344,425.4200134277,420.3500061035,416.3219299316,17530100
MSFT,2024-05-17T04:00:00.000Z,422.5400085449,420.2099914551,422.9200134277,418.0299987793,415.5506286621,15352200
MSFT,2024-05-20T04:00:00.000Z,420.2099914551,425.3399963379,426.7699890137,419.9899902344,420.6237792969,16272100
MSFT,2024-05-21T04:00:00.000Z,426.8299865723,429.0400085449,432.9700012207,424.8500061035,424.2827148438,21453300
MSFT,2024-05-22T04:00:00.000Z,430.0899963379,430.5199890137,432.4100036621,427.1300048828,425.746307373,18073700
MSFT,2024-05-23T04:00:00.000Z,432.9700012207,427.0,433.6000061035,425.4200134277,422.2653503418,17211700
MSFT,2024-05-24T04:00:00.000Z,427.1900024414,430.1600036621,431.0599975586,424.4100036621,425.3903198242,11855300
MSFT,2024-05-28T04:00:00.000Z,429.6300048828,430.3200073242,430.8200073242,426.6000061035,425.5484924316,15718000
MSFT,2024-05-29T04:00:00.000Z,425.6900024414,429.1700134277,430.9400024414,425.6900024414,424.411315918,15517100
MSFT,2024-05-30T04:00:00.000Z,424.299987793,414.6700134277,424.299987793,414.2399902344,410.072052002,28394500
MSFT,2024-05-31T04:00:00.000Z,416.75,415.1300048828,416.75,404.5100097656,410.5269775391,47995300
MSFT,2024-06-03T04:00:00.000Z,415.5299987793,413.5199890137,416.4299926758,408.9200134277,408.9347839355,17484700
MSFT,2024-06-04T04:00:00.000Z,412.4299926758,416.0700073242,416.4400024414,409.6799926758,411.4565124512,14348900
MSFT,2024-06-05T04:00:00.000Z,417.8099975586,424.0100097656,424.0799865723,416.299987793,419.3085327148,16988000
MSFT,2024-06-06T04:00:00.000Z,424.0100097656,424.5199890137,425.3099975586,420.5799865723,419.8128356934,14861300
MSFT,2024-06-07T04:00:00.000Z,426.200012207,423.8500061035,426.2799987793,423.0,419.1502685547,13621700
MSFT,2024-06-10T04:00:00.000Z,424.700012207,427.8699951172,428.0799865723,423.8900146484,423.1256713867,13982900
MSFT,2024-06-11T04:00:00.000Z,425.4800109863,432.6799926758,432.8200073242,425.25,427.8823242188,14551100
MSFT,2024-06-12T04:00:00.000Z,435.3200073242,441.0599975586,443.3999938965,433.25,436.1694641113,22366200
MSFT,2024-06-13T04:00:00.000Z,440.8500061035,441.5799865723,443.3900146484,439.3699951172,436.6836547852,15960600
MSFT,2024-06-14T04:00:00.000Z,438.2799987793,442.5700073242,443.1400146484,436.7200012207,437.662689209,13582000
MSFT,2024-06-17T04:00:00.000Z,442.5899963379,448.3699951172,450.9400024414,440.7200012207,443.3983459473,20790000
MSFT,2024-06-18T04:00:00.000Z,449.7099914551,446.3399963379,450.1400146484,444.8900146484,441.3908996582,17112500
MSFT,2024-06-20T04:00:00.000Z,446.299987793,445.700012207,446.5299987793,441.2699890137,440.7579956055,19877400
MSFT,2024-06-21T04:00:00.000Z,447.3800048828,449.7799987793,450.5799865723,446.5100097656,444.7927246094,34187100
MSFT,2024-06-24T04:00:00.000Z,449.799987793,447.6700134277,452.75,446.4100036621,442.7061767578,15913700
MSFT,2024-06-25T04:00:00.000Z,448.25,450.950012207,451.4200134277,446.75,445.949798584,16413400
MSFT,2024-06-26T04:00:00.000Z,449.0,452.1600036621,453.6000061035,448.1900024414,447.1463623047,16507000
MSFT,2024-06-27T04:00:00.000Z,452.1799926758,452.8500061035,456.1700134277,451.7699890137,447.8287353516,14806300
MSFT,2024-06-28T04:00:00.000Z,453.0700073242,446.950012207,455.3800048828,446.4100036621,441.994140625,28362300
MSFT,2024-07-01T04:00:00.000Z,448.6600036621,456.7300109863,457.3699951172,445.6600036621,451.6657104492,17662800
MSFT,2024-07-02T04:00:00.000Z,453.200012207,459.2799987793,459.5899963379,453.1099853516,454.1874084473,13979800
MSFT,2024-07-03T04:00:00.000Z,458.1900024414,460.7699890137,461.0199890137,457.8800048828,455.6608581543,9932800
MSFT,2024-07-05T04:00:00.000Z,459.6099853516,467.5599975586,468.3500061035,458.9700012207,462.375579834,16000300
MSFT,2024-07-08T04:00:00.000Z,466.549987793,466.2399902344,467.700012207,464.4599914551,461.0702209473,12962300
MSFT,2024-07-09T04:00:00.000Z,467.0,459.5400085449,467.3299865723,458.0,454.444519043,17207200
MSFT,2024-07-10T04:00:00.000Z,461.2200012207,466.25,466.4599914551,458.8599853516,461.0801086426,18196100
MSFT,2024-07-11T04:00:00.000Z,462.9800109863,454.700012207,464.7799987793,451.549987793,449.6582336426,23111200
MSFT,2024-07-12T04:00:00.000Z,454.3299865723,453.549987793,456.3599853516,450.6499938965,448.5209655762,16324300
MSFT,2024-07-15T04:00:00.000Z,453.299987793,453.9599914551,457.2600097656,451.4299926758,448.9263916016,14429400
MSFT,2024-07-16T04:00:00.000Z,454.2200012207,449.5199890137,454.299987793,446.6600036621,444.5356445312,17175700
MSFT,2024-07-17T04:00:00.000Z,442.5899963379,443.5199890137,444.8500061035,439.1799926758,438.6021728516,21778000
MSFT,2024-07-18T04:00:00.000Z,444.3399963379,440.3699951172,444.6499938965,434.3999938965,435.4870605469,20794800
MSFT,2024-07-19T04:00:00.000Z,433.1000061035,437.1099853516,441.1400146484,432.0,432.2632141113,20940400
MSFT,2024-07-22T04:00:00.000Z,441.7900085449,442.9400024414,444.6000061035,438.9100036621,438.0286254883,15808800
MSFT,2024-07-23T04:00:00.000Z,443.8999938965,444.8500061035,448.3900146484,443.1000061035,439.917388916,13107100
MSFT,2024-07-24T04:00:00.000Z,440.450012207,428.8999938965,441.4800109863,427.5899963379,424.1442260742,26805800
MSFT,2024-07-25T04:00:00.000Z,428.799987793,418.3999938965,429.799987793,417.5100097656,413.7606811523,29943800
MSFT,2024-07-26T04:00:00.000Z,418.200012207,425.2699890137,428.9200134277,417.2699890137,420.5545043945,23583800
MSFT,2024-07-29T04:00:00.000Z,431.5799865723,426.7300109863,432.1499938965,424.700012207,421.9983215332,15125800
MSFT,2024-07-30T04:00:00.000Z,427.7200012207,422.9200134277,429.049987793,417.3599853516,418.2305603027,32687600
MSFT,2024-07-31T04:00:00.000Z,420.5,418.3500061035,421.7799987793,412.2099914551,413.7112426758,42891400
MSFT,2024-08-01T04:00:00.000Z,420.7900085449,417.1099853516,427.4599914551,413.0899963379,412.484954834,30296400
MSFT,2024-08-02T04:00:00.000Z,412.4899902344,408.4899902344,415.0,404.3399963379,403.9605407715,29437900
MSFT,2024-08-05T04:00:00.000Z,389.1700134277,395.1499938965,401.0400085449,385.5799865723,390.7684326172,40709200
MSFT,2024-08-06T04:00:00.000Z,400.0,399.6099853516,405.6700134277,398.5,395.1790466309,24946500
MSFT,2024-08-07T04:00:00.000Z,408.6400146484,398.4299926758,410.0799865723,397.4700012207,394.0121765137,20650900
MSFT,2024-08-08T04:00:00.000Z,402.4400024414,402.6900024414,405.8599853516,399.9400024414,398.2248840332,20203000
MSFT,2024-08-09T04:00:00.000Z,404.0299987793,406.0199890137,408.049987793,402.2600097656,401.5179443359,19276700
MSFT,2024-08-12T04:00:00.000Z,407.0599975586,406.8099975586,408.7600097656,404.2399902344,402.2991943359,16762900
MSFT,2024-08-13T04:00:00.000Z,409.5899963379,414.0100097656,414.950012207,409.5700073242,409.4194030762,19414300
MSFT,2024-08-14T04:00:00.000Z,414.799987793,416.8599853516,417.7200012207,412.450012207,412.2377624512,18267000
MSFT,2024-08-15T04:00:00.000Z,419.799987793,421.0299987793,421.1099853516,417.6600036621,417.1119689941,20752100
MSFT,2024-08-16T04:00:00.000Z,420.6000061035,418.4700012207,421.3399963379,417.299987793,414.5757751465,22775600
MSFT,2024-08-19T04:00:00.000Z,418.9599914551,421.5299987793,421.75,416.4599914551,417.6072998047,15234000
MSFT,2024-08-20T04:00:00.000Z,421.700012207,424.799987793,425.8599853516,421.6400146484,420.8469238281,16387600
MSFT,2024-08-21T04:00:00.000Z,424.0799865723,424.1400146484,426.3999938965,421.7200012207,420.1930847168,16067300
MSFT,2024-08-22T04:00:00.000Z,424.3599853516,415.549987793,426.7900085449,414.6099853516,411.6829833984,19361900
MSFT,2024-08-23T04:00:00.000Z,416.9800109863,416.7900085449,419.2600097656,412.0899963379,412.9114379883,18493800
MSFT,2024-08-26T04:00:00.000Z,416.3699951172,413.4899902344,417.2799987793,411.3399963379,409.6421508789,13152800
MSFT,2024-08-27T04:00:00.000Z,412.8599853516,413.8399963379,414.3599853516,410.25,409.9888916016,13492900
MSFT,2024-08-28T04:00:00.000Z,414.8800048828,410.6000061035,415.0,407.3099975586,406.7790527344,14882700
MSFT,2024-08-29T04:00:00.000Z,414.9400024414,413.1199951172,422.049987793,410.6000061035,409.2755737305,17045200
MSFT,2024-08-30T04:00:00.000Z,415.6000061035,417.1400146484,417.4899902344,412.1300048828,413.2581787109,24308300
MSFT,2024-09-03T04:00:00.000Z,417.9100036621,409.4400024414,419.8800048828,407.0299987793,405.6298217773,20313600
MSFT,2024-09-04T04:00:00.000Z,405.9100036621,408.8999938965,411.2399902344,404.3699951172,405.0948791504,15135800
MSFT,2024-09-05T04:00:00.000Z,407.6199951172,408.3900146484,413.1000061035,406.1300048828,404.5895996094,14195500
MSFT,2024-09-06T04:00:00.000Z,409.0599975586,401.700012207,410.6499938965,400.799987793,397.9618835449,19609500
MSFT,2024-09-09T04:00:00.000Z,407.2399902344,405.7200012207,408.6499938965,402.1499938965,401.9444274902,15295100
MSFT,2024-09-10T04:00:00.000Z,408.200012207,414.200012207,416.3299865723,407.700012207,410.3455200195,19594300
MSFT,2024-09-11T04:00:00.000Z,415.5,423.0400085449,423.9899902344,409.5799865723,419.103302002,19266900
MSFT,2024-09-12T04:00:00.000Z,423.3099975586,427.0,427.3699951172,419.75,423.0264282227,17395700
MSFT,2024-09-13T04:00:00.000Z,425.8299865723,430.5899963379,431.8299865723,425.4599914551,426.5830078125,15874600
MSFT,2024-09-16T04:00:00.000Z,430.6000061035,431.3399963379,433.5299987793,428.2200012207,427.3260498047,13834700
MSFT,2024-09-17T04:00:00.000Z,440.2300109863,435.1499938965,441.8500061035,432.2699890137,431.1005859375,18874200
MSFT,2024-09-18T04:00:00.000Z,435.0,430.8099975586,436.0299987793,430.4100036621,426.8009338379,18898000
MSFT,2024-09-19T04:00:00.000Z,441.2300109863,438.6900024414,441.5,436.8999938965,434.607635498,21706600
MSFT,2024-09-20T04:00:00.000Z,437.2200012207,435.2699890137,439.2399902344,434.2200012207,431.2194519043,55167100
MSFT,2024-09-23T04:00:00.000Z,434.2799987793,433.5100097656,436.4599914551,430.3900146484,429.4758605957,15128900
MSFT,2024-09-24T04:00:00.000Z,433.0,429.1700134277,433.3500061035,426.1000061035,425.1762695312,17015800
MSFT,2024-09-25T04:00:00.000Z,429.8299865723,432.1099853516,433.1199951172,428.5700073242,428.0888671875,13396400
MSFT,2024-09-26T04:00:00.000Z,435.0899963379,431.3099975586,435.299987793,429.1300048828,427.2963256836,14492000
MSFT,2024-09-27T04:00:00.000Z,431.5199890137,428.0199890137,431.8500061035,427.4700012207,424.0369262695,14896100
MSFT,2024-09-30T04:00:00.000Z,428.2099914551,430.299987793,430.4200134277,425.3699951172,426.295715332,16807300
MSFT,2024-10-01T04:00:00.000Z,428.450012207,420.6900024414,428.4800109863,418.8099975586,416.7751464844,19092900
MSFT,2024-10-02T04:00:00.000Z,422.5799865723,417.1300048828,422.8200073242,416.7099914551,413.2482910156,16582300
MSFT,2024-10-03T04:00:00.000Z,417.6300048828,416.5400085449,419.549987793,414.2900085449,412.6637573242,13686400
MSFT,2024-10-04T04:00:00.000Z,418.2399902344,416.0599975586,419.75,414.9700012207,412.1882629395,19169700
MSFT,2024-10-07T04:00:00.000Z,416.0,409.5400085449,417.1099853516,409.0,405.7289123535,20919800
MSFT,2024-10-08T04:00:00.000Z,410.8999938965,414.7099914551,415.6600036621,408.1700134277,410.850769043,19229300
MSFT,2024-10-09T04:00:00.000Z,415.8599853516,417.4599914551,420.3800048828,414.299987793,413.5751953125,14974300
MSFT,2024-10-10T04:00:00.000Z,415.2300109863,415.8399963379,417.3500061035,413.1499938965,411.9702758789,13848400
MSFT,2024-10-11T04:00:00.000Z,416.1400146484,416.3200073242,417.1300048828,413.25,412.4458312988,14144900
MSFT,2024-10-14T04:00:00.000Z,417.7699890137,419.1400146484,424.0400085449,417.5199890137,415.2395629883,16653100
MSFT,2024-10-15T04:00:00.000Z,422.1799926758,418.7399902344,422.4800109863,415.2600097656,414.8432922363,18900200
MSFT,2024-10-16T04:00:00.000Z,415.1700134277,416.1199951172,416.3599853516,410.4800109863,412.2476806641,15508900
MSFT,2024-10-17T04:00:00.000Z,422.3599853516,416.7200012207,422.5,415.5899963379,412.8421020508,14820000
MSFT,2024-10-18T04:00:00.000Z,417.1400146484,418.1600036621,419.6499938965,416.2600097656,414.2687072754,17145300
MSFT,2024-10-21T04:00:00.000Z,416.1199951172,418.7799987793,418.9599914551,413.75,414.8829040527,14206100
MSFT,2024-10-22T04:00:00.000Z,418.4899902344,427.5100097656,430.5799865723,418.0400085449,423.5317077637,25482200
MSFT,2024-10-23T04:00:00.000Z,430.8599853516,424.6000061035,431.0799865723,422.5299987793,420.6487731934,19654400
MSFT,2024-10-24T04:00:00.000Z,425.3299865723,424.7300109863,425.9800109863,422.3999938965,420.7775268555,13581600
MSFT,2024-10-25T04:00:00.000Z,426.7600097656,428.1499938965,432.5199890137,426.5700073242,424.1657104492,16899100
MSFT,2024-10-28T04:00:00.000Z,431.6600036621,426.5899963379,431.9400024414,426.299987793,422.6202392578,14882400
MSFT,2024-10-29T04:00:00.000Z,428.0,431.950012207,433.1700134277,425.799987793,427.9303894043,17644100
MSFT,2024-10-30T04:00:00.000Z,437.4400024414,432.5299987793,438.5,432.1000061035,428.5049438477,29749100
MSFT,2024-10-31T04:00:00.000Z,415.3599853516,406.3500061035,416.1600036621,406.299987793,402.5686035156,53971000
MSFT,2024-11-01T04:00:00.000Z,409.0100097656,410.3699951172,415.5,407.5,406.5511779785,24230400
MSFT,2024-11-04T05:00:00.000Z,409.799987793,408.4599914551,410.4200134277,405.5700073242,404.6589050293,19672300
MSFT,2024-11-05T05:00:00.000Z,408.3699951172,411.4599914551,414.8999938965,408.0799865723,407.6310119629,17626000
MSFT,2024-11-06T05:00:00.000Z,412.4200134277,420.1799926758,420.450012207,410.5199890137,416.2699279785,26681800
MSFT,2024-11-07T05:00:00.000Z,421.2799987793,425.4299926758,426.8500061035,419.8800048828,421.4710388184,19901800
MSFT,2024-11-08T05:00:00.000Z,425.3200073242,422.5400085449,426.5,421.7799987793,418.6079406738,16891400
MSFT,2024-11-11T05:00:00.000Z,422.5199890137,418.0100097656,424.8099975586,416.0,414.1200866699,24503300
MSFT,2024-11-12T05:00:00.000Z,418.25,423.0299987793,424.4400024414,417.200012207,419.0933837891,19401200
MSFT,2024-11-13T05:00:00.000Z,421.6400146484,425.200012207,429.3299865723,418.2099914551,421.2431945801,21502200
MSFT,2024-11-14T05:00:00.000Z,425.0,426.8900146484,428.1700134277,420.0,422.9174804688,30246900
MSFT,2024-11-15T05:00:00.000Z,419.8200073242,415.0,422.799987793,413.6400146484,411.138092041,28247600
MSFT,2024-11-18T05:00:00.000Z,414.8699951172,415.7600097656,418.3999938965,412.1000061035,411.8910217285,24727000
MSFT,2024-11-19T05:00:00.000Z,413.1099853516,417.7900085449,417.9400024414,411.549987793,413.902130127,18133500
MSFT,2024-11-20T05:00:00.000Z,416.8699951172,415.4899902344,417.2900085449,410.5799865723,411.6235046387,19191700
MSFT,2024-11-21T05:00:00.000Z,419.5,412.8699951172,419.7799987793,410.2900085449,409.8466491699,20780200
MSFT,2024-11-22T05:00:00.000Z,411.3699951172,417.0,417.3999938965,411.0599975586,413.9463806152,24814600
MSFT,2024-11-25T05:00:00.000Z,418.3800048828,418.7900085449,421.0799865723,414.8500061035,415.7233276367,27691100
MSFT,2024-11-26T05:00:00.000Z,419.5899963379,427.9899902344,429.0400085449,418.8500061035,424.8559265137,23458900
MSFT,2024-11-27T05:00:00.000Z,425.1099853516,422.9899902344,427.2300109863,422.0199890137,419.8925170898,18332400
MSFT,2024-11-29T05:00:00.000Z,420.0899963379,423.4599914551,424.8800048828,417.799987793,420.3590698242,16271900
MSFT,2024-12-02T05:00:00.000Z,421.5700073242,430.9800109863,433.0,421.3099975586,427.8240356445,20207200
MSFT,2024-12-03T05:00:00.000Z,429.8399963379,431.200012207,432.4700012207,427.7399902344,428.0424499512,18302000
MSFT,2024-12-04T05:00:00.000Z,433.0299987793,437.4200134277,439.6700134277,432.6300048828,434.2168579102,26009400
MSFT,2024-12-05T05:00:00.000Z,437.9200134277,442.6199951172,444.6600036621,436.1700134277,439.3788146973,21697800
MSFT,2024-12-06T05:00:00.000Z,442.299987793,443.5700073242,446.1000061035,441.7699890137,440.3218688965,18821000
MSFT,2024-12-09T05:00:00.000Z,442.6000061035,446.0199890137,448.3299865723,440.5,442.75390625,19144400
MSFT,2024-12-10T05:00:00.000Z,444.3900146484,443.3299865723,449.6199951172,441.6000061035,440.0835571289,18469500
MSFT,2024-12-11T05:00:00.000Z,444.049987793,448.9899902344,450.3500061035,444.049987793,445.7021789551,19200200
MSFT,2024-12-12T05:00:00.000Z,449.1099853516,449.5599975586,456.1600036621,449.1099853516,446.2679748535,20834800
MSFT,2024-12-13T05:00:00.000Z,448.4400024414,447.2699890137,451.4299926758,445.5799865723,443.9947509766,20177800
MSFT,2024-12-16T05:00:00.000Z,447.2699890137,451.5899963379,452.1799926758,445.2799987793,448.2831115723,23598800
MSFT,2024-12-17T05:00:00.000Z,451.0100097656,454.4599914551,455.2900085449,449.5700073242,451.1320800781,22733500
MSFT,2024-12-18T05:00:00.000Z,451.3200073242,437.3900146484,452.6499938965,437.0199890137,434.1870727539,24444500
MSFT,2024-12-19T05:00:00.000Z,441.6199951172,437.0299987793,443.1799926758,436.3200073242,433.8297424316,22963700
MSFT,2024-12-20T05:00:00.000Z,433.1099853516,436.6000061035,443.7399902344,428.6300048828,433.402923584,64263700
MSFT,2024-12-23T05:00:00.000Z,436.7399902344,435.25,437.6499938965,432.8299865723,432.0627746582,19152500
MSFT,2024-12-24T05:00:00.000Z,434.6499938965,439.3299865723,439.6000061035,434.1900024414,436.1129150391,7164500
MSFT,2024-12-26T05:00:00.000Z,439.0799865723,438.1099853516,440.9400024414,436.6300048828,434.9017944336,8194200
MSFT,2024-12-27T05:00:00.000Z,434.6000061035,430.5299987793,435.2200012207,426.3500061035,427.3773193359,18117700
MSFT,2024-12-30T05:00:00.000Z,426.0599975586,424.8299865723,427.549987793,421.8999938965,421.7190551758,13158700
MSFT,2024-12-31T05:00:00.000Z,426.1000061035,421.5,426.7300109863,420.6600036621,418.4134216309,13246500
MSFT,2025-01-02T05:00:00.000Z,425.5299987793,418.5799865723,426.0700073242,414.8500061035,415.514831543,16896500
MSFT,2025-01-03T05:00:00.000Z,421.0799865723,423.3500061035,424.0299987793,419.5400085449,420.2499084473,16662900
MSFT,2025-01-06T05:00:00.000Z,428.0,427.8500061035,434.3200073242,425.4800109863,424.7169494629,20573600
MSFT,2025-01-07T05:00:00.000Z,429.0,422.3699951172,430.6499938965,420.799987793,419.2770996094,18139100
MSFT,2025-01-08T05:00:00.000Z,423.4599914551,424.5599975586,426.9700012207,421.5400085449,421.4510192871,15054600
MSFT,2025-01-10T05:00:00.000Z,424.6300048828,418.950012207,424.7099914551,415.0199890137,415.8821105957,20201100
MSFT,2025-01-13T05:00:00.000Z,415.2399902344,417.1900024414,418.5,412.2900085449,414.1350097656,17604800
MSFT,2025-01-14T05:00:00.000Z,417.8099975586,415.6700134277,419.7399902344,410.7200012207,412.6261291504,16935900
MSFT,2025-01-15T05:00:00.000Z,419.1300048828,426.3099975586,428.1499938965,418.2699890137,423.1882019043,19637800
MSFT,2025-01-16T05:00:00.000Z,428.700012207,424.5799865723,429.4899902344,424.3900146484,421.4708557129,15300000
MSFT,2025-01-17T05:00:00.000Z,434.0899963379,429.0299987793,434.4800109863,428.1700134277,425.8883056641,26197500
MSFT,2025-01-21T05:00:00.000Z,430.200012207,428.5,430.8999938965,425.6000061035,425.3622131348,26085700
MSFT,2025-01-22T05:00:00.000Z,437.5599975586,446.200012207,447.2699890137,436.0,442.9325866699,27803800
MSFT,2025-01-23T05:00:00.000Z,442.0,446.7099914551,446.75,441.5,443.4388427734,18389300
MSFT,2025-01-24T05:00:00.000Z,445.1600036621,444.0599975586,446.6499938965,441.3999938965,440.8082885742,15549500
MSFT,2025-01-27T05:00:00.000Z,424.0100097656,434.5599975586,435.200012207,423.5,431.3778076172,35647800
MSFT,2025-01-28T05:00:00.000Z,434.6000061035,447.200012207,448.3800048828,431.3800048828,443.9252624512,23491700
MSFT,2025-01-29T05:00:00.000Z,446.6900024414,442.3299865723,446.8800048828,440.3999938965,439.0908813477,23581400
MSFT,2025-01-30T05:00:00.000Z,418.7699890137,414.9899902344,422.8599853516,413.1600036621,411.9511108398,54586300
MSFT,2025-01-31T05:00:00.000Z,418.9800109863,415.0599975586,420.6900024414,414.9100036621,412.0205993652,34161900
MSFT,2025-02-03T05:00:00.000Z,411.6000061035,410.9200134277,415.4100036621,408.6600036621,407.9109802246,25679100
MSFT,2025-02-04T05:00:00.000Z,412.6900024414,412.3699951172,413.9200134277,409.7399902344,409.3502807617,20532100
MSFT,2025-02-05T05:00:00.000Z,412.3500061035,413.2900085449,413.8299865723,410.3999938965,410.2635803223,16316700
MSFT,2025-02-06T05:00:00.000Z,414.0,415.8200073242,418.200012207,414.0,412.7750549316,16309800
MSFT,2025-02-07T05:00:00.000Z,416.4800109863,409.75,418.6499938965,408.1000061035,406.7494812012,22886800
MSFT,2025-02-10T05:00:00.000Z,413.7099914551,412.2200012207,415.4599914551,410.9200134277,409.201385498,20817900
MSFT,2025-02-11T05:00:00.000Z,409.6400146484,411.4400024414,412.4899902344,409.299987793,408.4271240234,18140600
MSFT,2025-02-12T05:00:00.000Z,407.2099914551,409.0400085449,410.75,404.3699951172,406.0446777344,19121700
MSFT,2025-02-13T05:00:00.000Z,407.0,410.5400085449,411.0,406.3599853516,407.5336914062,23891700
MSFT,2025-02-14T05:00:00.000Z,407.7900085449,408.4299926758,408.9100036621,405.8800048828,405.4391479492,22758500
MSFT,2025-02-18T05:00:00.000Z,408.0,409.6400146484,410.6000061035,406.5,406.6402893066,21423100
MSFT,2025-02-19T05:00:00.000Z,407.8800048828,414.7699890137,415.4899902344,407.6499938965,411.7326965332,24114200
MSFT,2025-02-20T05:00:00.000Z,415.2900085449,416.1300048828,419.3099975586,412.5400085449,413.9110717773,23508700
MSFT,2025-02-21T05:00:00.000Z,417.3399963379,408.2099914551,418.049987793,407.8900146484,406.0332641602,27524800
MSFT,2025-02-24T05:00:00.000Z,408.5100097656,404.0,409.3699951172,399.3200073242,401.8457336426,26443700
MSFT,2025-02-25T05:00:00.000Z,401.1000061035,397.8999938965,401.9200134277,396.700012207,395.7782287598,29387400
MSFT,2025-02-26T05:00:00.000Z,398.0100097656,399.7300109863,403.6000061035,394.25,397.5984802246,19619000
MSFT,2025-02-27T05:00:00.000Z,401.2699890137,392.5299987793,405.7399902344,392.1700134277,390.4368896484,21127400
MSFT,2025-02-28T05:00:00.000Z,392.6600036621,396.9899902344,397.6300048828,386.5700073242,394.8731079102,32845700
MSFT,2025-03-03T05:00:00.000Z,398.8200073242,388.4899902344,398.8200073242,386.1600036621,386.4184265137,23007700
MSFT,2025-03-04T05:00:00.000Z,383.3999938965,388.6099853516,392.5799865723,381.0,386.5377807617,29342900
MSFT,2025-03-05T05:00:00.000Z,389.3399963379,401.0199890137,401.6700134277,388.8099975586,398.8816223145,23433100
MSFT,2025-03-06T05:00:00.000Z,394.2799987793,396.8900146484,402.1499938965,392.6799926758,394.773651123,23304600
MSFT,2025-03-07T05:00:00.000Z,392.3200073242,393.3099975586,394.799987793,385.5400085449,391.2127380371,22034100
MSFT,2025-03-10T04:00:00.000Z,385.8399963379,380.1600036621,386.3999938965,377.2200012207,378.1328735352,32840100
MSFT,2025-03-11T04:00:00.000Z,379.0,380.450012207,386.0,376.9100036621,378.421295166,30380200
MSFT,2025-03-12T04:00:00.000Z,382.950012207,383.2699890137,385.2200012207,378.950012207,381.2262573242,24253600
MSFT,2025-03-13T04:00:00.000Z,383.1600036621,378.7699890137,385.3200073242,377.450012207,376.7502441406,20473000
MSFT,2025-03-14T04:00:00.000Z,379.7799987793,388.5599975586,390.2300109863,379.5100097656,386.488067627,19952800
MSFT,2025-03-17T04:00:00.000Z,386.700012207,388.700012207,392.7099914551,385.5700073242,386.6273193359,22474300
MSFT,2025-03-18T04:00:00.000Z,387.0700073242,383.5199890137,387.3699951172,381.1000061035,381.4749450684,19486900
MSFT,2025-03-19T04:00:00.000Z,385.5299987793,387.8200073242,389.6799926758,384.0,385.7520141602,19185500
MSFT,2025-03-20T04:00:00.000Z,385.7399902344,386.8399963379,391.7900085449,383.2799987793,384.7772216797,18470500
MSFT,2025-03-21T04:00:00.000Z,383.2200012207,391.2600097656,391.7399902344,382.799987793,389.1736755371,39675900
MSFT,2025-03-24T04:00:00.000Z,395.3999938965,393.0799865723,395.3999938965,389.8099975586,390.9839782715,21004500
MSFT,2025-03-25T04:00:00.000Z,393.9200134277,395.1600036621,396.3599853516,392.6400146484,393.0528869629,15775000
MSFT,2025-03-26T04:00:00.000Z,395.0,389.9700012207,395.3099975586,388.5700073242,387.8905639648,16108400
MSFT,2025-03-27T04:00:00.000Z,390.1300048828,390.5799865723,392.2399902344,387.3999938965,388.4973144531,13766800
MSFT,2025-03-28T04:00:00.000Z,388.0799865723,378.799987793,389.1300048828,376.9299926758,376.780090332,21632000
MSFT,2025-03-31T04:00:00.000Z,372.5400085449,375.3900146484,377.0700073242,367.2399902344,373.3883056641,35184700
MSFT,2025-04-01T04:00:00.000Z,374.6499938965,382.1900024414,382.8500061035,373.2300109863,380.1520385742,19689500
MSFT,2025-04-02T04:00:00.000Z,377.9700012207,382.1400146484,385.0799865723,376.6199951172,380.1023254395,16092600
MSFT,2025-04-03T04:00:00.000Z,374.7900085449,373.1099853516,377.4800109863,369.3500061035,371.1204528809,30198000
MSFT,2025-04-04T04:00:00.000Z,364.1300048828,359.8399963379,374.5899963379,359.4800109863,357.9212341309,49209900
MSFT,2025-04-07T04:00:00.000Z,350.8800048828,357.8599853516,371.0,344.7900085449,355.9517822266,50425000
MSFT,2025-04-08T04:00:00.000Z,368.2600097656,354.5599975586,373.6499938965,350.25,352.6693725586,35868900
MSFT,2025-04-09T04:00:00.000Z,353.5400085449,390.4899902344,393.2300109863,353.1000061035,388.4077453613,50199700
MSFT,2025-04-10T04:00:00.000Z,382.0599975586,381.3500061035,383.8999938965,367.799987793,379.3164978027,38024400
MSFT,2025-04-11T04:00:00.000Z,380.6400146484,388.450012207,390.049987793,378.8900146484,386.378692627,23839200
MSFT,2025-04-14T04:00:00.000Z,393.2200012207,387.8099975586,394.6499938965,384.2099914551,385.7420654297,19251200
MSFT,2025-04-15T04:00:00.000Z,388.5100097656,385.7300109863,391.8900146484,384.1600036621,383.6731567383,17199900
MSFT,2025-04-16T04:00:00.000Z,380.6700134277,371.6099853516,381.6099853516,368.0,369.6284484863,21967800
MSFT,2025-04-17T04:00:00.000Z,373.75,367.7799987793,374.3200073242,366.8900146484,365.8188781738,21120200
MSFT,2025-04-21T04:00:00.000Z,362.8200073242,359.1199951172,364.4800109863,355.6700134277,357.2050476074,20807300
MSFT,2025-04-22T04:00:00.000Z,363.3800048828,366.8200073242,367.7699890137,359.8599853516,364.8640136719,19485000
MSFT,2025-04-23T04:00:00.000Z,376.0599975586,374.3900146484,380.3900146484,373.0199890137,372.3936462402,20545500
MSFT,2025-04-24T04:00:00.000Z,375.700012207,387.299987793,388.450012207,375.1900024414,385.2347717285,22232300
MSFT,2025-04-25T04:00:00.000Z,387.0,391.8500061035,392.1600036621,384.6000061035,389.7605285645,18973200
MSFT,2025-04-28T04:00:00.000Z,391.9599914551,391.1600036621,392.7399902344,386.6400146484,389.0741882324,16579400
MSFT,2025-04-29T04:00:00.000Z,391.299987793,394.0400085449,395.1000061035,390.3800048828,391.9388427734,14974000
MSFT,2025-04-30T04:00:00.000Z,390.299987793,395.2600097656,396.6600036621,384.4400024414,393.1523742676,36461100
MSFT,2025-05-01T04:00:00.000Z,431.1099853516,425.3999938965,436.9899902344,424.8999938965,423.1316223145,58938100
MSFT,2025-05-02T04:00:00.000Z,431.7399902344,435.2799987793,439.4400024414,429.9899902344,432.9589233398,30757400
MSFT,2025-05-05T04:00:00.000Z,432.8699951172,436.1700134277,439.5,432.1099853516,433.8442077637,20136100
MSFT,2025-05-06T04:00:00.000Z,432.200012207,433.3099975586,437.7300109863,431.1700134277,430.9994506836,15104200
MSFT,2025-05-07T04:00:00.000Z,433.8399963379,433.3500061035,438.1199951172,431.1099853516,431.0392456055,23295300
MSFT,2025-05-08T04:00:00.000Z,437.9299926758,438.1700134277,443.6700134277,435.6600036621,435.8335571289,23491300
MSFT,2025-05-09T04:00:00.000Z,440.0,438.7300109863,440.7399902344,435.8800048828,436.3905639648,15324200
MSFT,2025-05-12T04:00:00.000Z,445.9400024414,449.2600097656,449.3699951172,439.7799987793,446.8643798828,22821900
MSFT,2025-05-13T04:00:00.000Z,447.7799987793,449.1400146484,450.6700134277,445.3599853516,446.7450561523,23618800
MSFT,2025-05-14T04:00:00.000Z,448.1400146484,452.9400024414,453.8999938965,448.1400146484,450.5247497559,19902800
MSFT,2025-05-15T04:00:00.000Z,450.7699890137,453.1300048828,456.1900024414,450.4299926758,451.541229248,21992300
MSFT,2025-05-16T04:00:00.000Z,452.049987793,454.2699890137,454.3599853516,448.7300109863,452.6771850586,23849800
MSFT,2025-05-19T04:00:00.000Z,450.8800048828,458.8699951172,459.5899963379,450.799987793,457.2610473633,21336500
MSFT,2025-05-20T04:00:00.000Z,455.5899963379,458.1700134277,458.3399963379,454.3200073242,456.5635375977,15441800
MSFT,2025-05-21T04:00:00.000Z,454.5700073242,452.5700073242,457.7799987793,451.8099975586,450.9831848145,19216900
MSFT,2025-05-22T04:00:00.000Z,454.950012207,454.8599853516,460.25,453.8999938965,453.2651367188,18025600
MSFT,2025-05-23T04:00:00.000Z,449.9800109863,450.1799926758,453.6900024414,448.9100036621,448.6015319824,16883500
MSFT,2025-05-27T04:00:00.000Z,456.4800109863,460.6900024414,460.950012207,456.1199951172,459.0747070312,20974300
MSFT,2025-05-28T04:00:00.000Z,461.2200012207,457.3599853516,462.5199890137,456.9299926758,455.7563476562,17086300
MSFT,2025-05-29T04:00:00.000Z,461.549987793,458.6799926758,461.7200012207,455.3099975586,457.0717468262,13974800
MSFT,2025-05-30T04:00:00.000Z,459.7200012207,460.3599853516,461.6799926758,455.5400085449,458.7458190918,34770500
MSFT,2025-06-02T04:00:00.000Z,457.1400146484,461.9700012207,462.1099853516,456.8900146484,460.3502197266,16626500
MSFT,2025-06-03T04:00:00.000Z,461.4700012207,462.9700012207,464.1400146484,460.8599853516,461.3466796875,15743800
MSFT,2025-06-04T04:00:00.000Z,464.0,463.8699951172,465.6900024414,463.0199890137,462.2435302734,14162700
MSFT,2025-06-05T04:00:00.000Z,464.9599914551,467.6799926758,469.6499938965,464.0299987793,466.0401611328,20131700
MSFT,2025-06-06T04:00:00.000Z,470.0899963379,470.3800048828,473.3399963379,468.7799987793,468.7307434082,15285600
MSFT,2025-06-09T04:00:00.000Z,469.700012207,472.75,473.4299926758,468.6199951172,471.0924072266,16469900
MSFT,2025-06-10T04:00:00.000Z,471.1900024414,470.9200134277,472.799987793,466.9599914551,469.2688598633,15375900
MSFT,2025-06-11T04:00:00.000Z,470.0199890137,472.6199951172,475.4700012207,469.6600036621,470.9628601074,16399200
MSFT,2025-06-12T04:00:00.000Z,475.0199890137,478.8699951172,480.4200134277,473.5199890137,477.1909484863,18950600
MSFT,2025-06-13T04:00:00.000Z,476.4100036621,474.9599914551,479.1799926758,472.7600097656,473.2946472168,16814500
MSFT,2025-06-16T04:00:00.000Z,475.2099914551,479.1400146484,480.6900024414,475.0,477.4600219727,15626100
MSFT,2025-06-17T04:00:00.000Z,475.3999938965,478.0400085449,478.7399902344,474.0799865723,476.363861084,15414100
MSFT,2025-06-18T04:00:00.000Z,478.0,480.2399902344,481.0,474.4599914551,478.5561218262,17526500
MSFT,2025-06-20T04:00:00.000Z,482.2300109863,477.3999938965,483.4599914551,476.8699951172,475.7261047363,37576200
MSFT,2025-06-23T04:00:00.000Z,478.2099914551,486.0,487.75,472.5100097656,484.2959594727,24864000
MSFT,2025-06-24T04:00:00.000Z,488.950012207,490.1099853516,491.8500061035,486.799987793,488.3915100098,22305600
MSFT,2025-06-25T04:00:00.000Z,492.0400085449,492.2699890137,494.5599975586,489.3900146484,490.5439758301,17495100
MSFT,2025-06-26T04:00:00.000Z,492.9800109863,497.450012207,498.0400085449,492.8099975586,495.7058105469,21578900
MSFT,2025-06-27T04:00:00.000Z,497.549987793,495.9400024414,499.299987793,493.0299987793,494.2011108398,34539200
MSFT,2025-06-30T04:00:00.000Z,497.0400085449,497.4100036621,500.7600097656,495.3299865723,495.6659545898,28369000
MSFT,2025-07-01T04:00:00.000Z,496.4700012207,492.049987793,498.049987793,490.9800109863,490.3247070312,19945400
MSFT,2025-07-02T04:00:00.000Z,489.9899902344,491.0899963379,493.5,488.700012207,489.3681030273,16319600
MSFT,2025-07-03T04:00:00.000Z,493.8099975586,498.8399963379,500.1300048828,493.4400024414,497.0909423828,13984800
MSFT,2025-07-07T04:00:00.000Z,497.3800048828,497.7200012207,498.75,495.2300109863,495.9748535156,13981600
MSFT,2025-07-08T04:00:00.000Z,497.2399902344,496.6199951172,498.200012207,494.1099853516,494.878692627,11846600
MSFT,2025-07-09T04:00:00.000Z,500.299987793,503.5100097656,506.7799987793,499.7399902344,501.7445678711,18659500
MSFT,2025-07-10T04:00:00.000Z,503.049987793,501.4800109863,504.4400024414,497.75,499.7216796875,16492100
MSFT,2025-07-11T04:00:00.000Z,498.4700012207,503.3200073242,505.0299987793,497.799987793,501.5552062988,16459500
MSFT,2025-07-14T04:00:00.000Z,501.5199890137,503.0199890137,503.9700012207,501.0299987793,501.2562561035,12058800
MSFT,2025-07-15T04:00:00.000Z,503.0199890137,505.8200073242,508.299987793,502.7900085449,504.0464477539,14927200
MSFT,2025-07-16T04:00:00.000Z,505.1799926758,505.6199951172,506.7200012207,501.8900146484,503.8471679688,15154400
MSFT,2025-07-17T04:00:00.000Z,505.6799926758,511.700012207,513.3699951172,505.6199951172,509.9058532715,17503100
MSFT,2025-07-18T04:00:00.000Z,514.4799804688,510.049987793,514.6400146484,507.4299926758,508.2615966797,21209700
MSFT,2025-07-21T04:00:00.000Z,506.7099914551,510.0599975586,512.0900268555,505.549987793,508.2716064453,14066800
MSFT,2025-07-22T04:00:00.000Z,510.9700012207,505.2699890137,511.200012207,505.2699890137,503.4983825684,13868600
MSFT,2025-07-23T04:00:00.000Z,506.75,505.8699951172,506.7900085449,500.700012207,504.0962524414,16396600
MSFT,2025-07-24T04:00:00.000Z,508.7699890137,510.8800048828,513.6699829102,507.299987793,509.0887451172,16107000
MSFT,2025-07-25T04:00:00.000Z,512.4699707031,513.7100219727,518.2899780273,510.3599853516,511.9088439941,19125700
MSFT,2025-07-28T04:00:00.000Z,514.0800170898,512.5,515.0,510.1199951172,510.7030334473,14308000
MSFT,2025-07-29T04:00:00.000Z,515.5300292969,512.5700073242,517.6199951172,511.5599975586,510.7727966309,16469200
MSFT,2025-07-30T04:00:00.000Z,515.1699829102,513.2399902344,515.950012207,509.4400024414,511.4404296875,26380400
MSFT,2025-07-31T04:00:00.000Z,555.2299804688,533.5,555.450012207,531.9000244141,531.6293945312,51617300
MSFT,2025-08-01T04:00:00.000Z,535.0,524.1099853516,535.799987793,520.8599853516,522.272277832,28977600
MSFT,2025-08-04T04:00:00.000Z,528.2700195312,535.6400146484,538.25,528.1300048828,533.7619018555,25349000
MSFT,2025-08-05T04:00:00.000Z,537.1799926758,527.75,537.299987793,527.2399902344,525.8995361328,19171600
MSFT,2025-08-06T04:00:00.000Z,530.9000244141,524.9400024414,531.700012207,524.0300292969,523.0994262695,21355700
MSFT,2025-08-07T04:00:00.000Z,526.799987793,520.8400268555,528.0900268555,517.549987793,519.0137939453,16079100
MSFT,2025-08-08T04:00:00.000Z,522.5999755859,522.0399780273,524.6599731445,519.4099731445,520.2095947266,15531000
MSFT,2025-08-11T04:00:00.000Z,522.299987793,521.7700195312,527.5900268555,519.7199707031,519.9405517578,20194400
MSFT,2025-08-12T04:00:00.000Z,523.75,529.2399902344,530.9799804688,522.700012207,527.3843383789,18667000
MSFT,2025-08-13T04:00:00.000Z,532.1099853516,520.5800170898,532.700012207,519.3699951172,518.754699707,19619200
MSFT,2025-08-14T04:00:00.000Z,522.5599975586,522.4799804688,525.950012207,520.1400146484,520.6480102539,20269100
MSFT,2025-08-15T04:00:00.000Z,522.7700195312,520.1699829102,526.0999755859,519.0800170898,518.3461303711,25213300
MSFT,2025-08-18T04:00:00.000Z,521.5900268555,517.0999755859,522.8200073242,514.0200195312,515.2868652344,23760600
MSFT,2025-08-19T04:00:00.000Z,515.0,509.7699890137,515.1599731445,508.549987793,507.9826049805,21481000
MSFT,2025-08-20T04:00:00.000Z,509.8699951172,505.7200012207,511.0,504.4400024414,503.9468078613,27723000
MSFT,2025-08-21T04:00:00.000Z,503.6900024414,504.2399902344,507.6300048828,502.7200012207,503.2980041504,18443300
MSFT,2025-08-22T04:00:00.000Z,504.25,507.2300109863,510.7300109863,502.4100036621,506.2824401855,24324200
MSFT,2025-08-25T04:00:00.000Z,506.6300048828,504.2600097656,508.1900024414,504.1199951172,503.3179931641,21638600
MSFT,2025-08-26T04:00:00.000Z,504.3599853516,502.0400085449,504.9800109863,498.5100097656,501.102142334,30835700
MSFT,2025-08-27T04:00:00.000Z,502.0,506.7399902344,507.2900085449,499.8999938965,505.7933349609,17277900
MSFT,2025-08-28T04:00:00.000Z,507.0899963379,509.6400146484,511.0899963379,505.5,508.6879272461,18015600
MSFT,2025-08-29T04:00:00.000Z,508.6600036621,506.6900024414,509.6000061035,504.4899902344,505.7434387207,20961600
MSFT,2025-09-02T04:00:00.000Z,500.4700012207,505.1199951172,506.0,496.8099975586,504.176361084,18128000
MSFT,2025-09-03T04:00:00.000Z,503.7900085449,505.3500061035,507.7900085449,502.3200073242,504.4059448242,16345100
MSFT,2025-09-04T04:00:00.000Z,504.299987793,507.9700012207,508.1499938965,503.1499938965,507.0210571289,15509500
MSFT,2025-09-05T04:00:00.000Z,509.0700073242,495.0,511.9700012207,492.3699951172,494.0752868652,31994800
MSFT,2025-09-08T04:00:00.000Z,498.1099853516,498.200012207,501.200012207,495.0299987793,497.269317627,16771000
MSFT,2025-09-09T04:00:00.000Z,501.4299926758,498.4100036621,502.25,497.700012207,497.4789123535,14410500
MSFT,2025-09-10T04:00:00.000Z,502.9800109863,500.3699951172,503.2300109863,496.7200012207,499.4352416992,21611800
MSFT,2025-09-11T04:00:00.000Z,502.25,501.0100097656,503.1700134277,497.8800048828,500.0740661621,18881600
MSFT,2025-09-12T04:00:00.000Z,506.6499938965,509.8999938965,512.549987793,503.8500061035,508.9474487305,23624900
MSFT,2025-09-15T04:00:00.000Z,508.7900085449,515.3599853516,515.4699707031,507.0,514.3972167969,17143800
MSFT,2025-09-16T04:00:00.000Z,516.8800048828,509.0400085449,517.2299804688,508.6000061035,508.089050293,19711900
MSFT,2025-09-17T04:00:00.000Z,510.6199951172,510.0199890137,511.2900085449,505.9299926758,509.067199707,15816600
MSFT,2025-09-18T04:00:00.000Z,511.4899902344,508.450012207,513.0700073242,507.6600036621,507.5001525879,18913700
MSFT,2025-09-19T04:00:00.000Z,510.5599975586,517.9299926758,519.299987793,510.3099975586,516.9624023438,52474100
MSFT,2025-09-22T04:00:00.000Z,515.5900268555,514.450012207,517.7399902344,512.5399780273,513.4889526367,20009300
MSFT,2025-09-23T04:00:00.000Z,513.799987793,509.2300109863,514.5900268555,507.3099975586,508.278717041,19799600
MSFT,2025-09-24T04:00:00.000Z,510.3800048828,510.1499938965,512.4799804688,506.9200134277,509.1969604492,13533700
MSFT,2025-09-25T04:00:00.000Z,508.299987793,507.0299987793,510.0100097656,505.0400085449,506.0827941895,15786500
MSFT,2025-09-26T04:00:00.000Z,510.0599975586,511.4599914551,513.9400024414,506.6199951172,510.5045166016,16213100
MSFT,2025-09-29T04:00:00.000Z,511.5,514.5999755859,516.8499755859,508.8800048828,513.6386108398,17617800
MSFT,2025-09-30T04:00:00.000Z,513.2399902344,517.950012207,518.1599731445,509.6600036621,516.982421875,19728200
MSFT,2025-10-01T04:00:00.000Z,514.799987793,519.7100219727,520.5100097656,511.6900024414,518.7391357422,22632300
MSFT,2025-10-02T04:00:00.000Z,517.6400146484,515.7399902344,521.5999755859,510.6799926758,514.776550293,21222900
MSFT,2025-10-03T04:00:00.000Z,517.0999755859,517.3499755859,520.4899902344,515.0,516.3834838867,15112300
MSFT,2025-10-06T04:00:00.000Z,518.6099853516,528.5700073242,531.0300292969,518.200012207,527.5825805664,21388600
MSFT,2025-10-07T04:00:00.000Z,528.2899780273,523.9799804688,529.799987793,521.4400024414,523.0010986328,14615200
MSFT,2025-10-08T04:00:00.000Z,523.2800292969,524.8499755859,526.950012207,523.0900268555,523.8695068359,13363400
MSFT,2025-10-09T04:00:00.000Z,522.3400268555,522.4000244141,524.3300170898,517.4000244141,521.4241333008,18343600
MSFT,2025-10-10T04:00:00.000Z,519.6400146484,510.9599914551,523.5800170898,509.6300048828,510.0054626465,24133800
MSFT,2025-10-13T04:00:00.000Z,516.4099731445,514.049987793,516.4099731445,511.6799926758,513.0896606445,14284200
MSFT,2025-10-14T04:00:00.000Z,510.2300109863,513.5700073242,515.2800292969,506.0,512.6105957031,14684300
MSFT,2025-10-15T04:00:00.000Z,514.9600219727,513.4299926758,517.1900024414,510.0,512.4708251953,14694700
MSFT,2025-10-16T04:00:00.000Z,512.5800170898,511.6099853516,516.8499755859,508.1300048828,510.6542358398,15559600
MSFT,2025-10-17T04:00:00.000Z,509.0400085449,513.5800170898,515.4799804688,507.3099975586,512.6206054688,19867800
MSFT,2025-10-20T04:00:00.000Z,514.6099853516,516.7899780273,518.700012207,513.4299926758,515.8245239258,14665600
MSFT,2025-10-21T04:00:00.000Z,517.5,517.6599731445,518.6900024414,513.0399780273,516.6929321289,15586200
MSFT,2025-10-22T04:00:00.000Z,521.1500244141,520.5399780273,525.2299804688,517.7100219727,519.567565918,18962700
MSFT,2025-10-23T04:00:00.000Z,522.4600219727,520.5599975586,523.950012207,518.6099853516,519.5875244141,14023500
MSFT,2025-10-24T04:00:00.000Z,522.7899780273,523.6099853516,525.3499755859,520.7100219727,522.6318359375,15532400
MSFT,2025-10-27T04:00:00.000Z,531.7800292969,531.5200195312,534.5800170898,529.0100097656,530.5270996094,18734700
MSFT,2025-10-28T04:00:00.000Z,550.0,542.0700073242,553.7199707031,540.7700195312,541.0573730469,29986700
MSFT,2025-10-29T04:00:00.000Z,544.9400024414,541.549987793,546.2700195312,536.7299804688,540.5383300781,36023000
MSFT,2025-10-30T04:00:00.000Z,530.4799804688,525.7600097656,534.9699707031,522.1199951172,524.7778320312,41023100
MSFT,2025-10-31T04:00:00.000Z,528.8800048828,517.8099975586,529.3200073242,515.0999755859,516.8426513672,34006400
MSFT,2025-11-03T05:00:00.000Z,519.8099975586,517.0300292969,524.9600219727,514.5900268555,516.0641479492,22374700
MSFT,2025-11-04T05:00:00.000Z,511.7600097656,514.3300170898,515.549987793,507.8399963379,513.3692016602,20958700
MSFT,2025-11-05T05:00:00.000Z,513.299987793,507.1600036621,514.8300170898,506.5799865723,506.2125549316,23024300
MSFT,2025-11-06T05:00:00.000Z,505.6600036621,497.1000061035,505.700012207,495.8099975586,496.1713562012,27406500
MSFT,2025-11-07T05:00:00.000Z,496.950012207,496.8200073242,499.3800048828,493.25,495.8918762207,24019800
MSFT,2025-11-10T05:00:00.000Z,500.0400085449,506.0,506.8500061035,498.799987793,505.0547180176,26101500
MSFT,2025-11-11T05:00:00.000Z,504.799987793,508.6799926758,509.6000061035,502.3500061035,507.7297058105,17980000
MSFT,2025-11-12T05:00:00.000Z,509.3599853516,511.1400146484,511.6700134277,499.1199951172,510.1851501465,26574900
MSFT,2025-11-13T05:00:00.000Z,510.3099975586,503.2900085449,513.5,501.2900085449,502.3497924805,25273100
MSFT,2025-11-14T05:00:00.000Z,498.2300109863,510.1799926758,511.6000061035,497.4400024414,509.2268981934,28505700
MSFT,2025-11-17T05:00:00.000Z,508.450012207,507.4899902344,512.1199951172,504.9100036621,506.5419311523,19092800
MSFT,2025-11-18T05:00:00.000Z,495.3699951172,493.7900085449,502.9800109863,486.7799987793,492.8675537109,33815100
MSFT,2025-11-19T05:00:00.000Z,490.1000061035,487.1199951172,495.1900024414,482.8299865723,486.2099914551,23245300
MSFT,2025-11-20T05:00:00.000Z,492.7099914551,478.4299926758,493.5700073242,475.5,478.4299926758,26802500
MSFT,2025-11-21T05:00:00.000Z,478.5,472.1199951172,478.9200134277,468.2699890137,472.1199951172,31769200
MSFT,2025-11-24T05:00:00.000Z,475.0,474.0,476.8999938965,468.0199890137,474.0,34421000
MSFT,2025-11-25T05:00:00.000Z,474.0700073242,476.9899902344,479.1499938965,464.8900146484,476.9899902344,28019800
MSFT,2025-11-26T05:00:00.000Z,486.3099975586,485.5,488.3099975586,481.200012207,485.5,25709100
MSFT,2025-11-28T05:00:00.000Z,487.6000061035,492.0100097656,492.6300048828,486.6499938965,492.0100097656,14386700
MSFT,2025-12-01T05:00:00.000Z,488.4400024414,486.7399902344,489.8599853516,484.6499938965,486.7399902344,23964000
MSFT,2025-12-02T05:00:00.000Z,486.7200012207,490.0,493.5,486.3200073242,490.0,19562700
MSFT,2025-12-03T05:00:00.000Z,476.3200073242,477.7300109863,484.2399902344,475.200012207,477.7300109863,34615100
MSFT,2025-12-04T05:00:00.000Z,479.7600097656,480.8399963379,481.3200073242,476.4899902344,480.8399963379,22318200
MSFT,2025-12-05T05:00:00.000Z,482.5199890137,483.1600036621,483.3999938965,478.8800048828,483.1600036621,22608700
MSFT,2025-12-08T05:00:00.000Z,484.8900146484,491.0199890137,492.299987793,484.3800048828,491.0199890137,21965900
MSFT,2025-12-09T05:00:00.000Z,489.1000061035,492.0199890137,492.1199951172,488.5,492.0199890137,14696100
MSFT,2025-12-10T05:00:00.000Z,484.0299987793,478.5599975586,484.25,475.0799865723,478.5599975586,35756200
MSFT,2025-12-11T05:00:00.000Z,476.6300048828,483.4700012207,486.0299987793,475.8599853516,483.4700012207,24669200
MSFT,2025-12-12T05:00:00.000Z,479.8200073242,478.5299987793,482.450012207,476.3399963379,478.5299987793,21248100
MSFT,2025-12-15T05:00:00.000Z,480.1000061035,474.8200073242,480.7200012207,472.5199890137,474.8200073242,23727700
MSFT,2025-12-16T05:00:00.000Z,471.9100036621,476.3900146484,477.8900146484,470.8800048828,476.3900146484,20705600
MSFT,2025-12-17T05:00:00.000Z,476.9100036621,476.1199951172,480.0,475.0,476.1199951172,24527200
MSFT,2025-12-18T05:00:00.000Z,478.1900024414,483.9800109863,489.6000061035,477.8900146484,483.9800109863,28573500
MSFT,2025-12-19T05:00:00.000Z,487.3599853516,485.9200134277,487.8500061035,482.4899902344,485.9200134277,70836100
MSFT,2025-12-22T05:00:00.000Z,486.1199951172,484.9200134277,488.7300109863,482.6900024414,484.9200134277,16963000
MSFT,2025-12-23T05:00:00.000Z,484.9800109863,486.8500061035,487.8299865723,484.7399902344,486.8500061035,14683600
MSFT,2025-12-24T05:00:00.000Z,485.6799926758,488.0199890137,489.1600036621,484.8299865723,488.0199890137,5855900
MSFT,2025-12-26T05:00:00.000Z,486.7099914551,487.7099914551,488.1199951172,485.9599914551,487.7099914551,8842200
MSFT,2025-12-29T05:00:00.000Z,484.8599853516,487.1000061035,488.3500061035,484.1799926758,487.1000061035,10893400
MSFT,2025-12-30T05:00:00.000Z,485.9299926758,487.4800109863,489.6799926758,485.5,487.4800109863,13944500
MSFT,2025-12-31T05:00:00.000Z,487.8399963379,483.6199951172,488.1400146484,483.299987793,483.6199951172,15601600
MSFT,2026-01-02T05:00:00.000Z,484.3900146484,472.9400024414,484.6600036621,470.1600036621,472.9400024414,25571600
MSFT,2026-01-05T05:00:00.000Z,474.0599975586,472.8500061035,476.0700073242,469.5,472.8500061035,25250300
MSFT,2026-01-06T05:00:00.000Z,473.799987793,478.5100097656,478.7399902344,469.75,478.5100097656,23037700
MSFT,2026-01-07T05:00:00.000Z,479.7600097656,483.4700012207,489.700012207,477.950012207,483.4700012207,25564200
MSFT,2026-01-08T05:00:00.000Z,481.2399902344,478.1099853516,482.6600036621,475.8599853516,478.1099853516,18162600
MSFT,2026-01-09T05:00:00.000Z,474.0599975586,479.2799987793,479.8200073242,472.200012207,479.2799987793,18484000
GOOGL,2024-01-10T05:00:00.000Z,141.0,142.2799987793,143.0,140.9100036621,141.2130584717,21320200
GOOGL,2024-01-11T05:00:00.000Z,143.4900054932,142.0800018311,145.2200012207,140.6399993896,141.0145568848,24008700
GOOGL,2024-01-12T05:00:00.000Z,142.6699981689,142.6499938965,143.1999969482,141.8200073242,141.5802459717,18785500
GOOGL,2024-01-16T05:00:00.000Z,142.0,142.4900054932,144.3500061035,141.4499969482,141.4214782715,22670500
GOOGL,2024-01-17T05:00:00.000Z,141.3500061035,141.4700012207,141.8399963379,138.8999938965,140.4091033936,20968600
GOOGL,2024-01-18T05:00:00.000Z,142.0500030518,143.4799957275,144.2100067139,141.9900054932,142.4040374756,25746400
GOOGL,2024-01-19T05:00:00.000Z,144.7400054932,146.3800048828,146.4499969482,144.3800048828,145.2822875977,34271900
GOOGL,2024-01-22T05:00:00.000Z,147.1000061035,145.9900054932,148.3899993896,145.8399963379,144.8952026367,32200400
GOOGL,2024-01-23T05:00:00.000Z,145.8899993896,147.0399932861,147.1799926758,145.5,145.9373321533,21636100
GOOGL,2024-01-24T05:00:00.000Z,148.5399932861,148.6999969482,149.8500061035,148.1000061035,147.5848846436,25233500
GOOGL,2024-01-25T05:00:00.000Z,150.0700073242,151.8699951172,153.0500030518,149.5399932861,150.7311248779,29149100
GOOGL,2024-01-26T05:00:00.000Z,151.1000061035,152.1900024414,152.5399932861,151.0099945068,151.0487060547,26115500
GOOGL,2024-01-29T05:00:00.000Z,152.0599975586,153.5099945068,153.7799987793,151.4299926758,152.3588104248,27784300
GOOGL,2024-01-30T05:00:00.000Z,152.8000030518,151.4600067139,153.6199951172,151.1900024414,150.3241882324,36331800
GOOGL,2024-01-31T05:00:00.000Z,143.6199951172,140.1000061035,144.0,139.8699951172,139.0493774414,71910000
GOOGL,2024-02-01T05:00:00.000Z,142.1199951172,141.1600036621,143.0599975586,140.7899932861,140.1014251709,40466500
GOOGL,2024-02-02T05:00:00.000Z,139.2599945068,142.3800048828,142.6199951172,136.5,141.312286377,62499600
GOOGL,2024-02-05T05:00:00.000Z,142.8200073242,143.6799926758,145.4700012207,142.7799987793,142.6025238037,38505400
GOOGL,2024-02-06T05:00:00.000Z,144.6499938965,144.1000061035,145.3600006104,143.1900024414,143.0193939209,29128200
GOOGL,2024-02-07T05:00:00.000Z,144.7599945068,145.5399932861,145.6199951172,143.9299926758,144.4485778809,25208900
GOOGL,2024-02-08T05:00:00.000Z,145.8300018311,145.9100036621,146.3300018311,145.1000061035,144.8157958984,22563800
GOOGL,2024-02-09T05:00:00.000Z,146.6799926758,149.0,149.4400024414,146.1799926758,147.8826599121,26829500
GOOGL,2024-02-12T05:00:00.000Z,148.4199981689,147.5299987793,149.3399963379,147.3699951172,146.4236755371,21564100
GOOGL,2024-02-13T05:00:00.000Z,144.9199981689,145.1399993896,146.6699981689,143.6900024414,144.0515899658,27837700
GOOGL,2024-02-14T05:00:00.000Z,146.0800018311,145.9400024414,146.5200042725,144.0899963379,144.8455963135,22704200
GOOGL,2024-02-15T05:00:00.000Z,143.1399993896,142.7700042725,143.5200042725,140.4600067139,141.6993560791,37590700
GOOGL,2024-02-16T05:00:00.000Z,142.9900054932,140.5200042725,143.1900024414,140.1399993896,139.4662322998,31468900
GOOGL,2024-02-20T05:00:00.000Z,139.6600036621,141.1199951172,142.0800018311,139.4900054932,140.0617370605,25144700
GOOGL,2024-02-21T05:00:00.000Z,141.4499969482,142.5500030518,142.6900024414,140.6799926758,141.4809875488,23223300
GOOGL,2024-02-22T05:00:00.000Z,144.9299926758,144.0899963379,145.0,142.8000030518,143.0094451904,27191900
GOOGL,2024-02-23T05:00:00.000Z,143.6699981689,143.9600067139,144.6799926758,143.4299926758,142.8804473877,19493800
GOOGL,2024-02-26T05:00:00.000Z,142.1399993896,137.5700073242,142.4400024414,137.3899993896,136.5383453369,53641800
GOOGL,2024-02-27T05:00:00.000Z,138.0200042725,138.8800048828,139.25,137.0899963379,137.8385314941,33099200
GOOGL,2024-02-28T05:00:00.000Z,137.8999938965,136.3800048828,138.0099945068,135.4100036621,135.3572845459,37328600
GOOGL,2024-02-29T05:00:00.000Z,137.2799987793,138.4600067139,138.8600006104,136.3999938965,137.4216766357,42133000
GOOGL,2024-03-01T05:00:00.000Z,138.4299926758,137.1399993896,138.8699951172,136.9199981689,136.1115722656,31151100
GOOGL,2024-03-04T05:00:00.000Z,135.6600036621,133.3500061035,135.6600036621,131.9100036621,132.3500213623,55999400
GOOGL,2024-03-05T05:00:00.000Z,131.8800048828,132.6699981689,133.2400054932,130.6699981689,131.6750946045,40194800
GOOGL,2024-03-06T05:00:00.000Z,133.1199951172,131.3999938965,133.5800018311,130.8500061035,130.4146270752,35318600
GOOGL,2024-03-07T05:00:00.000Z,132.7899932861,134.3800048828,134.9400024414,131.6100006104,133.3722839355,37738200
GOOGL,2024-03-08T05:00:00.000Z,134.2100067139,135.4100036621,138.0899963379,134.0,134.3945617676,39370400
GOOGL,2024-03-11T04:00:00.000Z,136.1300048828,137.6699981689,139.1000061035,136.1300048828,136.6376190186,32437800
GOOGL,2024-03-12T04:00:00.000Z,137.0299987793,138.5,139.3800048828,137.0299987793,137.4613952637,27563400
GOOGL,2024-03-13T04:00:00.000Z,139.0,139.7899932861,141.0899963379,138.9900054932,138.74168396,23347200
GOOGL,2024-03-14T04:00:00.000Z,141.1900024414,143.1000061035,143.5899963379,140.4600067139,142.0268859863,42753400
GOOGL,2024-03-15T04:00:00.000Z,142.5,141.1799926758,143.1799926758,140.0299987793,140.1212768555,49475400
GOOGL,2024-03-18T04:00:00.000Z,148.6100006104,147.6799926758,152.1499938965,147.1699981689,146.572555542,69273700
GOOGL,2024-03-19T04:00:00.000Z,148.1600036621,147.0299987793,148.7899932861,146.0800018311,145.9273986816,24070400
GOOGL,2024-03-20T04:00:00.000Z,148.0,148.7400054932,148.8600006104,146.7400054932,147.6245727539,21311500
GOOGL,2024-03-21T04:00:00.000Z,149.4700012207,147.6000061035,150.3699951172,146.8999938965,146.4931640625,24755600
GOOGL,2024-03-22T04:00:00.000Z,149.1199951172,150.7700042725,151.5800018311,148.9799957275,149.6393737793,29211800
GOOGL,2024-03-25T04:00:00.000Z,149.9400024414,150.0700073242,150.3800048828,147.8200073242,148.9446258545,19229300
GOOGL,2024-03-26T04:00:00.000Z,150.2200012207,150.6699981689,152.2599945068,149.9799957275,149.5401306152,22149100
GOOGL,2024-03-27T04:00:00.000Z,151.1799926758,150.8699951172,151.6399993896,148.8999938965,149.7386016846,22879200
GOOGL,2024-03-28T04:00:00.000Z,150.8500061035,150.9299926758,151.4299926758,150.1699981689,149.7981567383,24485400
GOOGL,2024-04-01T04:00:00.000Z,150.6900024414,155.4900054932,155.7400054932,150.6100006104,154.3239898682,31730800
GOOGL,2024-04-02T04:00:00.000Z,153.5,154.5599975586,154.6999969482,152.1499938965,153.4009399414,24586000
GOOGL,2024-04-03T04:00:00.000Z,153.6000061035,154.9199981689,155.0800018311,152.7299957275,153.7582397461,24705000
GOOGL,2024-04-04T04:00:00.000Z,153.5,150.5299987793,154.7700042725,150.4499969482,149.4011688232,34724700
GOOGL,2024-04-05T04:00:00.000Z,150.0299987793,152.5,153.4199981689,149.6000061035,151.3564147949,23459200
GOOGL,2024-04-08T04:00:00.000Z,152.7799987793,154.8500061035,155.2700042725,152.6100006104,153.6887664795,20702000
GOOGL,2024-04-09T04:00:00.000Z,156.0899963379,156.6000061035,158.5599975586,155.1900024414,155.4256439209,31079500
GOOGL,2024-04-10T04:00:00.000Z,156.2100067139,156.1399993896,156.6100006104,154.6799926758,154.9690856934,22838600
GOOGL,2024-04-11T04:00:00.000Z,156.9100036621,159.4100036621,159.6799926758,156.4600067139,158.2145996094,27166400
GOOGL,2024-04-12T04:00:00.000Z,157.9600067139,157.7299957275,160.2200012207,157.1399993896,156.5471496582,25353700
GOOGL,2024-04-15T04:00:00.000Z,158.8600006104,154.8600006104,159.2400054932,154.5899963379,153.6986999512,27136500
GOOGL,2024-04-16T04:00:00.000Z,154.1900024414,154.3999938965,155.6499938965,153.4299926758,153.2421569824,20779500
GOOGL,2024-04-17T04:00:00.000Z,155.6199951172,155.4700012207,157.0800018311,154.5800018311,154.3041229248,21763100
GOOGL,2024-04-18T04:00:00.000Z,155.3399963379,156.0099945068,156.9400024414,154.6199951172,154.8400878906,19883000
GOOGL,2024-04-19T04:00:00.000Z,156.1999969482,154.0899963379,156.3600006104,152.3000030518,152.934463501,32615600
GOOGL,2024-04-22T04:00:00.000Z,154.3099975586,156.2799987793,157.6399993896,154.0599975586,155.1080322266,26446200
GOOGL,2024-04-23T04:00:00.000Z,156.9600067139,158.2599945068,158.9700012207,156.2799987793,157.0731964111,21151600
GOOGL,2024-04-24T04:00:00.000Z,157.4900054932,159.1300048828,159.5700073242,157.1699981689,157.9366912842,22779100
GOOGL,2024-04-25T04:00:00.000Z,151.3300018311,156.0,156.4900054932,150.8699951172,154.8301544189,57109700
GOOGL,2024-04-26T04:00:00.000Z,174.3699951172,171.9499969482,174.7100067139,169.6499938965,170.6605224609,64665300
GOOGL,2024-04-29T04:00:00.000Z,169.0599975586,166.1499938965,169.5500030518,165.2100067139,164.904006958,45610000
GOOGL,2024-04-30T04:00:00.000Z,165.6100006104,162.7799987793,168.1000061035,162.6000061035,161.5592956543,33562900
GOOGL,2024-05-01T04:00:00.000Z,164.3000030518,163.8600006104,167.1199951172,163.0899963379,162.6312255859,33493200
GOOGL,2024-05-02T04:00:00.000Z,164.7899932861,166.6199951172,166.7299957275,163.8899993896,165.370513916,24294500
GOOGL,2024-05-03T04:00:00.000Z,167.5599975586,167.2400054932,167.9600067139,163.0500030518,165.9858551025,34662400
GOOGL,2024-05-06T04:00:00.000Z,167.4600067139,168.1000061035,168.1399993896,166.0299987793,166.8394165039,21871300
GOOGL,2024-05-07T04:00:00.000Z,168.5,171.25,171.7599945068,168.3899993896,169.9657745361,28039700
GOOGL,2024-05-08T04:00:00.000Z,169.0,169.3800048828,170.1499938965,168.7400054932,168.1098175049,19569100
GOOGL,2024-05-09T04:00:00.000Z,169.3899993896,169.9600067139,170.6900024414,168.1799926758,168.6854705811,15346700
GOOGL,2024-05-10T04:00:00.000Z,168.0299987793,168.6499938965,169.8500061035,166.1900024414,167.385269165,29799900
GOOGL,2024-05-13T04:00:00.000Z,164.2599945068,169.1399993896,169.2799987793,164.0,167.87159729,31327600
GOOGL,2024-05-14T04:00:00.000Z,169.7700042725,170.3399963379,171.25,168.8000030518,169.0626220703,25127100
GOOGL,2024-05-15T04:00:00.000Z,170.6300048828,172.5099945068,172.6499938965,170.5099945068,171.2163391113,26948400
GOOGL,2024-05-16T04:00:00.000Z,173.2899932861,174.1799926758,175.1199951172,172.6900024414,172.8737792969,27867900
GOOGL,2024-05-17T04:00:00.000Z,174.1799926758,176.0599975586,176.2700042725,173.6900024414,174.7397155762,24479300
GOOGL,2024-05-20T04:00:00.000Z,176.1900024414,176.9199981689,178.7700042725,176.0800018311,175.5932617188,22554400
GOOGL,2024-05-21T04:00:00.000Z,176.8999938965,177.8500061035,178.1499938965,175.8099975586,176.5163116455,16989400
GOOGL,2024-05-22T04:00:00.000Z,176.6399993896,176.3800048828,177.1499938965,175.2100067139,175.0573272705,17880000
GOOGL,2024-05-23T04:00:00.000Z,177.0700073242,173.5500030518,178.25,172.9499969482,172.248550415,21024900
GOOGL,2024-05-24T04:00:00.000Z,174.9799957275,174.9900054932,175.7700042725,173.6499938965,173.677734375,16579400
GOOGL,2024-05-28T04:00:00.000Z,174.4499969482,176.3999938965,177.2700042725,174.3699951172,175.0771484375,20572200
GOOGL,2024-05-29T04:00:00.000Z,175.4299926758,175.8999938965,176.8399963379,174.7200012207,174.5809020996,23388700
GOOGL,2024-05-30T04:00:00.000Z,175.1999969482,172.1100006104,175.2200012207,171.7899932861,170.8193359375,22931500
GOOGL,2024-05-31T04:00:00.000Z,171.8600006104,172.5,173.0599975586,169.4400024414,171.2064056396,37638900
GOOGL,2024-06-03T04:00:00.000Z,172.5399932861,173.1699981689,174.5299987793,171.1600036621,171.8713989258,27459100
GOOGL,2024-06-04T04:00:00.000Z,173.2799987793,173.7899932861,173.8500061035,171.8899993896,172.4867401123,26879600
GOOGL,2024-06-05T04:00:00.000Z,175.1999969482,175.4100036621,176.6499938965,173.9299926758,174.0945739746,22068500
GOOGL,2024-06-06T04:00:00.000Z,175.8999938965,176.7299957275,177.1499938965,175.75,175.4046630859,23251000
GOOGL,2024-06-07T04:00:00.000Z,177.0500030518,174.4600067139,177.8699951172,174.3000030518,173.1517028809,19661400
GOOGL,2024-06-10T04:00:00.000Z,174.9700012207,175.0099945068,177.0599975586,172.7599945068,173.8969116211,23726700
GOOGL,2024-06-11T04:00:00.000Z,176.2200012207,176.6199951172,176.8399963379,173.7700042725,175.4966888428,21540600
GOOGL,2024-06-12T04:00:00.000Z,178.25,177.7899932861,180.4100036621,176.1100006104,176.6592712402,27864700
GOOGL,2024-06-13T04:00:00.000Z,176.1100006104,175.1600036621,176.7400054932,174.8800048828,174.0459899902,20913300
GOOGL,2024-06-14T04:00:00.000Z,174.2200012207,176.7899932861,177.0599975586,174.1499938965,175.6656188965,18063600
GOOGL,2024-06-17T04:00:00.000Z,175.4600067139,177.2400054932,178.3600006104,174.8099975586,176.1127624512,19618500
GOOGL,2024-06-18T04:00:00.000Z,177.1399993896,175.0899963379,177.3899993896,174.1000061035,173.9764404297,21869900
GOOGL,2024-06-20T04:00:00.000Z,175.3699951172,176.3000030518,177.2899932861,174.9900054932,175.1787261963,20160100
GOOGL,2024-06-21T04:00:00.000Z,177.0,179.6300048828,180.8500061035,176.6100006104,178.4875640869,57759000
GOOGL,2024-06-24T04:00:00.000Z,180.1600036621,179.2200012207,180.8899993896,178.6699981689,178.0801849365,18298000
GOOGL,2024-06-25T04:00:00.000Z,179.6199951172,184.0299987793,184.2899932861,179.4199981689,182.8595581055,23130200
GOOGL,2024-06-26T04:00:00.000Z,182.6300048828,183.8800048828,184.5099945068,182.4799957275,182.7105407715,19839000
GOOGL,2024-06-27T04:00:00.000Z,184.1799926758,185.4100036621,186.0500030518,184.0200042725,184.2308044434,18848900
GOOGL,2024-06-28T04:00:00.000Z,184.3200073242,182.1499938965,185.1300048828,181.9600067139,180.9915008545,29156600
GOOGL,2024-07-01T04:00:00.000Z,183.0299987793,182.9900054932,183.8800048828,181.3000030518,181.8261871338,16006100
GOOGL,2024-07-02T04:00:00.000Z,182.0500030518,185.2400054932,185.5700073242,181.5599975586,184.0618896484,17372500
GOOGL,2024-07-03T04:00:00.000Z,184.8500061035,185.8200073242,186.0899963379,184.0,184.6381988525,10242100
GOOGL,2024-07-05T04:00:00.000Z,185.8600006104,190.6000061035,190.8600006104,185.8000030518,189.387802124,20967500
GOOGL,2024-07-08T04:00:00.000Z,189.8999938965,189.0299987793,190.1699981689,187.7799987793,187.8277587891,21035900
GOOGL,2024-07-09T04:00:00.000Z,190.3099975586,188.9799957275,191.3600006104,188.7200012207,187.7780761719,15121400
GOOGL,2024-07-10T04:00:00.000Z,189.1499938965,191.1799926758,191.75,189.0299987793,189.9640960693,15952500
GOOGL,2024-07-11T04:00:00.000Z,189.8500061035,185.5700073242,190.8600006104,185.0800018311,184.3897857666,25625800
GOOGL,2024-07-12T04:00:00.000Z,185.0800018311,185.0700073242,187.1100006104,184.4900054932,183.8929595947,22898400
GOOGL,2024-07-15T04:00:00.000Z,184.9199981689,186.5299987793,188.2400054932,184.9199981689,185.3436737061,16474000
GOOGL,2024-07-16T04:00:00.000Z,187.3600006104,183.9199981689,188.6799926758,183.3699951172,182.750289917,18290700
GOOGL,2024-07-17T04:00:00.000Z,182.9700012207,181.0200042725,183.5500030518,179.8999938965,179.8687133789,20734100
GOOGL,2024-07-18T04:00:00.000Z,181.9299926758,177.6900024414,182.5,176.4700012207,176.5598907471,25315700
GOOGL,2024-07-19T04:00:00.000Z,178.8800048828,177.6600036621,180.2899932861,177.1300048828,176.5300750732,18881900
GOOGL,2024-07-22T04:00:00.000Z,180.5899963379,181.6699981689,182.6999969482,180.2299957275,180.5145568848,24100300
GOOGL,2024-07-23T04:00:00.000Z,182.0500030518,181.7899932861,183.6100006104,181.5399932861,180.6338043213,36352700
GOOGL,2024-07-24T04:00:00.000Z,173.6000061035,172.6300048828,176.1900024414,171.8200073242,171.5320892334,49585200
GOOGL,2024-07-25T04:00:00.000Z,172.5200042725,167.2799987793,173.4199981689,167.1900024414,166.2160949707,44852000
GOOGL,2024-07-26T04:00:00.000Z,167.1499938965,167.0,168.0899963379,164.0599975586,165.9378814697,41336900
GOOGL,2024-07-29T04:00:00.000Z,168.8300018311,169.5299987793,170.4299926758,167.9900054932,168.4517974854,20293800
GOOGL,2024-07-30T04:00:00.000Z,170.2400054932,170.2899932861,171.2299957275,168.4400024414,169.2069396973,18959700
GOOGL,2024-07-31T04:00:00.000Z,173.2400054932,171.5399932861,174.25,170.0099945068,170.4489898682,25729100
GOOGL,2024-08-01T04:00:00.000Z,170.25,170.7599945068,174.0500030518,168.8800048828,169.6739807129,24531400
GOOGL,2024-08-02T04:00:00.000Z,166.4400024414,166.6600036621,168.5099945068,164.6699981689,165.6000518799,29130100
GOOGL,2024-08-05T04:00:00.000Z,155.5,159.25,164.4299926758,154.9299926758,158.2371673584,53630700
GOOGL,2024-08-06T04:00:00.000Z,159.3300018311,158.2899932861,160.5700073242,156.4100036621,157.2832641602,49004600
GOOGL,2024-08-07T04:00:00.000Z,161.25,158.9400024414,162.9799957275,158.4700012207,157.9291534424,25138600
GOOGL,2024-08-08T04:00:00.000Z,160.5099945068,162.0299987793,163.6900024414,160.2100067139,160.99949646,25578800
GOOGL,2024-08-09T04:00:00.000Z,160.0099945068,163.6699981689,163.7899932861,159.0599975586,162.6290588379,28602300
GOOGL,2024-08-12T04:00:00.000Z,164.3500061035,162.2899932861,164.8999938965,161.8399963379,161.2578430176,15895300
GOOGL,2024-08-13T04:00:00.000Z,163.4100036621,164.1600036621,164.7299957275,162.9700012207,163.1159515381,18551700
GOOGL,2024-08-14T04:00:00.000Z,162.3999938965,160.3699951172,163.2200012207,157.7100067139,159.3500366211,40591100
GOOGL,2024-08-15T04:00:00.000Z,160.5,161.3000030518,161.6399993896,159.6100006104,160.2741394043,31524300
GOOGL,2024-08-16T04:00:00.000Z,161.4700012207,162.9600067139,165.0599975586,161.1300048828,161.9235839844,24208600
GOOGL,2024-08-19T04:00:00.000Z,165.2799987793,166.6699981689,166.6900024414,164.2599945068,165.6099853516,22416200
GOOGL,2024-08-20T04:00:00.000Z,166.8999938965,167.1799926758,168.6399993896,166.8200073242,166.1167449951,18341500
GOOGL,2024-08-21T04:00:00.000Z,165.1499938965,165.8500061035,166.8500061035,164.6699981689,164.795211792,22902000
GOOGL,2024-08-22T04:00:00.000Z,167.2599945068,163.8000030518,167.5899963379,163.3099975586,162.7582244873,22493300
GOOGL,2024-08-23T04:00:00.000Z,164.7200012207,165.6199951172,166.1799926758,163.8300018311,164.5666503906,13955700
GOOGL,2024-08-26T04:00:00.000Z,166.3800048828,166.1600036621,167.5500030518,164.4600067139,165.103225708,14190400
GOOGL,2024-08-27T04:00:00.000Z,165.8399963379,164.6799926758,166.4400024414,164.4600067139,163.6326293945,11821900
GOOGL,2024-08-28T04:00:00.000Z,165.0399932861,162.8500061035,165.6000061035,161.5299987793,161.8142852783,16407400
GOOGL,2024-08-29T04:00:00.000Z,164.3099975586,161.7799987793,165.9700012207,160.25,160.7510681152,19699800
GOOGL,2024-08-30T04:00:00.000Z,162.6199951172,163.3800048828,163.6600036621,161.6900024414,162.3409118652,22123800
GOOGL,2024-09-03T04:00:00.000Z,161.7200012207,157.3600006104,161.8500061035,156.4799957275,156.3591918945,38945300
GOOGL,2024-09-04T04:00:00.000Z,156.6600036621,156.4499969482,159.0,155.9600067139,155.4549865723,19353800
GOOGL,2024-09-05T04:00:00.000Z,156.3000030518,157.2400054932,159.4499969482,155.9799957275,156.2399597168,18688700
GOOGL,2024-09-06T04:00:00.000Z,157.3000030518,150.9199981689,157.8300018311,150.5500030518,149.960144043,37912100
GOOGL,2024-09-09T04:00:00.000Z,152.5099945068,148.7100067139,153.3999938965,147.2200012207,147.9602813721,39260500
GOOGL,2024-09-10T04:00:00.000Z,150.4499969482,148.6600036621,151.2700042725,148.3399963379,147.9105377197,31118800
GOOGL,2024-09-11T04:00:00.000Z,149.9199981689,151.1600036621,151.5,147.5200042725,150.39793396,29607700
GOOGL,2024-09-12T04:00:00.000Z,153.8000030518,154.6900024414,154.8200073242,152.6499938965,153.9101409912,29621500
GOOGL,2024-09-13T04:00:00.000Z,155.4299926758,157.4600067139,158.3800048828,155.2100067139,156.6661834717,29591200
GOOGL,2024-09-16T04:00:00.000Z,157.3099975586,158.0599975586,158.25,156.6000061035,157.2631378174,18379800
GOOGL,2024-09-17T04:00:00.000Z,159.0200042725,159.3200073242,160.5500030518,158.3800048828,158.5167999268,20715600
GOOGL,2024-09-18T04:00:00.000Z,159.8600006104,159.8099975586,160.5,158.6000061035,159.0043487549,23677300
GOOGL,2024-09-19T04:00:00.000Z,163.7100067139,162.1399993896,163.7899932861,161.3399963379,161.3225708008,26587700
GOOGL,2024-09-20T04:00:00.000Z,163.5,163.5899963379,163.7299957275,162.0599975586,162.7652740479,40896400
GOOGL,2024-09-23T04:00:00.000Z,164.3500061035,161.8500061035,165.4900054932,161.6699981689,161.0340270996,24150900
GOOGL,2024-09-24T04:00:00.000Z,163.0299987793,162.2899932861,163.2200012207,160.6900024414,161.4718170166,23332100
GOOGL,2024-09-25T04:00:00.000Z,161.4700012207,161.4900054932,162.8099975586,161.3000030518,160.6758422852,18869200
GOOGL,2024-09-26T04:00:00.000Z,163.6399993896,162.7299957275,164.0800018311,162.2799987793,161.9095916748,20319300
GOOGL,2024-09-27T04:00:00.000Z,162.8099975586,163.9499969482,165.6999969482,162.6300048828,163.1234588623,21101300
GOOGL,2024-09-30T04:00:00.000Z,163.3200073242,165.8500061035,166.1499938965,163.2599945068,165.013885498,20413900
GOOGL,2024-10-01T04:00:00.000Z,167.6900024414,166.9900054932,169.1600036621,164.5800018311,166.1481323242,28338100
GOOGL,2024-10-02T04:00:00.000Z,166.4199981689,165.8600006104,167.5200042725,164.7299957275,165.0238189697,17760200
GOOGL,2024-10-03T04:00:00.000Z,164.4100036621,165.8600006104,166.6399993896,163.9199981689,165.0238189697,15073100
GOOGL,2024-10-04T04:00:00.000Z,168.0599975586,167.0599975586,168.2299957275,165.4799957275,166.2177886963,19047400
GOOGL,2024-10-07T04:00:00.000Z,167.7200012207,162.9799957275,168.4799957275,162.75,162.1583404541,22463100
GOOGL,2024-10-08T04:00:00.000Z,163.9400024414,164.3800048828,164.7299957275,162.8699951172,163.55128479,23072700
GOOGL,2024-10-09T04:00:00.000Z,163.4499969482,161.8600006104,164.8399963379,159.7400054932,161.0439910889,31181800
GOOGL,2024-10-10T04:00:00.000Z,160.8699951172,162.0800018311,163.0700073242,160.3999938965,161.2628936768,14144100
GOOGL,2024-10-11T04:00:00.000Z,162.1300048828,163.2400054932,163.8999938965,161.2400054932,162.4170227051,15344300
GOOGL,2024-10-14T04:00:00.000Z,163.6399993896,164.9600067139,166.2299957275,163.3999938965,164.1283721924,19016100
GOOGL,2024-10-15T04:00:00.000Z,165.7899932861,165.4600067139,167.6799926758,164.6300048828,164.6258392334,20247200
GOOGL,2024-10-16T04:00:00.000Z,164.5299987793,165.1600036621,165.8000030518,163.7400054932,164.3273620605,16406000
GOOGL,2024-10-17T04:00:00.000Z,165.7299957275,162.9299926758,166.3699951172,162.7599945068,162.108581543,21453400
GOOGL,2024-10-18T04:00:00.000Z,163.1900024414,163.4199981689,164.7100067139,163.0800018311,162.5961303711,19757700
GOOGL,2024-10-21T04:00:00.000Z,162.9499969482,164.0700073242,164.5,162.6199951172,163.2428741455,20946500
GOOGL,2024-10-22T04:00:00.000Z,162.9799957275,165.1399993896,165.7700042725,162.9799957275,164.3074493408,16568100
GOOGL,2024-10-23T04:00:00.000Z,164.7599945068,162.7799987793,165.8200073242,161.9299926758,161.9593505859,18280500
GOOGL,2024-10-24T04:00:00.000Z,162.8300018311,162.7200012207,163.3300018311,161.0099945068,161.8996429443,22412500
GOOGL,2024-10-25T04:00:00.000Z,163.6699981689,165.2700042725,165.5899963379,163.4199981689,164.4367980957,19828900
GOOGL,2024-10-28T04:00:00.000Z,168.75,166.7200012207,168.75,163.9499969482,165.8794708252,32138600
GOOGL,2024-10-29T04:00:00.000Z,167.7299957275,169.6799926758,170.3800048828,167.0899963379,168.8245544434,42169000
GOOGL,2024-10-30T04:00:00.000Z,180.6799926758,174.4600067139,182.0200042725,174.0599975586,173.5804595947,68890800
GOOGL,2024-10-31T04:00:00.000Z,173.1300048828,171.1100006104,176.8200073242,171.0,170.2473602295,44769000
GOOGL,2024-11-01T04:00:00.000Z,170.0700073242,171.2899932861,172.3200073242,168.8800048828,170.4264373779,31796500
GOOGL,2024-11-04T05:00:00.000Z,169.9299926758,169.2400054932,170.7299957275,168.0099945068,168.3867950439,21492700
GOOGL,2024-11-05T05:00:00.000Z,169.4299926758,169.7400054932,170.5299987793,168.8399963379,168.8842773438,18242100
GOOGL,2024-11-06T05:00:00.000Z,173.8000030518,176.5099945068,176.9400024414,173.5,175.6201324463,33695500
GOOGL,2024-11-07T05:00:00.000Z,177.4100036621,180.75,181.0800018311,177.1900024414,179.838760376,25352900
GOOGL,2024-11-08T05:00:00.000Z,180.6499938965,178.3500061035,180.8999938965,178.0800018311,177.4508514404,22006200
GOOGL,2024-11-11T05:00:00.000Z,178.5800018311,180.3500061035,180.5500030518,178.4700012207,179.4407806396,17450400
GOOGL,2024-11-12T05:00:00.000Z,179.8200073242,181.6199951172,182.4900054932,179.3899993896,180.7043457031,25134900
GOOGL,2024-11-13T05:00:00.000Z,180.4600067139,178.8800048828,180.9600067139,178.5399932861,177.9781951904,23184000
GOOGL,2024-11-14T05:00:00.000Z,178.2799987793,175.5800018311,178.8200073242,174.3200073242,174.69480896,31007500
GOOGL,2024-11-15T05:00:00.000Z,173.7299957275,172.4900054932,174.1399993896,171.2200012207,171.6204071045,32504600
GOOGL,2024-11-18T05:00:00.000Z,173.4199981689,175.3000030518,175.4400024414,172.8999938965,174.416229248,20135300
GOOGL,2024-11-19T05:00:00.000Z,173.7200012207,178.1199951172,178.8699951172,173.5599975586,177.2220306396,23434900
GOOGL,2024-11-20T05:00:00.000Z,177.3399963379,175.9799957275,177.6799926758,173.7799987793,175.0927886963,18997100
GOOGL,2024-11-21T05:00:00.000Z,173.8999938965,167.6300048828,174.1300048828,163.6999969482,166.7849273682,59734400
GOOGL,2024-11-22T05:00:00.000Z,165.8500061035,164.7599945068,166.4600067139,163.8999938965,163.9293518066,38604600
GOOGL,2024-11-25T05:00:00.000Z,166.0899963379,167.6499938965,168.6300048828,165.6100006104,166.8047943115,33135300
GOOGL,2024-11-26T05:00:00.000Z,167.6300048828,169.1199951172,169.8200073242,167.5800018311,168.2673950195,20486700
GOOGL,2024-11-27T05:00:00.000Z,169.0,169.2299957275,169.4799957275,168.0200042725,168.3768157959,19266500
GOOGL,2024-11-29T05:00:00.000Z,168.5,168.9499969482,169.4299926758,167.1600036621,168.098236084,14257200
GOOGL,2024-12-02T05:00:00.000Z,168.7700042725,171.4900054932,172.0800018311,168.5700073242,170.6254425049,23789100
GOOGL,2024-12-03T05:00:00.000Z,171.4900054932,171.3399963379,172.6799926758,170.8500061035,170.4761810303,22248700
GOOGL,2024-12-04T05:00:00.000Z,171.1499938965,174.3699951172,174.9100036621,171.0599975586,173.4909210205,31615100
GOOGL,2024-12-05T05:00:00.000Z,175.3600006104,172.6399993896,176.0599975586,172.3300018311,171.7696380615,21356200
GOOGL,2024-12-06T05:00:00.000Z,172.0299987793,174.7100067139,175.0800018311,171.8600006104,173.8292236328,21462400
GOOGL,2024-12-09T05:00:00.000Z,173.9600067139,175.3699951172,176.2599945068,173.6499938965,174.6858673096,25389600
GOOGL,2024-12-10T05:00:00.000Z,182.8500061035,185.1699981689,186.3600006104,181.0500030518,184.4476165771,54813000
GOOGL,2024-12-11T05:00:00.000Z,185.3099975586,195.3999938965,195.6100006104,184.8500061035,194.6377105713,67894100
GOOGL,2024-12-12T05:00:00.000Z,195.0,191.9600067139,195.1799926758,191.7100067139,191.2111358643,34817500
GOOGL,2024-12-13T05:00:00.000Z,191.0099945068,189.8200073242,192.7299957275,189.6399993896,189.0794830322,25143500
GOOGL,2024-12-16T05:00:00.000Z,192.8699951172,196.6600036621,199.0,192.6199951172,195.892791748,44934900
GOOGL,2024-12-17T05:00:00.000Z,197.25,195.4199981689,201.4199981689,194.9799957275,194.657623291,43504000
GOOGL,2024-12-18T05:00:00.000Z,195.2200012207,188.3999938965,197.0,187.7400054932,187.6650085449,34166100
GOOGL,2024-12-19T05:00:00.000Z,191.6300048828,188.5099945068,193.0299987793,188.3800048828,187.7745819092,32265200
GOOGL,2024-12-20T05:00:00.000Z,185.7799987793,191.4100036621,192.8899993896,185.2200012207,190.663269043,63462900
GOOGL,2024-12-23T05:00:00.000Z,192.6199951172,194.6300048828,195.1000061035,190.1499938965,193.8707275391,25675000
GOOGL,2024-12-24T05:00:00.000Z,194.8399963379,196.1100006104,196.1100006104,193.7799987793,195.3449554443,10403300
GOOGL,2024-12-26T05:00:00.000Z,195.1499938965,195.6000061035,196.75,194.3800048828,194.8369445801,12046600
GOOGL,2024-12-27T05:00:00.000Z,194.9499969482,192.7599945068,195.3200073242,190.6499938965,192.0079956055,18891400
GOOGL,2024-12-30T05:00:00.000Z,189.8000030518,191.2400054932,192.5500030518,189.1199951172,190.4939422607,14264700
GOOGL,2024-12-31T05:00:00.000Z,191.0800018311,189.3000030518,191.9600067139,188.5099945068,188.5615234375,17466900
GOOGL,2025-01-02T05:00:00.000Z,190.6499938965,189.4299926758,192.0,187.5,188.6909942627,20370800
GOOGL,2025-01-03T05:00:00.000Z,191.3699951172,191.7899932861,193.2100067139,189.9799957275,191.0417938232,18596200
GOOGL,2025-01-06T05:00:00.000Z,193.9799957275,196.8699951172,198.2200012207,193.8500061035,196.1019744873,29563600
GOOGL,2025-01-07T05:00:00.000Z,197.1100006104,195.4900054932,201.0,194.6000061035,194.7273712158,26487200
GOOGL,2025-01-08T05:00:00.000Z,192.5700073242,193.9499969482,196.2899932861,192.3800048828,193.193359375,24864800
GOOGL,2025-01-10T05:00:00.000Z,194.3000030518,192.0399932861,196.5200042725,190.3099975586,191.2908172607,26665200
GOOGL,2025-01-13T05:00:00.000Z,190.0700073242,191.0099945068,191.1799926758,187.3600006104,190.2648468018,21823700
GOOGL,2025-01-14T05:00:00.000Z,191.2400054932,189.6600036621,191.9799957275,188.3099975586,188.9201049805,17174900
GOOGL,2025-01-15T05:00:00.000Z,193.0899963379,195.5500030518,196.3600006104,191.8600006104,194.7871246338,21776000
GOOGL,2025-01-16T05:00:00.000Z,194.1399993896,192.9100036621,195.4799957275,192.8099975586,192.1574401855,17815400
GOOGL,2025-01-17T05:00:00.000Z,196.5299987793,196.0,197.2299957275,193.75,195.2353668213,27735100
GOOGL,2025-01-21T05:00:00.000Z,199.0700073242,198.0500030518,202.2899932861,197.8699951172,197.2773742676,29971300
GOOGL,2025-01-22T05:00:00.000Z,199.0599975586,198.3699951172,200.4799957275,197.5299987793,197.5961151123,26200600
GOOGL,2025-01-23T05:00:00.000Z,198.1399993896,197.9799957275,200.3000030518,195.1999969482,197.2076416016,26951400
GOOGL,2025-01-24T05:00:00.000Z,198.1000061035,200.2100067139,200.8999938965,198.0,199.4289703369,23877500
GOOGL,2025-01-27T05:00:00.000Z,192.4100036621,191.8099975586,196.8800048828,190.7299957275,191.0617218018,41728900
GOOGL,2025-01-28T05:00:00.000Z,192.75,195.3000030518,195.4799957275,190.6799926758,194.5381011963,24157900
GOOGL,2025-01-29T05:00:00.000Z,195.5599975586,195.4100036621,196.7899932861,193.4299926758,194.6476745605,18218300
GOOGL,2025-01-30T05:00:00.000Z,198.0,200.8699951172,201.3999938965,197.6699981689,200.0863647461,24354700
GOOGL,2025-01-31T05:00:00.000Z,202.0,204.0200042725,205.4799957275,201.8000030518,203.224105835,32001100
GOOGL,2025-02-03T05:00:00.000Z,200.6900024414,201.2299957275,203.75,200.1000061035,200.4449615479,27838300
GOOGL,2025-02-04T05:00:00.000Z,203.3899993896,206.3800048828,207.0500030518,202.8099975586,205.5748901367,43856400
GOOGL,2025-02-05T05:00:00.000Z,191.0700073242,191.3300018311,192.75,188.0299987793,190.5835876465,70373900
GOOGL,2025-02-06T05:00:00.000Z,189.5,191.6000061035,192.1000061035,188.7200012207,190.8525390625,29297400
GOOGL,2025-02-07T05:00:00.000Z,191.0500030518,185.3399963379,191.1799926758,183.2400054932,184.6169586182,49315000
GOOGL,2025-02-10T05:00:00.000Z,187.3500061035,186.4700012207,188.1999969482,185.8600006104,185.7425537109,23105600
GOOGL,2025-02-11T05:00:00.000Z,185.0299987793,185.3200073242,186.9400024414,184.2799987793,184.5970458984,21239500
GOOGL,2025-02-12T05:00:00.000Z,183.2200012207,183.6100006104,185.1100006104,181.8300018311,182.8937225342,22072600
GOOGL,2025-02-13T05:00:00.000Z,184.3200073242,186.1399993896,186.2799987793,183.1399993896,185.413848877,21402500
GOOGL,2025-02-14T05:00:00.000Z,185.0599975586,185.2299957275,186.3999938965,184.3200073242,184.5073852539,20448400
GOOGL,2025-02-18T05:00:00.000Z,185.6000061035,183.7700042725,185.9600067139,181.7400054932,183.0530700684,29916700
GOOGL,2025-02-19T05:00:00.000Z,184.0700073242,185.2700042725,185.4600067139,183.5899963379,184.5472259521,19549400
GOOGL,2025-02-20T05:00:00.000Z,184.8000030518,184.5599975586,185.3099975586,182.7200012207,183.8399963379,20441500
GOOGL,2025-02-21T05:00:00.000Z,185.1499938965,179.6600036621,185.3399963379,179.0800018311,178.9591217041,35199200
GOOGL,2025-02-24T05:00:00.000Z,181.9900054932,179.25,183.1199951172,178.8899993896,178.5507202148,29854200
GOOGL,2025-02-25T05:00:00.000Z,178.0399932861,175.4199981689,178.7400054932,174.6900024414,174.7356567383,41913400
GOOGL,2025-02-26T05:00:00.000Z,175.0700073242,172.7299957275,176.0800018311,171.5800018311,172.056137085,35431300
GOOGL,2025-02-27T05:00:00.000Z,173.9900054932,168.5,174.5599975586,167.9400024414,167.842666626,39991000
GOOGL,2025-02-28T05:00:00.000Z,168.6799926758,170.2799987793,170.6100006104,166.7700042725,169.6156921387,48130600
GOOGL,2025-03-03T05:00:00.000Z,171.9299926758,167.0099945068,173.3699951172,165.9299926758,166.3584594727,40770500
GOOGL,2025-03-04T05:00:00.000Z,166.2400054932,170.9199981689,173.2899932861,165.8000030518,170.2532043457,45388000
GOOGL,2025-03-05T05:00:00.000Z,170.5200042725,173.0200042725,173.7799987793,169.0599975586,172.3450164795,30954900
GOOGL,2025-03-06T05:00:00.000Z,170.5299987793,172.3500061035,174.8099975586,170.5,171.6776275635,28302000
GOOGL,2025-03-07T05:00:00.000Z,171.2599945068,173.8600006104,174.9700012207,170.2700042725,173.1817474365,27385800
GOOGL,2025-03-10T04:00:00.000Z,168.2599945068,165.8699951172,168.4600067139,163.6900024414,165.413192749,43604000
GOOGL,2025-03-11T04:00:00.000Z,164.9100036621,164.0399932861,166.75,161.3699951172,163.5882263184,39587400
GOOGL,2025-03-12T04:00:00.000Z,166.5800018311,167.1100006104,167.6399993896,163.5299987793,166.6497802734,28372400
GOOGL,2025-03-13T04:00:00.000Z,166.0399932861,162.7599945068,166.1300048828,162.1100006104,162.3117523193,31756200
GOOGL,2025-03-14T04:00:00.000Z,163.2700042725,165.4900054932,166.4900054932,162.4499969482,165.0342407227,31995900
GOOGL,2025-03-17T04:00:00.000Z,165.0299987793,164.2899932861,166.3000030518,163.6699981689,163.8375396729,31184300
GOOGL,2025-03-18T04:00:00.000Z,163.6799926758,160.6699981689,164.25,156.7200012207,160.2275238037,42074800
GOOGL,2025-03-19T04:00:00.000Z,161.7599945068,163.8899993896,165.8699951172,161.0,163.4386444092,34275600
GOOGL,2025-03-20T04:00:00.000Z,161.5700073242,162.8000030518,164.8899993896,160.9600067139,162.3516540527,28138500
GOOGL,2025-03-21T04:00:00.000Z,161.2100067139,163.9900054932,164.2400054932,160.8899993896,163.5383758545,36625800
GOOGL,2025-03-24T04:00:00.000Z,167.0700073242,167.6799926758,168.3200073242,165.1399993896,167.2182006836,30879100
GOOGL,2025-03-25T04:00:00.000Z,168.9799957275,170.5599975586,170.6300048828,168.3200073242,170.0902862549,24174400
GOOGL,2025-03-26T04:00:00.000Z,169.0,165.0599975586,169.6100006104,164.8399963379,164.6054382324,28901600
GOOGL,2025-03-27T04:00:00.000Z,164.6300048828,162.2400054932,165.4199981689,162.0,161.7932128906,24508300
GOOGL,2025-03-28T04:00:00.000Z,160.4900054932,154.3300018311,161.8200073242,153.6300048828,153.9049682617,48669300
GOOGL,2025-03-31T04:00:00.000Z,153.1100006104,154.6399993896,155.5399932861,150.6600036621,154.2141265869,54603500
GOOGL,2025-04-01T04:00:00.000Z,153.6199951172,157.0700073242,158.1000061035,153.6199951172,156.6374511719,30672900
GOOGL,2025-04-02T04:00:00.000Z,155.1499938965,157.0399932861,158.4100036621,154.6999969482,156.6074981689,25041700
GOOGL,2025-04-03T04:00:00.000Z,151.1100006104,150.7200012207,152.7799987793,150.3899993896,150.3049163818,46883400
GOOGL,2025-04-04T04:00:00.000Z,148.0099945068,145.6000061035,151.0700073242,145.3800048828,145.1990203857,62259500
GOOGL,2025-04-07T04:00:00.000Z,141.5500030518,146.75,152.8500061035,140.5299987793,146.3458557129,76794100
GOOGL,2025-04-08T04:00:00.000Z,151.2200012207,144.6999969482,152.2400054932,143.0299987793,144.3014984131,52200200
GOOGL,2025-04-09T04:00:00.000Z,144.4199981689,158.7100067139,159.5500030518,143.9100036621,158.27293396,70406200
GOOGL,2025-04-10T04:00:00.000Z,156.5399932861,152.8200073242,157.7200012207,149.9299926758,152.3991394043,48022000
GOOGL,2025-04-11T04:00:00.000Z,152.8999938965,157.1399993896,157.6699981689,152.8200073242,156.7072296143,33636200
GOOGL,2025-04-14T04:00:00.000Z,160.0,159.0700073242,161.7200012207,157.5599975586,158.6319274902,30333000
GOOGL,2025-04-15T04:00:00.000Z,159.1300048828,156.3099975586,159.6499938965,155.2100067139,155.8795318604,27551500
GOOGL,2025-04-16T04:00:00.000Z,153.1000061035,153.3300018311,155.8899993896,151.5099945068,152.9077453613,28187400
GOOGL,2025-04-17T04:00:00.000Z,154.2899932861,151.1600036621,154.6799926758,148.5,150.7437133789,33046600
GOOGL,2025-04-21T04:00:00.000Z,148.8800048828,147.6699981689,148.9499969482,146.1000061035,147.2633056641,26049100
GOOGL,2025-04-22T04:00:00.000Z,148.8899993896,151.4700012207,152.1900024414,148.5399932861,151.0528717041,26971800
GOOGL,2025-04-23T04:00:00.000Z,155.6100006104,155.3500061035,157.5299987793,153.8099975586,154.9221801758,31128800
GOOGL,2025-04-24T04:00:00.000Z,156.1499938965,159.2799987793,159.5899963379,155.7899932861,158.8413543701,45894000
GOOGL,2025-04-25T04:00:00.000Z,165.0700073242,161.9600067139,166.1000061035,161.0399932861,161.5139770508,56034000
GOOGL,2025-04-28T04:00:00.000Z,162.4299926758,160.6100006104,163.1499938965,158.6000061035,160.1676940918,29745800
GOOGL,2025-04-29T04:00:00.000Z,160.3200073242,160.1600036621,160.7400054932,157.5200042725,159.7189331055,26809000
GOOGL,2025-04-30T04:00:00.000Z,157.9799957275,158.8000030518,159.2700042725,155.3999938965,158.3626708984,34981100
GOOGL,2025-05-01T04:00:00.000Z,160.4499969482,161.3000030518,161.9499969482,158.9100036621,160.8557891846,30203200
GOOGL,2025-05-02T04:00:00.000Z,163.4100036621,164.0299987793,164.9700012207,161.8699951172,163.5782623291,25715000
GOOGL,2025-05-05T04:00:00.000Z,163.0,164.2100067139,165.3899993896,162.7200012207,163.7577819824,21341800
GOOGL,2025-05-06T04:00:00.000Z,162.1699981689,163.2299957275,164.8000030518,161.1900024414,162.7804718018,21277200
GOOGL,2025-05-07T04:00:00.000Z,164.0800018311,151.3800048828,165.0,147.8399963379,150.9631195068,127490100
GOOGL,2025-05-08T04:00:00.000Z,155.0,154.2799987793,155.9299926758,152.8999938965,153.8551177979,57498700
GOOGL,2025-05-09T04:00:00.000Z,154.1699981689,152.75,155.0500030518,152.1999969482,152.3293304443,32435300
GOOGL,2025-05-12T04:00:00.000Z,157.4900054932,158.4600067139,159.1000061035,156.25,158.0236206055,44138800
GOOGL,2025-05-13T04:00:00.000Z,158.7899932861,159.5299987793,160.5700073242,156.1600036621,159.0906677246,42382100
GOOGL,2025-05-14T04:00:00.000Z,159.9600067139,165.3699951172,167.0,159.6100006104,164.9145812988,48755900
GOOGL,2025-05-15T04:00:00.000Z,165.8399963379,163.9600067139,166.2100067139,162.3699951172,163.5084686279,33146700
GOOGL,2025-05-16T04:00:00.000Z,167.7299957275,166.1900024414,169.3500061035,165.6199951172,165.7323150635,42846900
GOOGL,2025-05-19T04:00:00.000Z,164.5099945068,166.5399932861,166.6399993896,164.2200012207,166.0813446045,30426100
GOOGL,2025-05-20T04:00:00.000Z,166.4299926758,163.9799957275,168.5,162.8999938965,163.5283966064,46607700
GOOGL,2025-05-21T04:00:00.000Z,163.6900024414,168.5599975586,173.1399993896,163.5599975586,168.0957946777,73416000
GOOGL,2025-05-22T04:00:00.000Z,171.8500061035,170.8699951172,176.7700042725,170.7100067139,170.3994140625,74864400
GOOGL,2025-05-23T04:00:00.000Z,169.0599975586,168.4700012207,169.9600067139,167.8899993896,168.0060424805,35211400
GOOGL,2025-05-27T04:00:00.000Z,170.1600036621,172.8999938965,173.1699981689,170.0,172.4238433838,37995700
GOOGL,2025-05-28T04:00:00.000Z,173.1600036621,172.3600006104,175.2700042725,171.9100036621,171.8853302002,34784000
GOOGL,2025-05-29T04:00:00.000Z,174.0,171.8600006104,174.4199981689,170.6300048828,171.3867034912,29317300
GOOGL,2025-05-30T04:00:00.000Z,171.3500061035,171.7400054932,172.2100067139,167.4400024414,171.2670288086,52639900
GOOGL,2025-06-02T04:00:00.000Z,167.8399963379,169.0299987793,169.8699951172,167.3899993896,168.5644836426,38612300
GOOGL,2025-06-03T04:00:00.000Z,167.4900054932,166.1799926758,168.4799957275,165.2799987793,165.7223358154,45084900
GOOGL,2025-06-04T04:00:00.000Z,166.7400054932,168.0500030518,168.2200012207,166.3600006104,167.5872039795,26900800
GOOGL,2025-06-05T04:00:00.000Z,170.3399963379,168.2100067139,170.9299926758,167.5899963379,167.7467498779,36379100
GOOGL,2025-06-06T04:00:00.000Z,170.8300018311,173.6799926758,174.5,170.8300018311,173.2016906738,35731800
GOOGL,2025-06-09T04:00:00.000Z,174.5399932861,176.0899963379,176.4700012207,174.3699951172,175.8176422119,28935900
GOOGL,2025-06-10T04:00:00.000Z,176.1999969482,178.6000061035,181.1100006104,174.9100036621,178.3237762451,61766100
GOOGL,2025-06-11T04:00:00.000Z,179.7700042725,177.3500061035,180.3699951172,176.75,177.0756988525,31646800
GOOGL,2025-06-12T04:00:00.000Z,176.1799926758,175.6999969482,176.7200012207,174.75,175.4282531738,20941900
GOOGL,2025-06-13T04:00:00.000Z,172.4400024414,174.6699981689,177.1300048828,172.3899993896,174.3998413086,27663100
GOOGL,2025-06-16T04:00:00.000Z,174.7299957275,176.7700042725,176.9400024414,174.6499938965,176.49659729,27389200
GOOGL,2025-06-17T04:00:00.000Z,175.6999969482,175.9499969482,177.3600006104,174.5800018311,175.6778564453,24973000
GOOGL,2025-06-18T04:00:00.000Z,176.0099945068,173.3200073242,176.5599975586,173.1999969482,173.051940918,28707500
GOOGL,2025-06-20T04:00:00.000Z,173.9499969482,166.6399993896,174.3399963379,165.4600067139,166.3822631836,75659900
GOOGL,2025-06-23T04:00:00.000Z,166.2700042725,165.1900024414,167.3399963379,162.0,164.9345092773,57671000
GOOGL,2025-06-24T04:00:00.000Z,166.9199981689,166.7700042725,168.2200012207,166.1300048828,166.5120697021,40524300
GOOGL,2025-06-25T04:00:00.000Z,167.6300048828,170.6799926758,172.3600006104,167.5500030518,170.416015625,35479000
GOOGL,2025-06-26T04:00:00.000Z,172.4299926758,173.5399932861,173.6900024414,169.9400024414,173.2715759277,31796700
GOOGL,2025-06-27T04:00:00.000Z,173.5399932861,178.5299987793,178.6799926758,171.7299957275,178.2538757324,108140200
GOOGL,2025-06-30T04:00:00.000Z,180.7799987793,176.2299957275,181.2299957275,174.5800018311,175.9574279785,63378900
GOOGL,2025-07-01T04:00:00.000Z,175.7400054932,175.8399963379,176.0899963379,173.5299987793,175.5680236816,35904500
GOOGL,2025-07-02T04:00:00.000Z,175.5399932861,178.6399993896,178.8600006104,175.0700073242,178.3636932373,29128900
GOOGL,2025-07-03T04:00:00.000Z,178.5,179.5299987793,179.6699981689,177.0500030518,179.2523193359,21689700
GOOGL,2025-07-07T04:00:00.000Z,179.0599975586,176.7899932861,179.3000030518,175.6799926758,176.5165557861,34175600
GOOGL,2025-07-08T04:00:00.000Z,177.8500061035,174.3600006104,177.9499969482,172.8099975586,174.0903167725,40442500
GOOGL,2025-07-09T04:00:00.000Z,175.25,176.6199951172,179.4400024414,172.7700042725,176.3468170166,43025600
GOOGL,2025-07-10T04:00:00.000Z,175.6300048828,177.6199951172,178.4299926758,174.3800048828,177.3452758789,29252400
GOOGL,2025-07-11T04:00:00.000Z,176.7899932861,180.1900024414,181.4299926758,176.4799957275,179.911315918,34282900
GOOGL,2025-07-14T04:00:00.000Z,181.0099945068,181.5599975586,183.6699981689,179.6799926758,181.2791748047,32536600
GOOGL,2025-07-15T04:00:00.000Z,182.8099975586,182.0,184.2200012207,181.6000061035,181.7185058594,33448300
GOOGL,2025-07-16T04:00:00.000Z,183.2400054932,182.9700012207,184.3300018311,182.0299987793,182.6870117188,33104200
GOOGL,2025-07-17T04:00:00.000Z,182.1399993896,183.5800018311,184.0599975586,180.4799957275,183.2960510254,31992600
GOOGL,2025-07-18T04:00:00.000Z,185.3999938965,185.0599975586,186.4199981689,183.7100067139,184.7737579346,34014500
GOOGL,2025-07-21T04:00:00.000Z,186.25,190.1000061035,190.2899932861,186.1499938965,189.8059692383,45803100
GOOGL,2025-07-22T04:00:00.000Z,191.5,191.3399963379,191.6499938965,187.4600067139,191.044052124,44660200
GOOGL,2025-07-23T04:00:00.000Z,191.5,190.2299957275,192.5299987793,189.1799926758,189.9357757568,58681900
GOOGL,2025-07-24T04:00:00.000Z,197.0299987793,192.1699981689,197.9499969482,191.0,191.8727722168,74881700
GOOGL,2025-07-25T04:00:00.000Z,191.9799957275,193.1799926758,194.3300018311,191.2599945068,192.8812103271,39785900
GOOGL,2025-07-28T04:00:00.000Z,193.6499938965,192.5800018311,194.0500030518,190.8399963379,192.2821350098,38139500
GOOGL,2025-07-29T04:00:00.000Z,192.4299926758,195.75,195.9199981689,192.0800018311,195.4472351074,41389200
GOOGL,2025-07-30T04:00:00.000Z,195.6000061035,196.5299987793,197.6000061035,194.6900024414,196.2260284424,32445400
GOOGL,2025-07-31T04:00:00.000Z,195.7100067139,191.8999938965,195.9900054932,191.0899963379,191.6031799316,51329200
GOOGL,2025-08-01T04:00:00.000Z,189.0299987793,189.1300048828,190.8300018311,187.8200073242,188.8374786377,34832200
GOOGL,2025-08-04T04:00:00.000Z,190.2899932861,195.0399932861,195.2700042725,190.1199951172,194.7383270264,31547400
GOOGL,2025-08-05T04:00:00.000Z,194.7100067139,194.6699981689,197.8600006104,193.8899993896,194.3689117432,31602300
GOOGL,2025-08-06T04:00:00.000Z,194.5,196.0899963379,196.6300048828,193.6699981689,195.7866973877,21562900
GOOGL,2025-08-07T04:00:00.000Z,197.0599975586,196.5200042725,197.5399932861,194.3300018311,196.2160491943,26321800
GOOGL,2025-08-08T04:00:00.000Z,197.2200012207,201.4199981689,202.6100006104,197.1699981689,201.1084594727,39161800
GOOGL,2025-08-11T04:00:00.000Z,200.9400024414,201.0,201.4799957275,199.0700073242,200.6891174316,25832400
GOOGL,2025-08-12T04:00:00.000Z,201.3699951172,203.3399963379,204.5,200.5899963379,203.0254974365,30397900
GOOGL,2025-08-13T04:00:00.000Z,204.1300048828,201.9600067139,204.5299987793,197.5099945068,201.647644043,28342900
GOOGL,2025-08-14T04:00:00.000Z,201.5,202.9400024414,204.4400024414,201.2299957275,202.6261138916,25230400
GOOGL,2025-08-15T04:00:00.000Z,203.8500061035,203.8999938965,206.4400024414,201.2799987793,203.5846252441,34931400
GOOGL,2025-08-18T04:00:00.000Z,204.1999969482,203.5,205.2700042725,202.4900054932,203.185256958,18526600
GOOGL,2025-08-19T04:00:00.000Z,203.0299987793,201.5700073242,203.4400024414,199.9600067139,201.2582397461,24240200
GOOGL,2025-08-20T04:00:00.000Z,200.7299957275,199.3200073242,201.2799987793,196.6000061035,199.01171875,28955500
GOOGL,2025-08-21T04:00:00.000Z,199.75,199.75,202.4799957275,199.4299926758,199.4410400391,19774600
GOOGL,2025-08-22T04:00:00.000Z,202.7299957275,206.0899963379,208.5399932861,201.3000030518,205.7712402344,42827000
GOOGL,2025-08-25T04:00:00.000Z,206.4299926758,208.4900054932,210.5200042725,205.2799987793,208.1675262451,29928900
GOOGL,2025-08-26T04:00:00.000Z,207.5099945068,207.1399993896,207.8500061035,205.6999969482,206.8196105957,28464100
GOOGL,2025-08-27T04:00:00.000Z,205.6999969482,207.4799957275,208.9100036621,205.6499938965,207.1590881348,23022900
GOOGL,2025-08-28T04:00:00.000Z,207.25,211.6399993896,212.2200012207,206.8999938965,211.3126525879,32339300
GOOGL,2025-08-29T04:00:00.000Z,210.5099945068,212.9100036621,214.6499938965,210.1999969482,212.5806884766,39728400
GOOGL,2025-09-02T04:00:00.000Z,208.4400024414,211.3500061035,211.6799926758,206.1999969482,211.0231170654,47523000
GOOGL,2025-09-03T04:00:00.000Z,226.2100067139,230.6600036621,231.3099975586,224.7899932861,230.303237915,103336100
GOOGL,2025-09-04T04:00:00.000Z,229.6499938965,232.3000030518,232.3699951172,226.1100006104,231.9407043457,51684200
GOOGL,2025-09-05T04:00:00.000Z,232.1999969482,235.0,235.7599945068,231.8999938965,234.6365356445,46588900
GOOGL,2025-09-08T04:00:00.000Z,235.4700012207,234.0399932861,238.1300048828,233.6699981689,233.887008667,32474700
GOOGL,2025-09-09T04:00:00.000Z,234.1699981689,239.6300048828,240.4700012207,233.2299957275,239.4733581543,38061000
GOOGL,2025-09-10T04:00:00.000Z,238.8999938965,239.1699981689,241.6600036621,237.8500061035,239.0136566162,35141100
GOOGL,2025-09-11T04:00:00.000Z,239.8800048828,240.3699951172,242.25,236.25,240.2128753662,30599300
GOOGL,2025-09-12T04:00:00.000Z,240.3699951172,240.8000030518,242.0800018311,238.0,240.6425933838,26771600
GOOGL,2025-09-15T04:00:00.000Z,244.6600036621,251.6100006104,252.4100036621,244.6600036621,251.445526123,58383800
GOOGL,2025-09-16T04:00:00.000Z,252.0800018311,251.1600036621,253.0399932861,249.4700012207,250.9958190918,34109700
GOOGL,2025-09-17T04:00:00.000Z,251.2200012207,249.5299987793,251.6000061035,246.2799987793,249.3668823242,34108000
GOOGL,2025-09-18T04:00:00.000Z,251.6799926758,252.0299987793,253.9900054932,249.8000030518,251.8652496338,31239500
GOOGL,2025-09-19T04:00:00.000Z,253.25,254.7200012207,256.0,251.8099975586,254.5534973145,55571400
GOOGL,2025-09-22T04:00:00.000Z,254.4299926758,252.5299987793,255.7799987793,250.3000030518,252.3649291992,32290500
GOOGL,2025-09-23T04:00:00.000Z,253.0399932861,251.6600036621,254.3600006104,250.4799957275,251.4954986572,26628000
GOOGL,2025-09-24T04:00:00.000Z,251.6600036621,247.1399993896,252.3500061035,246.4400024414,246.9784545898,28201000
GOOGL,2025-09-25T04:00:00.000Z,244.3999938965,245.7899932861,246.4900054932,240.7400054932,245.6293182373,31020400
GOOGL,2025-09-26T04:00:00.000Z,247.0700073242,246.5399932861,249.4199981689,245.9700012207,246.3788299561,18503200
GOOGL,2025-09-29T04:00:00.000Z,247.8500061035,244.0500030518,251.1499938965,242.7700042725,243.8904724121,32505800
GOOGL,2025-09-30T04:00:00.000Z,242.8099975586,243.1000061035,243.2899932861,239.25,242.9411010742,34724300
GOOGL,2025-10-01T04:00:00.000Z,240.75,244.8999938965,246.3000030518,238.6100006104,244.7399139404,31658200
GOOGL,2025-10-02T04:00:00.000Z,245.1499938965,245.6900024414,246.8099975586,242.3000030518,245.5294036865,25483300
GOOGL,2025-10-03T04:00:00.000Z,244.4900054932,245.3500061035,246.3000030518,241.6600036621,245.1896209717,30249600
GOOGL,2025-10-06T04:00:00.000Z,244.7799987793,250.4299926758,251.3200073242,244.5800018311,250.2662963867,28894700
GOOGL,2025-10-07T04:00:00.000Z,248.2700042725,245.7599945068,250.4400024414,245.5200042725,245.5993499756,23181300
GOOGL,2025-10-08T04:00:00.000Z,244.9600067139,244.6199951172,246.0099945068,243.8200073242,244.4600982666,21307100
GOOGL,2025-10-09T04:00:00.000Z,244.4700012207,241.5299987793,244.7599945068,239.1499938965,241.3721160889,27892100
GOOGL,2025-10-10T04:00:00.000Z,241.4299926758,236.5700073242,244.0899963379,235.8399963379,236.4153594971,33180300
GOOGL,2025-10-13T04:00:00.000Z,240.2100067139,244.1499938965,244.5,239.7100067139,243.9904022217,24995000
GOOGL,2025-10-14T04:00:00.000Z,241.2299957275,245.4499969482,247.1199951172,240.5099945068,245.2895507812,22111600
GOOGL,2025-10-15T04:00:00.000Z,247.25,251.0299987793,252.1100006104,245.9900054932,250.8659057617,27007700
GOOGL,2025-10-16T04:00:00.000Z,251.7700042725,251.4600067139,256.9599914551,250.1000061035,251.2956237793,27997200
GOOGL,2025-10-17T04:00:00.000Z,250.7599945068,253.3000030518,254.2200012207,247.8099975586,253.1344299316,29671600
GOOGL,2025-10-20T04:00:00.000Z,254.6900024414,256.549987793,257.3299865723,254.2299957275,256.3822937012,22350200
GOOGL,2025-10-21T04:00:00.000Z,254.7400054932,250.4600067139,254.8800048828,244.1499938965,250.2962799072,47312100
GOOGL,2025-10-22T04:00:00.000Z,254.3699951172,251.6900024414,256.3599853516,249.2899932861,251.5254821777,35029400
GOOGL,2025-10-23T04:00:00.000Z,252.9799957275,253.0800018311,255.0399932861,251.8500061035,252.91456604,19901400
GOOGL,2025-10-24T04:00:00.000Z,256.5799865723,259.9200134277,261.6799926758,255.3200073242,259.7501220703,28655100
GOOGL,2025-10-27T04:00:00.000Z,264.8200073242,269.2699890137,270.1400146484,264.2799987793,269.093963623,35235200
GOOGL,2025-10-28T04:00:00.000Z,269.6900024414,267.4700012207,270.7300109863,266.5,267.2951660156,29738600
GOOGL,2025-10-29T04:00:00.000Z,267.75,274.5700073242,275.3399963379,267.6700134277,274.3905334473,43580300
GOOGL,2025-10-30T04:00:00.000Z,291.5899963379,281.4800109863,291.5899963379,280.0599975586,281.2960205078,74876000
GOOGL,2025-10-31T04:00:00.000Z,283.2099914551,281.1900024414,286.0,277.0299987793,281.0061950684,39267900
GOOGL,2025-11-03T05:00:00.000Z,282.1799926758,283.7200012207,285.5299987793,279.799987793,283.5345458984,29786000
GOOGL,2025-11-04T05:00:00.000Z,276.75,277.5400085449,281.2699890137,276.2600097656,277.358581543,30078400
GOOGL,2025-11-05T05:00:00.000Z,278.8699951172,284.3099975586,286.4200134277,277.3399963379,284.1241455078,31010300
GOOGL,2025-11-06T05:00:00.000Z,285.3299865723,284.75,288.3500061035,281.1400146484,284.563873291,37173600
GOOGL,2025-11-07T05:00:00.000Z,283.2099914551,278.8299865723,283.7799987793,275.1900024414,278.6477050781,34479600
GOOGL,2025-11-10T05:00:00.000Z,284.4200134277,290.1000061035,290.799987793,282.8599853516,289.910369873,29557300
GOOGL,2025-11-11T05:00:00.000Z,287.75,291.3099975586,291.9200134277,287.3200073242,291.1195678711,19842100
GOOGL,2025-11-12T05:00:00.000Z,291.6799926758,286.7099914551,292.0100097656,283.6900024414,286.5225830078,24829900
GOOGL,2025-11-13T05:00:00.000Z,282.3399963379,278.5700073242,282.8399963379,277.2399902344,278.3879089355,29494000
GOOGL,2025-11-14T05:00:00.000Z,271.4100036621,276.4100036621,278.5599975586,270.700012207,276.229309082,31647200
GOOGL,2025-11-17T05:00:00.000Z,285.7799987793,285.0199890137,293.950012207,283.5700073242,284.8336791992,52670200
GOOGL,2025-11-18T05:00:00.000Z,287.9200134277,284.2799987793,288.799987793,278.200012207,284.0941772461,49158700
GOOGL,2025-11-19T05:00:00.000Z,287.1600036621,292.8099975586,303.8099975586,286.6300048828,292.6185913086,68198900
GOOGL,2025-11-20T05:00:00.000Z,304.5400085449,289.450012207,306.4200134277,288.6700134277,289.2608032227,62025200
GOOGL,2025-11-21T05:00:00.000Z,296.4200134277,299.6600036621,303.9200134277,293.8500061035,299.4641113281,74137700
GOOGL,2025-11-24T05:00:00.000Z,311.1300048828,318.5799865723,319.4800109863,309.6000061035,318.3717346191,85165100
GOOGL,2025-11-25T05:00:00.000Z,326.2099914551,323.4400024414,328.8299865723,317.6499938965,323.2285766602,88632100
GOOGL,2025-11-26T05:00:00.000Z,320.6799926758,319.950012207,324.5,316.7900085449,319.7408752441,51373400
GOOGL,2025-11-28T05:00:00.000Z,323.3699951172,320.1799926758,326.8500061035,316.7900085449,319.970703125,26018600
GOOGL,2025-12-01T05:00:00.000Z,317.700012207,314.8900146484,319.8500061035,313.8900146484,314.684173584,41183000
GOOGL,2025-12-02T05:00:00.000Z,316.7399902344,315.8099975586,318.3800048828,313.9100036621,315.6035461426,35854700
GOOGL,2025-12-03T05:00:00.000Z,315.8900146484,319.6300048828,321.5799865723,314.1000061035,319.421081543,41838300
GOOGL,2025-12-04T05:00:00.000Z,322.2300109863,317.6199951172,322.3599853516,314.700012207,317.4123840332,31240900
GOOGL,2025-12-05T05:00:00.000Z,319.4899902344,321.2699890137,323.1600036621,319.1700134277,321.059967041,28851700
GOOGL,2025-12-08T05:00:00.000Z,320.049987793,313.7200012207,320.4400024414,311.2200012207,313.7200012207,33909400
GOOGL,2025-12-09T05:00:00.000Z,312.3699951172,317.0799865723,317.9899902344,311.8999938965,317.0799865723,30194000
GOOGL,2025-12-10T05:00:00.000Z,315.8299865723,320.2099914551,321.3099975586,314.6799926758,320.2099914551,33428900
GOOGL,2025-12-11T05:00:00.000Z,320.0799865723,312.4299926758,321.1199951172,308.6000061035,312.4299926758,42353700
GOOGL,2025-12-12T05:00:00.000Z,313.700012207,309.2900085449,314.8699951172,305.5599975586,309.2900085449,35940200
GOOGL,2025-12-15T05:00:00.000Z,311.3200073242,308.2200012207,311.4200134277,304.8800048828,308.2200012207,29151900
GOOGL,2025-12-16T05:00:00.000Z,304.950012207,306.5700073242,310.7699890137,302.5899963379,306.5700073242,30585000
GOOGL,2025-12-17T05:00:00.000Z,308.0100097656,296.7200012207,308.0899963379,296.1199951172,296.7200012207,43930400
GOOGL,2025-12-18T05:00:00.000Z,301.7200012207,302.4599914551,303.9599914551,299.2300109863,302.4599914551,33518000
GOOGL,2025-12-19T05:00:00.000Z,301.7300109863,307.1600036621,307.25,300.9700012207,307.1600036621,59943200
GOOGL,2025-12-22T05:00:00.000Z,309.8800048828,309.7799987793,310.1300048828,305.299987793,309.7799987793,26429900
GOOGL,2025-12-23T05:00:00.000Z,309.6300048828,314.3500061035,314.9400024414,309.3200073242,314.3500061035,25478700
GOOGL,2025-12-24T05:00:00.000Z,314.7699890137,314.0899963379,315.0799865723,311.9200134277,314.0899963379,10097400
GOOGL,2025-12-26T05:00:00.000Z,314.4800109863,313.5100097656,315.0899963379,312.2799987793,313.5100097656,10899000
GOOGL,2025-12-29T05:00:00.000Z,311.3699951172,313.5599975586,314.0199890137,310.6199951172,313.5599975586,19621800
GOOGL,2025-12-30T05:00:00.000Z,312.5,313.8500061035,316.950012207,312.4599914551,313.8500061035,17380900
GOOGL,2025-12-31T05:00:00.000Z,312.8500061035,313.0,314.5799865723,311.4400024414,313.0,16377700
GOOGL,2026-01-02T05:00:00.000Z,316.8999938965,315.1499938965,322.5,310.3299865723,315.1499938965,32009400
GOOGL,2026-01-05T05:00:00.000Z,317.6600036621,316.5400085449,319.0199890137,314.6300048828,316.5400085449,30195600
GOOGL,2026-01-06T05:00:00.000Z,316.3999938965,314.3399963379,320.9400024414,311.7799987793,314.3399963379,31212100
GOOGL,2026-01-07T05:00:00.000Z,314.3599853516,321.9800109863,326.1499938965,314.1900024414,321.9800109863,35104400
GOOGL,2026-01-08T05:00:00.000Z,328.9700012207,325.4400024414,330.3200073242,321.5,325.4400024414,31896100
GOOGL,2026-01-09T05:00:00.000Z,327.0899963379,328.5700073242,330.8299865723,325.799987793,328.5700073242,26183500
NFLX,2024-01-10T05:00:00.000Z,48.1599998474,47.8330001831,48.7000007629,47.2949981689,47.8330001831,43424000
NFLX,2024-01-11T05:00:00.000Z,49.2540016174,49.2229995728,50.3409996033,48.3819999695,49.2229995728,79933000
NFLX,2024-01-12T05:00:00.000Z,50.0509986877,49.2159996033,50.0789985657,49.061000824,49.2159996033,50037000
NFLX,2024-01-16T05:00:00.000Z,49.0,48.1240005493,49.4150009155,47.8019981384,48.1240005493,46790000
NFLX,2024-01-17T05:00:00.000Z,48.4500007629,48.033000946,48.6209983826,47.5260009766,48.033000946,48946000
NFLX,2024-01-18T05:00:00.000Z,48.0029983521,48.53099823,48.5769996643,47.8019981384,48.53099823,40544000
NFLX,2024-01-19T05:00:00.000Z,48.4980010986,48.2949981689,48.5670013428,47.6059989929,48.2949981689,56724000
NFLX,2024-01-22T05:00:00.000Z,48.7550010681,48.5709991455,48.9799995422,47.9900016785,48.5709991455,52123000
NFLX,2024-01-23T05:00:00.000Z,49.2000007629,49.21900177,49.8959999084,48.1399993896,49.21900177,155060000
NFLX,2024-01-24T05:00:00.000Z,53.7750015259,54.4869995117,56.25,53.7070007324,54.4869995117,264328000
NFLX,2024-01-25T05:00:00.000Z,55.1949996948,56.2000007629,56.3460006714,54.8460006714,56.2000007629,94519000
NFLX,2024-01-26T05:00:00.000Z,56.1809997559,57.0419998169,57.9640007019,55.8429985046,57.0419998169,127706000
NFLX,2024-01-29T05:00:00.000Z,57.1349983215,57.5789985657,57.8549995422,56.2680015564,57.5789985657,69054000
NFLX,2024-01-30T05:00:00.000Z,56.7319984436,56.2849998474,57.0880012512,56.0820007324,56.2849998474,61818000
NFLX,2024-01-31T05:00:00.000Z,56.2849998474,56.4109992981,57.2150001526,56.2039985657,56.4109992981,48576000
NFLX,2024-02-01T05:00:00.000Z,56.7019996643,56.7509994507,57.2659988403,56.3829994202,56.7509994507,31740000
NFLX,2024-02-02T05:00:00.000Z,56.4519996643,56.4640007019,56.7799987793,56.2369995117,56.4640007019,40328000
NFLX,2024-02-05T05:00:00.000Z,56.2470016479,56.2060012817,57.5750007629,55.7200012207,56.2060012817,41431000
NFLX,2024-02-06T05:00:00.000Z,56.4119987488,55.5880012512,56.6339988708,55.4370002747,55.5880012512,28403000
NFLX,2024-02-07T05:00:00.000Z,55.8160018921,55.9300003052,56.7799987793,55.4980010986,55.9300003052,43736000
NFLX,2024-02-08T05:00:00.000Z,56.0550003052,55.8530006409,56.3699989319,55.5740013123,55.8530006409,31755000
NFLX,2024-02-09T05:00:00.000Z,56.5,56.1319999695,56.5999984741,55.8100013733,56.1319999695,30557000
NFLX,2024-02-12T05:00:00.000Z,56.0359992981,55.7849998474,56.84400177,55.7000007629,55.7849998474,36085000
NFLX,2024-02-13T05:00:00.000Z,55.0800018311,55.4519996643,55.9199981689,54.9000015259,55.4519996643,35115000
NFLX,2024-02-14T05:00:00.000Z,56.7260017395,57.9329986572,58.125,56.4339981079,57.9329986572,56342000
NFLX,2024-02-15T05:00:00.000Z,58.1910018921,59.3460006714,59.3769989014,58.0320014954,59.3460006714,52209000
NFLX,2024-02-16T05:00:00.000Z,59.6949996948,58.3950004578,59.7000007629,57.7459983826,58.3950004578,43257000
NFLX,2024-02-20T05:00:00.000Z,58.0180015564,57.5130004883,58.5999984741,56.9659996033,57.5130004883,31242000
NFLX,2024-02-21T05:00:00.000Z,57.3510017395,57.3349990845,57.577999115,56.7319984436,57.3349990845,22706000
NFLX,2024-02-22T05:00:00.000Z,58.2750015259,58.8470001221,59.0849990845,57.888999939,58.8470001221,35266000
NFLX,2024-02-23T05:00:00.000Z,58.6399993896,58.3559989929,59.2430000305,57.9819984436,58.3559989929,25689000
NFLX,2024-02-26T05:00:00.000Z,58.3559989929,58.7649993896,59.0750007629,58.3269996643,58.7649993896,23937000
NFLX,2024-02-27T05:00:00.000Z,59.5,60.1669998169,60.5359992981,59.233001709,60.1669998169,44894000
NFLX,2024-02-28T05:00:00.000Z,59.5789985657,59.6479988098,59.8170013428,59.0009994507,59.6479988098,26052000
NFLX,2024-02-29T05:00:00.000Z,60.4249992371,60.2919998169,60.4519996643,59.5159988403,60.2919998169,35721000
NFLX,2024-03-01T05:00:00.000Z,59.9809989929,61.9339981079,62.0279998779,59.9500007629,61.9339981079,42703000
NFLX,2024-03-04T05:00:00.000Z,62.15599823,61.5830001831,62.4420013428,61.5079994202,61.5830001831,30203000
NFLX,2024-03-05T05:00:00.000Z,61.0099983215,59.8499984741,61.0909996033,59.2000007629,59.8499984741,38496000
NFLX,2024-03-06T05:00:00.000Z,60.2989997864,59.7690010071,60.7929992676,59.3559989929,59.7690010071,24696000
NFLX,2024-03-07T05:00:00.000Z,59.9339981079,60.8510017395,61.0530014038,59.5900001526,60.8510017395,27428000
NFLX,2024-03-08T05:00:00.000Z,60.8269996643,60.4819984436,61.6090011597,60.0839996338,60.4819984436,27772000
NFLX,2024-03-11T04:00:00.000Z,60.8079986572,60.0929985046,61.0999984741,60.0369987488,60.0929985046,25009000
NFLX,2024-03-12T04:00:00.000Z,60.0209999084,61.108001709,61.5299987793,59.6269989014,61.108001709,28216000
NFLX,2024-03-13T04:00:00.000Z,61.3370018005,60.9449996948,61.4850006104,60.7210006714,60.9449996948,21921000
NFLX,2024-03-14T04:00:00.000Z,61.5,61.3009986877,62.0800018311,60.7350006104,61.3009986877,31205000
NFLX,2024-03-15T04:00:00.000Z,62.2919998169,60.5880012512,62.2919998169,60.3819999695,60.5880012512,66716000
NFLX,2024-03-18T04:00:00.000Z,61.3559989929,61.8390007019,62.7410011292,61.0449981689,61.8390007019,33442000
NFLX,2024-03-19T04:00:00.000Z,61.5620002747,62.0740013123,62.1279983521,60.7999992371,62.0740013123,21426000
NFLX,2024-03-20T04:00:00.000Z,61.9949989319,62.7690010071,62.9510002136,61.8339996338,62.7690010071,26395000
NFLX,2024-03-21T04:00:00.000Z,63.0649986267,62.2709999084,63.436000824,62.233001709,62.2709999084,25077000
NFLX,2024-03-22T04:00:00.000Z,62.4160003662,62.8009986877,62.9049987793,62.0999984741,62.8009986877,21357000
NFLX,2024-03-25T04:00:00.000Z,62.7900009155,62.7459983826,63.0460014343,62.3160018921,62.7459983826,18033000
NFLX,2024-03-26T04:00:00.000Z,62.5200004578,62.9239997864,63.438999176,61.9179992676,62.9239997864,28045000
NFLX,2024-03-27T04:00:00.000Z,62.9010009766,61.3530006409,63.1349983215,61.0730018616,61.3530006409,26283000
NFLX,2024-03-28T04:00:00.000Z,61.4990005493,60.733001709,61.5,60.1590003967,60.733001709,37088000
NFLX,2024-04-01T04:00:00.000Z,60.7999992371,61.4309997559,61.5110015869,60.5569992065,61.4309997559,21159000
NFLX,2024-04-02T04:00:00.000Z,61.0999984741,61.4210014343,61.5029983521,60.5509986877,61.4210014343,20292000
NFLX,2024-04-03T04:00:00.000Z,61.2750015259,63.0079994202,63.0410003662,61.1500015259,63.0079994202,29312000
NFLX,2024-04-04T04:00:00.000Z,63.3209991455,61.7140007019,63.7999992371,61.658000946,61.7140007019,30643000
NFLX,2024-04-05T04:00:00.000Z,62.4920005798,63.6180000305,63.7910003662,62.2709999084,63.6180000305,33788000
NFLX,2024-04-08T04:00:00.000Z,63.638999939,62.8409996033,63.9000015259,62.811000824,62.8409996033,21457000
NFLX,2024-04-09T04:00:00.000Z,63.1990013123,61.8199996948,63.1990013123,61.5629997253,61.8199996948,21436000
NFLX,2024-04-10T04:00:00.000Z,61.0970001221,61.858001709,62.013999939,60.9339981079,61.858001709,28062000
NFLX,2024-04-11T04:00:00.000Z,62.4420013428,62.8779983521,63.1660003662,61.7239990234,62.8779983521,26627000
NFLX,2024-04-12T04:00:00.000Z,62.8230018616,62.283000946,63.3120002747,61.891998291,62.283000946,29593000
NFLX,2024-04-15T04:00:00.000Z,63.016998291,60.7150001526,63.016998291,60.3870010376,60.7150001526,30854000
NFLX,2024-04-16T04:00:00.000Z,60.75,61.7519989014,62.2449989319,60.75,61.7519989014,35191000
NFLX,2024-04-17T04:00:00.000Z,62.0970001221,61.3689994812,62.0970001221,60.7709999084,61.3689994812,33122000
NFLX,2024-04-18T04:00:00.000Z,61.2099990845,61.0559997559,62.1329994202,60.5429992676,61.0559997559,84684000
NFLX,2024-04-19T04:00:00.000Z,56.7879981995,55.5040016174,57.9000015259,55.2159996033,55.5040016174,164497000
NFLX,2024-04-22T04:00:00.000Z,55.0660018921,55.4599990845,55.861000061,54.2010002136,55.4599990845,85977000
NFLX,2024-04-23T04:00:00.000Z,55.6489982605,57.7750015259,57.9210014343,55.5279998779,57.7750015259,49755000
NFLX,2024-04-24T04:00:00.000Z,57.4309997559,55.5120010376,57.6910018921,55.1300010681,55.5120010376,53553000
NFLX,2024-04-25T04:00:00.000Z,54.9459991455,56.4799995422,56.6539993286,54.5709991455,56.4799995422,38071000
NFLX,2024-04-26T04:00:00.000Z,55.8209991455,56.1230010986,56.2919998169,55.3190002441,56.1230010986,43326000
NFLX,2024-04-29T04:00:00.000Z,55.9179992676,55.9490013123,55.9640007019,55.4239997864,55.9490013123,25089000
NFLX,2024-04-30T04:00:00.000Z,56.0,55.063999176,56.0,54.9379997253,55.063999176,33615000
NFLX,2024-05-01T04:00:00.000Z,54.7840003967,55.1710014343,56.0390014648,54.4249992371,55.1710014343,34732000
NFLX,2024-05-02T04:00:00.000Z,55.6020011902,56.5149993896,56.5460014343,55.5589981079,56.5149993896,30682000
NFLX,2024-05-03T04:00:00.000Z,56.5999984741,57.9339981079,58.0260009766,56.5159988403,57.9339981079,33075000
NFLX,2024-05-06T04:00:00.000Z,58.1819992065,59.6969985962,59.7340011597,58.0250015259,59.6969985962,36863000
NFLX,2024-05-07T04:00:00.000Z,59.6279983521,60.5999984741,60.6049995422,59.1319999695,60.5999984741,36141000
NFLX,2024-05-08T04:00:00.000Z,60.1629981995,60.9469985962,61.8219985962,60.1629981995,60.9469985962,30939000
NFLX,2024-05-09T04:00:00.000Z,61.4399986267,61.2089996338,61.5719985962,60.5750007629,61.2089996338,20654000
NFLX,2024-05-10T04:00:00.000Z,61.9000015259,61.0870018005,62.3979988098,60.5060005188,61.0870018005,26536000
NFLX,2024-05-13T04:00:00.000Z,61.4300003052,61.6590003967,61.8219985962,60.6829986572,61.6590003967,20862000
NFLX,2024-05-14T04:00:00.000Z,61.516998291,61.3660011292,62.1479988098,60.8400001526,61.3660011292,27924000
NFLX,2024-05-15T04:00:00.000Z,61.8569984436,61.3520011902,62.4099998474,60.9099998474,61.3520011902,56706000
NFLX,2024-05-16T04:00:00.000Z,61.5750007629,61.0519981384,61.8339996338,60.9090003967,61.0519981384,30564000
NFLX,2024-05-17T04:00:00.000Z,61.7000007629,62.1100006104,62.5789985657,61.4710006714,62.1100006104,37827000
NFLX,2024-05-20T04:00:00.000Z,62.0400009155,64.0820007324,64.43699646,61.9519996643,64.0820007324,38579000
NFLX,2024-05-21T04:00:00.000Z,63.6759986877,65.0609970093,65.0879974365,63.422000885,65.0609970093,29202000
NFLX,2024-05-22T04:00:00.000Z,64.7139968872,64.0469970703,64.9250030518,63.8120002747,64.0469970703,21762000
NFLX,2024-05-23T04:00:00.000Z,64.2340011597,63.5670013428,64.2710037231,63.0,63.5670013428,23139000
NFLX,2024-05-24T04:00:00.000Z,63.9399986267,64.6750030518,65.1999969482,63.7599983215,64.6750030518,26153000
NFLX,2024-05-28T04:00:00.000Z,64.7050018311,64.9000015259,64.9749984741,64.3030014038,64.9000015259,26095000
NFLX,2024-05-29T04:00:00.000Z,64.4130020142,65.4619979858,66.4250030518,64.388999939,65.4619979858,36959000
NFLX,2024-05-30T04:00:00.000Z,65.3519973755,64.7659988403,65.6490020752,64.4729995728,64.7659988403,23889000
NFLX,2024-05-31T04:00:00.000Z,64.4010009766,64.1620025635,64.858001709,62.8300018311,64.1620025635,40710000
NFLX,2024-06-03T04:00:00.000Z,64.5220031738,63.3790016174,64.6780014038,62.7270011902,63.3790016174,23235000
NFLX,2024-06-04T04:00:00.000Z,63.3779983521,63.1619987488,63.5229988098,62.6440010071,63.1619987488,30082000
NFLX,2024-06-05T04:00:00.000Z,63.4020004272,65.0270004272,65.125,62.8250007629,65.0270004272,26826000
NFLX,2024-06-06T04:00:00.000Z,64.4889984131,64.8519973755,65.7990036011,64.4240036011,64.8519973755,24667000
NFLX,2024-06-07T04:00:00.000Z,64.93800354,64.1470031738,65.0400009155,64.0240020752,64.1470031738,18766000
NFLX,2024-06-10T04:00:00.000Z,64.1009979248,64.4499969482,64.4789962769,63.5589981079,64.4499969482,20644000
NFLX,2024-06-11T04:00:00.000Z,64.0719985962,64.8550033569,65.0189971924,64.0520019531,64.8550033569,21674000
NFLX,2024-06-12T04:00:00.000Z,65.2210006714,65.0059967041,65.5780029297,64.3109970093,65.0059967041,20944000
NFLX,2024-06-13T04:00:00.000Z,64.4000015259,65.3259963989,65.5250015259,64.2350006104,65.3259963989,18636000
NFLX,2024-06-14T04:00:00.000Z,65.5049972534,66.93800354,67.5579986572,65.263999939,66.93800354,44471000
NFLX,2024-06-17T04:00:00.000Z,66.9110031128,67.5830001831,68.2710037231,66.5110015869,67.5830001831,36312000
NFLX,2024-06-18T04:00:00.000Z,67.56300354,68.5670013428,68.7060012817,67.4639968872,68.5670013428,29438000
NFLX,2024-06-20T04:00:00.000Z,68.1800003052,67.9029998779,68.9879989624,67.3720016479,67.9029998779,25851000
NFLX,2024-06-21T04:00:00.000Z,68.3259963989,68.6119995117,68.6900024414,67.8099975586,68.6119995117,45064000
NFLX,2024-06-24T04:00:00.000Z,68.5,66.9020004272,68.5500030518,66.4499969482,66.9020004272,39163000
NFLX,2024-06-25T04:00:00.000Z,67.34400177,67.2409973145,67.3669967651,66.2300033569,67.2409973145,22706000
NFLX,2024-06-26T04:00:00.000Z,67.2409973145,67.7689971924,68.2959976196,67.0019989014,67.7689971924,35458000
NFLX,2024-06-27T04:00:00.000Z,67.9349975586,68.4339981079,68.8570022583,67.8140029907,68.4339981079,24048000
NFLX,2024-06-28T04:00:00.000Z,67.9000015259,67.4879989624,68.6999969482,67.3079986572,67.4879989624,34124000
NFLX,2024-07-01T04:00:00.000Z,67.4889984131,67.361000061,67.5019989014,66.3779983521,67.361000061,22128000
NFLX,2024-07-02T04:00:00.000Z,67.3539962769,67.9580001831,68.1740036011,67.0070037842,67.9580001831,24114000
NFLX,2024-07-03T04:00:00.000Z,67.7480010986,68.2509994507,68.375,67.5500030518,68.2509994507,14035000
NFLX,2024-07-05T04:00:00.000Z,68.2509994507,69.0650024414,69.7490005493,67.7229995728,69.0650024414,26591000
NFLX,2024-07-08T04:00:00.000Z,68.6999969482,68.5739974976,68.8860015869,68.1490020752,68.5739974976,19308000
NFLX,2024-07-09T04:00:00.000Z,69.0,68.5739974976,69.5270004272,68.4720001221,68.5739974976,25961000
NFLX,2024-07-10T04:00:00.000Z,68.5019989014,67.7649993896,68.7220001221,67.3160018921,67.7649993896,26519000
NFLX,2024-07-11T04:00:00.000Z,67.2490005493,65.2750015259,67.2490005493,64.7440032959,65.2750015259,51066000
NFLX,2024-07-12T04:00:00.000Z,65.2750015259,64.7600021362,65.5920028687,64.3710021973,64.7600021362,33552000
NFLX,2024-07-15T04:00:00.000Z,64.75,65.6449966431,66.7539978027,64.6630020142,65.6449966431,32088000
NFLX,2024-07-16T04:00:00.000Z,66.1800003052,65.6320037842,66.3679962158,64.9130020142,65.6320037842,26857000
NFLX,2024-07-17T04:00:00.000Z,65.0,64.7460021973,65.0449981689,63.9469985962,64.7460021973,40173000
NFLX,2024-07-18T04:00:00.000Z,65.6600036621,64.3040008545,65.7040023804,63.9169998169,64.3040008545,75758000
NFLX,2024-07-19T04:00:00.000Z,66.0640029907,63.3339996338,67.8970031738,62.9119987488,63.3339996338,98156000
NFLX,2024-07-22T04:00:00.000Z,63.9500007629,64.75,65.6289978027,63.2599983215,64.75,52191000
NFLX,2024-07-23T04:00:00.000Z,64.75,64.2760009766,64.9909973145,64.0999984741,64.2760009766,24636000
NFLX,2024-07-24T04:00:00.000Z,63.5740013123,63.5989990234,65.2419967651,63.266998291,63.5989990234,48882000
NFLX,2024-07-25T04:00:00.000Z,64.0999984741,63.4090003967,64.9980010986,62.1699981689,63.4090003967,45545000
NFLX,2024-07-26T04:00:00.000Z,64.5,63.1370010376,64.6989974976,62.9770011902,63.1370010376,31207000
NFLX,2024-07-29T04:00:00.000Z,63.4609985352,62.6959991455,63.4609985352,62.3930015564,62.6959991455,24005000
NFLX,2024-07-30T04:00:00.000Z,63.016998291,62.2579994202,63.46900177,61.7000007629,62.2579994202,34966000
NFLX,2024-07-31T04:00:00.000Z,62.6570014954,62.8349990845,63.3600006104,62.2579994202,62.8349990845,31349000
NFLX,2024-08-01T04:00:00.000Z,62.9249992371,62.4850006104,64.6709976196,61.7610015869,62.4850006104,37206000
NFLX,2024-08-02T04:00:00.000Z,62.0979995728,61.3639984131,62.5270004272,60.8349990845,61.3639984131,35230000
NFLX,2024-08-05T04:00:00.000Z,58.7039985657,59.8549995422,60.4560012817,58.7039985657,59.8549995422,40442000
NFLX,2024-08-06T04:00:00.000Z,60.0620002747,60.9570007324,62.2449989319,60.0620002747,60.9570007324,43191000
NFLX,2024-08-07T04:00:00.000Z,61.6069984436,61.1479988098,63.2000007629,61.063999176,61.1479988098,31878000
NFLX,2024-08-08T04:00:00.000Z,62.1990013123,63.0349998474,63.2290000916,61.6020011902,63.0349998474,32835000
NFLX,2024-08-09T04:00:00.000Z,62.2989997864,63.3940010071,63.6619987488,62.2989997864,63.3940010071,19808000
NFLX,2024-08-12T04:00:00.000Z,63.0999984741,63.313999176,63.9000015259,62.7070007324,63.313999176,23317000
NFLX,2024-08-13T04:00:00.000Z,63.8559989929,64.8020019531,65.0970001221,63.5499992371,64.8020019531,26396000
NFLX,2024-08-14T04:00:00.000Z,64.8700027466,66.1679992676,66.3570022583,64.8700027466,66.1679992676,40143000
NFLX,2024-08-15T04:00:00.000Z,66.8489990234,66.3219985962,67.3190002441,65.9800033569,66.3219985962,32102000
NFLX,2024-08-16T04:00:00.000Z,66.9430007935,67.4069976807,68.0230026245,66.5360031128,67.4069976807,35110000
NFLX,2024-08-19T04:00:00.000Z,67.4069976807,68.8529968262,68.8840026855,67.2910003662,68.8529968262,30162000
NFLX,2024-08-20T04:00:00.000Z,68.8860015869,69.8539962769,71.1330032349,68.8249969482,69.8539962769,48131000
NFLX,2024-08-21T04:00:00.000Z,69.6999969482,69.7119979858,70.0999984741,69.1380004883,69.7119979858,22353000
NFLX,2024-08-22T04:00:00.000Z,69.0999984741,68.8960037231,70.1500015259,68.6240005493,68.8960037231,27294000
NFLX,2024-08-23T04:00:00.000Z,69.4130020142,68.672996521,69.6070022583,67.8629989624,68.672996521,23545000
NFLX,2024-08-26T04:00:00.000Z,68.7259979248,68.84400177,69.0589981079,68.1640014648,68.84400177,13542000
NFLX,2024-08-27T04:00:00.000Z,68.8529968262,69.5719985962,70.7890014648,68.6920013428,69.5719985962,31649000
NFLX,2024-08-28T04:00:00.000Z,69.5830001831,68.3840026855,69.6669998169,67.7099990845,68.3840026855,24306000
NFLX,2024-08-29T04:00:00.000Z,69.0,69.2480010986,69.9800033569,68.6070022583,69.2480010986,21870000
NFLX,2024-08-30T04:00:00.000Z,70.0360031128,70.1350021362,70.1859970093,68.8160018921,70.1350021362,32667000
NFLX,2024-09-03T04:00:00.000Z,70.0100021362,67.5319976807,70.3860015869,67.1009979248,67.5319976807,31610000
NFLX,2024-09-04T04:00:00.000Z,67.3310012817,67.9680023193,68.4649963379,67.3059997559,67.9680023193,17853000
NFLX,2024-09-05T04:00:00.000Z,67.3140029907,68.3619995117,68.7310028076,67.1859970093,68.3619995117,18101000
NFLX,2024-09-06T04:00:00.000Z,68.1859970093,66.577003479,68.3150024414,66.2340011597,66.577003479,29913000
NFLX,2024-09-09T04:00:00.000Z,67.4000015259,67.5419998169,68.3499984741,67.2139968872,67.5419998169,26831000
NFLX,2024-09-10T04:00:00.000Z,67.68699646,67.3619995117,68.0589981079,66.5810012817,67.3619995117,20792000
NFLX,2024-09-11T04:00:00.000Z,67.7460021973,68.1470031738,68.2969970703,66.0800018311,68.1470031738,23919000
NFLX,2024-09-12T04:00:00.000Z,68.4919967651,68.6800003052,69.4879989624,68.2200012207,68.6800003052,25821000
NFLX,2024-09-13T04:00:00.000Z,68.0009994507,69.7060012817,69.9639968872,68.0,69.7060012817,22765000
NFLX,2024-09-16T04:00:00.000Z,70.0,69.6500015259,70.3020019531,68.8629989624,69.6500015259,18437000
NFLX,2024-09-17T04:00:00.000Z,70.0820007324,70.6910018921,70.7630004883,69.8369979858,70.6910018921,22986000
NFLX,2024-09-18T04:00:00.000Z,70.7549972534,69.0469970703,70.7549972534,68.8000030518,69.0469970703,29844000
NFLX,2024-09-19T04:00:00.000Z,70.5,70.4319992065,71.5660018921,69.5370025635,70.4319992065,42285000
NFLX,2024-09-20T04:00:00.000Z,70.5550003052,70.1029968262,70.6669998169,69.6309967041,70.1029968262,39981000
NFLX,2024-09-23T04:00:00.000Z,70.2389984131,70.5370025635,71.2249984741,69.9160003662,70.5370025635,32243000
NFLX,2024-09-24T04:00:00.000Z,70.6630020142,72.2259979248,72.2440032959,70.4449996948,72.2259979248,35657000
NFLX,2024-09-25T04:00:00.000Z,72.0999984741,72.15599823,72.5120010376,71.6210021973,72.15599823,22598000
NFLX,2024-09-26T04:00:00.000Z,72.4729995728,71.1429977417,72.5260009766,70.1719970703,71.1429977417,28330000
NFLX,2024-09-27T04:00:00.000Z,70.8359985352,70.7350006104,71.0709991455,70.125,70.7350006104,23956000
NFLX,2024-09-30T04:00:00.000Z,70.6999969482,70.9270019531,71.1210021973,70.2819976807,70.9270019531,17099000
NFLX,2024-10-01T04:00:00.000Z,71.3639984131,70.6129989624,71.7760009766,69.8590011597,70.6129989624,28135000
NFLX,2024-10-02T04:00:00.000Z,70.6129989624,71.1090011597,71.6210021973,70.46900177,71.1090011597,17582000
NFLX,2024-10-03T04:00:00.000Z,70.4260025024,70.6800003052,70.8809967041,70.0,70.6800003052,22564000
NFLX,2024-10-04T04:00:00.000Z,71.3320007324,71.9700012207,72.1009979248,70.8820037842,71.9700012207,22290000
NFLX,2024-10-07T04:00:00.000Z,71.4759979248,70.1920013428,71.5879974365,69.6429977417,70.1920013428,33605000
NFLX,2024-10-08T04:00:00.000Z,70.3880004883,72.1760025024,72.5059967041,70.3550033569,72.1760025024,31874000
NFLX,2024-10-09T04:00:00.000Z,71.9250030518,72.7429962158,72.8590011597,71.8870010376,72.7429962158,19811000
NFLX,2024-10-10T04:00:00.000Z,72.3290023804,73.0289993286,73.3850021362,72.25,73.0289993286,27679000
NFLX,2024-10-11T04:00:00.000Z,73.4899978638,72.2789993286,73.5999984741,72.1220016479,72.2789993286,22995000
NFLX,2024-10-14T04:00:00.000Z,72.5,71.3000030518,72.6620025635,71.1309967041,71.3000030518,27971000
NFLX,2024-10-15T04:00:00.000Z,71.2509994507,70.5979995728,71.3399963379,69.9779968262,70.5979995728,29328000
NFLX,2024-10-16T04:00:00.000Z,70.3430023193,70.1999969482,70.5589981079,69.7819976807,70.1999969482,24943000
NFLX,2024-10-17T04:00:00.000Z,70.4349975586,68.7649993896,70.4410018921,67.7880020142,68.7649993896,89267000
NFLX,2024-10-18T04:00:00.000Z,73.763999939,76.388999939,76.6279983521,73.6230010986,76.388999939,159741000
NFLX,2024-10-21T04:00:00.000Z,76.5759963989,77.2070007324,77.3000030518,75.6600036621,77.2070007324,60571000
NFLX,2024-10-22T04:00:00.000Z,76.5270004272,76.4240036011,76.9700012207,76.1119995117,76.4240036011,29873000
NFLX,2024-10-23T04:00:00.000Z,76.2829971313,74.9290008545,76.3789978027,74.4260025024,74.9290008545,37490000
NFLX,2024-10-24T04:00:00.000Z,75.1969985962,75.4550018311,75.5820007324,74.625,75.4550018311,26430000
NFLX,2024-10-25T04:00:00.000Z,75.6169967651,75.4680023193,76.8499984741,75.3529968262,75.4680023193,28195000
NFLX,2024-10-28T04:00:00.000Z,75.8679962158,74.9120025635,75.8679962158,74.7880020142,74.9120025635,28624000
NFLX,2024-10-29T04:00:00.000Z,75.1129989624,75.9440002441,76.3880004883,74.8010025024,75.9440002441,36604000
NFLX,2024-10-30T04:00:00.000Z,75.8079986572,75.3740005493,75.9789962769,75.2279968262,75.3740005493,17220000
NFLX,2024-10-31T04:00:00.000Z,75.3929977417,75.6029968262,76.0790023804,75.2229995728,75.6029968262,30577000
NFLX,2024-11-01T04:00:00.000Z,75.3479995728,75.6100006104,76.3799972534,74.7770004272,75.6100006104,29968000
NFLX,2024-11-04T05:00:00.000Z,75.3140029907,75.5510025024,76.2480010986,74.96900177,75.5510025024,19022000
NFLX,2024-11-05T05:00:00.000Z,75.7350006104,76.3909988403,76.7529983521,75.6269989014,76.3909988403,22006000
NFLX,2024-11-06T05:00:00.000Z,77.1500015259,78.0210037231,78.1490020752,75.7379989624,78.0210037231,36908000
NFLX,2024-11-07T05:00:00.000Z,78.1370010376,79.6539993286,79.8219985962,77.9940032959,79.6539993286,32951000
NFLX,2024-11-08T05:00:00.000Z,79.736000061,79.5039978027,79.90599823,78.8649978638,79.5039978027,19106000
NFLX,2024-11-11T05:00:00.000Z,79.5899963379,80.5439987183,80.6819992065,79.5569992065,80.5439987183,23992000
NFLX,2024-11-12T05:00:00.000Z,80.75,81.9499969482,82.0370025635,80.375,81.9499969482,28141000
NFLX,2024-11-13T05:00:00.000Z,82.2620010376,83.0469970703,83.6989974976,82.0540008545,83.0469970703,27678000
NFLX,2024-11-14T05:00:00.000Z,83.3669967651,83.7259979248,84.0999984741,83.0019989014,83.7259979248,30382000
NFLX,2024-11-15T05:00:00.000Z,83.2040023804,82.3960037231,83.2040023804,81.6490020752,82.3960037231,36737000
NFLX,2024-11-18T05:00:00.000Z,81.5500030518,84.7050018311,84.8450012207,80.9329986572,84.7050018311,40812000
NFLX,2024-11-19T05:00:00.000Z,83.9749984741,87.1320037842,87.4489974976,83.9160003662,87.1320037842,38142000
NFLX,2024-11-20T05:00:00.000Z,87.9980010986,88.3850021362,89.0599975586,86.8399963379,88.3850021362,40938000
NFLX,2024-11-21T05:00:00.000Z,88.3929977417,89.7480010986,90.8000030518,87.7239990234,89.7480010986,45113000
NFLX,2024-11-22T05:00:00.000Z,89.5999984741,89.7789993286,90.5999984741,89.3000030518,89.7789993286,32140000
NFLX,2024-11-25T05:00:00.000Z,90.2050018311,86.5589981079,90.2050018311,86.4219970703,86.5589981079,60142000
NFLX,2024-11-26T05:00:00.000Z,86.7490005493,87.2600021362,88.6360015869,86.7249984741,87.2600021362,31383000
NFLX,2024-11-27T05:00:00.000Z,87.2060012817,87.7340011597,88.0950012207,85.8909988403,87.7340011597,25782000
NFLX,2024-11-29T05:00:00.000Z,88.2170028687,88.6809997559,89.2409973145,87.6679992676,88.6809997559,20272000
NFLX,2024-12-02T05:00:00.000Z,88.7509994507,89.7740020752,90.2340011597,88.4120025635,89.7740020752,23890000
NFLX,2024-12-03T05:00:00.000Z,89.4359970093,90.2170028687,90.2689971924,88.8030014038,90.2170028687,24016000
NFLX,2024-12-04T05:00:00.000Z,89.8050003052,91.1060028076,91.5970001221,89.8050003052,91.1060028076,26896000
NFLX,2024-12-05T05:00:00.000Z,91.7850036621,91.7870025635,92.6999969482,91.111000061,91.7870025635,28353000
NFLX,2024-12-06T05:00:00.000Z,91.5230026245,93.4739990234,93.5270004272,91.2710037231,93.4739990234,29554000
NFLX,2024-12-09T05:00:00.000Z,92.8000030518,91.3690032959,93.0299987793,90.2590026855,91.3690032959,33501000
NFLX,2024-12-10T05:00:00.000Z,91.3759994507,91.3349990845,92.2880020142,90.9580001831,91.3349990845,23886000
NFLX,2024-12-11T05:00:00.000Z,92.4710006714,93.65599823,94.1750030518,92.3079986572,93.65599823,35017000
NFLX,2024-12-12T05:00:00.000Z,93.3349990845,92.5550003052,93.408996582,92.2600021362,92.5550003052,24862000
NFLX,2024-12-13T05:00:00.000Z,91.6809997559,91.8870010376,92.5550003052,90.9609985352,91.8870010376,24858000
NFLX,2024-12-16T05:00:00.000Z,92.3939971924,92.108001709,92.8939971924,91.9499969482,92.108001709,26749000
NFLX,2024-12-17T05:00:00.000Z,92.1539993286,91.9130020142,92.8450012207,91.641998291,91.9130020142,24595000
NFLX,2024-12-18T05:00:00.000Z,91.9130020142,88.9550018311,92.2440032959,88.65599823,88.9550018311,29382000
NFLX,2024-12-19T05:00:00.000Z,90.8180007935,90.2040023804,91.2620010376,89.9000015259,90.2040023804,28155000
NFLX,2024-12-20T05:00:00.000Z,89.3209991455,90.9049987793,91.9919967651,89.0490036011,90.9049987793,45305000
NFLX,2024-12-23T05:00:00.000Z,91.3420028687,91.1449966431,91.5,89.9100036621,91.1449966431,23394000
NFLX,2024-12-24T05:00:00.000Z,91.5,93.2119979858,93.5849990845,91.1699981689,93.2119979858,23203000
NFLX,2024-12-26T05:00:00.000Z,92.8399963379,92.4140014648,93.0490036011,91.5299987793,92.4140014648,23403000
NFLX,2024-12-27T05:00:00.000Z,91.6009979248,90.7549972534,91.81300354,89.4499969482,90.7549972534,32262000
NFLX,2024-12-30T05:00:00.000Z,89.4509963989,90.0429992676,90.8229980469,88.9710006714,90.0429992676,22030000
NFLX,2024-12-31T05:00:00.000Z,90.1800003052,89.1320037842,90.2679977417,88.9469985962,89.1320037842,18759000
NFLX,2025-01-02T05:00:00.000Z,89.5500030518,88.672996521,89.858001709,87.6999969482,88.672996521,23123000
NFLX,2025-01-03T05:00:00.000Z,89.31300354,88.1050033569,89.8830032349,87.9889984131,88.1050033569,29673000
NFLX,2025-01-06T05:00:00.000Z,88.8759994507,88.1790008545,89.2829971313,87.1689987183,88.1790008545,34577000
NFLX,2025-01-07T05:00:00.000Z,87.93800354,87.9189987183,88.8000030518,86.9110031128,87.9189987183,26498000
NFLX,2025-01-08T05:00:00.000Z,88.0,87.5,88.6220016479,87.3000030518,87.5,23479000
NFLX,2025-01-10T05:00:00.000Z,86.6399993896,83.7689971924,86.6409988403,83.4400024414,83.7689971924,48033000
NFLX,2025-01-13T05:00:00.000Z,83.1529998779,84.0289993286,84.7070007324,82.9140014648,84.0289993286,30245000
NFLX,2025-01-14T05:00:00.000Z,84.3199996948,82.8399963379,84.4889984131,82.3519973755,82.8399963379,30377000
NFLX,2025-01-15T05:00:00.000Z,83.6439971924,84.8259963989,85.0839996338,83.0410003662,84.8259963989,31814000
NFLX,2025-01-16T05:00:00.000Z,86.0960006714,84.2369995117,86.8980026245,84.202003479,84.2369995117,40285000
NFLX,2025-01-17T05:00:00.000Z,85.9789962769,85.8099975586,86.5,85.2129974365,85.8099975586,36176000
NFLX,2025-01-21T05:00:00.000Z,86.3529968262,86.9680023193,91.6399993896,85.4749984741,86.9680023193,98514000
NFLX,2025-01-22T05:00:00.000Z,99.8030014038,95.3990020752,99.9000015259,95.0759963989,95.3990020752,142732000
NFLX,2025-01-23T05:00:00.000Z,95.78099823,98.486000061,98.5,95.3899993896,98.486000061,77521000
NFLX,2025-01-24T05:00:00.000Z,98.4410018921,97.7590026855,98.6279983521,96.7679977417,97.7590026855,45504000
NFLX,2025-01-27T05:00:00.000Z,97.1100006104,97.1890029907,98.2269973755,96.0260009766,97.1890029907,46342000
NFLX,2025-01-28T05:00:00.000Z,96.6709976196,97.1829986572,97.7929992676,95.7300033569,97.1829986572,34340000
NFLX,2025-01-29T05:00:00.000Z,98.0,97.8150024414,98.763999939,96.8229980469,97.8150024414,29307000
NFLX,2025-01-30T05:00:00.000Z,98.6750030518,97.3239974976,99.4589996338,97.0009994507,97.3239974976,38678000
NFLX,2025-01-31T05:00:00.000Z,97.4000015259,97.6760025024,99.0289993286,97.4000015259,97.6760025024,36151000
NFLX,2025-02-03T05:00:00.000Z,97.3000030518,97.8939971924,98.7689971924,96.43800354,97.8939971924,37242000
NFLX,2025-02-04T05:00:00.000Z,98.0469970703,99.4869995117,100.8000030518,97.8509979248,99.4869995117,60001000
NFLX,2025-02-05T05:00:00.000Z,98.7730026245,101.111000061,101.1829986572,98.6679992676,101.111000061,39934000
NFLX,2025-02-06T05:00:00.000Z,100.7870025635,101.5680007935,101.6350021362,100.2610015869,101.5680007935,31343000
NFLX,2025-02-07T05:00:00.000Z,101.6999969482,101.3929977417,102.7760009766,100.5670013428,101.3929977417,32129000
NFLX,2025-02-10T05:00:00.000Z,102.3050003052,102.7600021362,103.2850036621,101.5879974365,102.7600021362,32966000
NFLX,2025-02-11T05:00:00.000Z,102.0790023804,100.8079986572,102.2689971924,100.2949981689,100.8079986572,33318000
NFLX,2025-02-12T05:00:00.000Z,100.5490036011,102.7310028076,102.7740020752,99.8349990845,102.7310028076,33890000
NFLX,2025-02-13T05:00:00.000Z,102.6630020142,104.3690032959,104.5989990234,102.5100021362,104.3690032959,34761000
NFLX,2025-02-14T05:00:00.000Z,104.4950027466,105.8600006104,106.4499969482,104.1689987183,105.8600006104,31454000
NFLX,2025-02-18T05:00:00.000Z,106.0,103.5849990845,106.1999969482,102.375,103.5849990845,42293000
NFLX,2025-02-19T05:00:00.000Z,103.5179977417,104.3330001831,104.5,102.4509963989,104.3330001831,26000000
NFLX,2025-02-20T05:00:00.000Z,104.1999969482,102.4540023804,104.5,101.5589981079,102.4540023804,31118000
NFLX,2025-02-21T05:00:00.000Z,102.9420013428,100.3150024414,103.2379989624,99.9390029907,100.3150024414,37387000
NFLX,2025-02-24T05:00:00.000Z,100.8000030518,98.8470001221,101.516998291,98.4479980469,98.8470001221,44262000
NFLX,2025-02-25T05:00:00.000Z,98.9400024414,97.7239990234,99.4400024414,95.5,97.7239990234,47383000
NFLX,2025-02-26T05:00:00.000Z,97.7600021362,99.0059967041,100.0889968872,97.6900024414,99.0059967041,33972000
NFLX,2025-02-27T05:00:00.000Z,99.5,96.3069992065,100.0729980469,96.1829986572,96.3069992065,37666000
NFLX,2025-02-28T05:00:00.000Z,96.9560012817,98.0559997559,98.2269973755,95.8170013428,98.0559997559,47174000
NFLX,2025-03-03T05:00:00.000Z,98.3000030518,97.3700027466,99.4929962158,96.4810028076,97.3700027466,39074000
NFLX,2025-03-04T05:00:00.000Z,97.1610031128,97.2580032349,98.6309967041,94.8209991455,97.2580032349,43928000
NFLX,2025-03-05T05:00:00.000Z,97.3619995117,99.0920028687,99.5599975586,96.9479980469,99.0920028687,38079000
NFLX,2025-03-06T05:00:00.000Z,97.2990036011,90.6360015869,97.3690032959,89.9000015259,90.6360015869,78526000
NFLX,2025-03-07T05:00:00.000Z,89.763999939,89.111000061,90.4889984131,85.8069992065,89.111000061,77375000
NFLX,2025-03-10T04:00:00.000Z,87.5070037842,86.6679992676,88.1269989014,85.4499969482,86.6679992676,69953000
NFLX,2025-03-11T04:00:00.000Z,86.7409973145,89.5100021362,91.0680007935,86.5999984741,89.5100021362,73989000
NFLX,2025-03-12T04:00:00.000Z,91.4599990845,91.9680023193,92.7180023193,90.0999984741,91.9680023193,68658000
NFLX,2025-03-13T04:00:00.000Z,91.3000030518,89.016998291,92.1890029907,88.7509994507,89.016998291,50017000
NFLX,2025-03-14T04:00:00.000Z,90.1460037231,91.8000030518,91.9629974365,90.0999984741,91.8000030518,52007000
NFLX,2025-03-17T04:00:00.000Z,93.9950027466,95.0019989014,96.7630004883,93.4420013428,95.0019989014,75431000
NFLX,2025-03-18T04:00:00.000Z,94.0,92.9980010986,94.8249969482,91.6299972534,92.9980010986,60094000
NFLX,2025-03-19T04:00:00.000Z,93.577003479,95.9489974976,96.8000030518,92.4000015259,95.9489974976,66624000
NFLX,2025-03-20T04:00:00.000Z,95.0009994507,95.0839996338,96.6999969482,94.5500030518,95.0839996338,44663000
NFLX,2025-03-21T04:00:00.000Z,94.1640014648,96.0289993286,96.3649978638,94.0950012207,96.0289993286,59054000
NFLX,2025-03-24T04:00:00.000Z,96.9670028687,97.1989974976,97.6999969482,95.1549987793,97.1989974976,46779000
NFLX,2025-03-25T04:00:00.000Z,97.8180007935,99.7279968262,99.8700027466,97.7109985352,99.7279968262,37822000
NFLX,2025-03-26T04:00:00.000Z,99.3809967041,97.0650024414,99.6790008545,96.6320037842,97.0650024414,35274000
NFLX,2025-03-27T04:00:00.000Z,97.4219970703,97.6719970703,98.9000015259,96.6370010376,97.6719970703,30472000
NFLX,2025-03-28T04:00:00.000Z,97.1999969482,93.3850021362,97.4980010986,92.922996521,93.3850021362,44227000
NFLX,2025-03-31T04:00:00.000Z,92.0530014038,93.2529983521,93.4479980469,90.0589981079,93.2529983521,46341000
NFLX,2025-04-01T04:00:00.000Z,92.75,92.8379974365,93.2289962769,91.1500015259,92.8379974365,35200000
NFLX,2025-04-02T04:00:00.000Z,92.3000030518,93.5520019531,94.9550018311,91.611000061,93.5520019531,32569000
NFLX,2025-04-03T04:00:00.000Z,90.1800003052,91.7050018311,94.658996582,90.0469970703,91.7050018311,58646000
NFLX,2025-04-04T04:00:00.000Z,89.6500015259,85.5859985352,90.6630020142,85.3870010376,85.5859985352,67988000
NFLX,2025-04-07T04:00:00.000Z,82.7850036621,86.7829971313,90.6740036011,82.1100006104,86.7829971313,66568000
NFLX,2025-04-08T04:00:00.000Z,91.2440032959,87.0400009155,92.2419967651,85.7699966431,87.0400009155,56254000
NFLX,2025-04-09T04:00:00.000Z,85.5930023193,94.5469970703,95.1429977417,85.4400024414,94.5469970703,74980000
NFLX,2025-04-10T04:00:00.000Z,93.1940002441,92.1169967651,94.1240005493,89.4000015259,92.1169967651,51298000
NFLX,2025-04-11T04:00:00.000Z,92.0,91.8290023804,94.486000061,90.6679992676,91.8290023804,40736000
NFLX,2025-04-14T04:00:00.000Z,93.2699966431,93.1279983521,94.8980026245,91.9499969482,93.1279983521,40359000
NFLX,2025-04-15T04:00:00.000Z,95.0,97.6279983521,99.3450012207,94.8000030518,97.6279983521,77120000
NFLX,2025-04-16T04:00:00.000Z,97.6279983521,96.1630020142,98.1210021973,94.9169998169,96.1630020142,60661000
NFLX,2025-04-17T04:00:00.000Z,96.9000015259,97.3030014038,98.4700012207,95.5999984741,97.3030014038,88937000
NFLX,2025-04-21T04:00:00.000Z,98.4400024414,98.7910003662,101.9000015259,97.3050003052,98.7910003662,97757000
NFLX,2025-04-22T04:00:00.000Z,100.5299987793,104.033996582,106.4970016479,100.452003479,104.033996582,93689000
NFLX,2025-04-23T04:00:00.000Z,104.7220001221,104.9589996338,106.125,103.1999969482,104.9589996338,64719000
NFLX,2025-04-24T04:00:00.000Z,104.8000030518,109.68699646,110.0999984741,104.702003479,109.68699646,63819000
NFLX,2025-04-25T04:00:00.000Z,109.7040023804,110.1529998779,110.6800003052,109.0999984741,110.1529998779,39500000
NFLX,2025-04-28T04:00:00.000Z,110.0,111.0380020142,111.4000015259,108.2620010376,111.0380020142,38311000
NFLX,2025-04-29T04:00:00.000Z,110.391998291,112.5640029907,112.78099823,109.547996521,112.5640029907,37773000
NFLX,2025-04-30T04:00:00.000Z,111.2649993896,113.1719970703,113.3199996948,110.111000061,113.1719970703,42667000
NFLX,2025-05-01T04:00:00.000Z,112.2519989014,113.3470001221,114.2419967651,111.1829986572,113.3470001221,34995000
NFLX,2025-05-02T04:00:00.000Z,113.6660003662,115.6490020752,115.9440002441,113.3320007324,115.6490020752,37743000
NFLX,2025-05-05T04:00:00.000Z,111.4800033569,113.40599823,114.4020004272,110.7009963989,113.40599823,56623000
NFLX,2025-05-06T04:00:00.000Z,112.9430007935,113.7689971924,114.7659988403,112.6399993896,113.7689971924,32567000
NFLX,2025-05-07T04:00:00.000Z,113.9179992676,115.5410003662,116.4000015259,113.8000030518,115.5410003662,43497000
NFLX,2025-05-08T04:00:00.000Z,116.1620025635,114.4430007935,116.2289962769,113.9199981689,114.4430007935,37609000
NFLX,2025-05-09T04:00:00.000Z,114.7099990845,114.0220031738,115.0999984741,113.3219985962,114.0220031738,25696000
NFLX,2025-05-12T04:00:00.000Z,112.4260025024,111.0,113.0,110.2929992676,111.0,64791000
NFLX,2025-05-13T04:00:00.000Z,111.4459991455,113.84400177,114.7880020142,110.6299972534,113.84400177,39979000
NFLX,2025-05-14T04:00:00.000Z,112.9599990845,115.0989990234,115.2900009155,112.8399963379,115.0989990234,39101000
NFLX,2025-05-15T04:00:00.000Z,114.7740020752,117.797996521,118.7799987793,114.7649993896,117.797996521,44640000
NFLX,2025-05-16T04:00:00.000Z,119.3140029907,119.1529998779,119.6500015259,117.9390029907,119.1529998779,46984000
NFLX,2025-05-19T04:00:00.000Z,117.358001709,119.1640014648,119.1640014648,117.1709976196,119.1640014648,28534000
NFLX,2025-05-20T04:00:00.000Z,118.6790008545,119.202003479,119.3000030518,117.9020004272,119.202003479,21331000
NFLX,2025-05-21T04:00:00.000Z,118.6500015259,119.4629974365,121.1220016479,118.6500015259,119.4629974365,29766000
NFLX,2025-05-22T04:00:00.000Z,119.2399978638,118.7969970703,119.875,118.7210006714,118.7969970703,18616000
NFLX,2025-05-23T04:00:00.000Z,118.4000015259,118.5390014648,119.1449966431,117.9440002441,118.5390014648,21865000
NFLX,2025-05-27T04:00:00.000Z,119.5329971313,121.1569976807,121.1770019531,119.3089981079,121.1569976807,29205000
NFLX,2025-05-28T04:00:00.000Z,121.0270004272,120.8550033569,121.591003418,120.6019973755,120.8550033569,18559000
NFLX,2025-05-29T04:00:00.000Z,120.8000030518,118.486000061,120.9000015259,117.6279983521,118.486000061,33007000
NFLX,2025-05-30T04:00:00.000Z,119.8330001831,120.7229995728,121.1809997559,118.0930023193,120.7229995728,46968000
NFLX,2025-06-02T04:00:00.000Z,120.1200027466,121.8980026245,121.9400024414,119.625,121.8980026245,22942000
NFLX,2025-06-03T04:00:00.000Z,121.9869995117,121.7939987183,122.9570007324,121.1179962158,121.7939987183,23638000
NFLX,2025-06-04T04:00:00.000Z,122.0729980469,123.966003418,124.2559967041,121.9879989624,123.966003418,23594000
NFLX,2025-06-05T04:00:00.000Z,124.0599975586,125.0520019531,126.28099823,123.7289962769,125.0520019531,28172000
NFLX,2025-06-06T04:00:00.000Z,125.9410018921,124.1470031738,126.0,123.5550003052,124.1470031738,25570000
NFLX,2025-06-09T04:00:00.000Z,123.8880004883,122.4459991455,123.8880004883,122.1569976807,122.4459991455,24031000
NFLX,2025-06-10T04:00:00.000Z,122.7519989014,120.3619995117,122.7519989014,118.0609970093,120.3619995117,44544000
NFLX,2025-06-11T04:00:00.000Z,120.2600021362,121.9879989624,122.8290023804,119.6009979248,121.9879989624,23823000
NFLX,2025-06-12T04:00:00.000Z,122.2590026855,121.5029983521,123.0,121.1959991455,121.5029983521,20846000
NFLX,2025-06-13T04:00:00.000Z,120.658996582,121.2149963379,122.06199646,120.1890029907,121.2149963379,22103000
NFLX,2025-06-16T04:00:00.000Z,121.2200012207,122.5350036621,122.625,121.2200012207,122.5350036621,21128000
NFLX,2025-06-17T04:00:00.000Z,121.9950027466,122.0670013428,123.236000061,121.6090011597,122.0670013428,18921000
NFLX,2025-06-18T04:00:00.000Z,122.9990005493,122.2289962769,124.1999969482,122.0500030518,122.2289962769,22810000
NFLX,2025-06-20T04:00:00.000Z,123.4449996948,123.1409988403,124.8499984741,122.4349975586,123.1409988403,53482000
NFLX,2025-06-23T04:00:00.000Z,123.8030014038,125.3539962769,125.4840011597,121.5009994507,125.3539962769,26673000
NFLX,2025-06-24T04:00:00.000Z,126.0550003052,127.9110031128,128.2570037842,125.5,127.9110031128,26633000
NFLX,2025-06-25T04:00:00.000Z,128.6840057373,127.5250015259,129.8000030518,127.3809967041,127.5250015259,21465000
NFLX,2025-06-26T04:00:00.000Z,128.0,130.6670074463,130.7339935303,128.0,130.6670074463,26059000
NFLX,2025-06-27T04:00:00.000Z,130.68800354,132.31199646,133.1349945068,130.1000061035,132.31199646,40709000
NFLX,2025-06-30T04:00:00.000Z,133.1000061035,133.9129943848,134.1150054932,132.1210021973,133.9129943848,32829000
NFLX,2025-07-01T04:00:00.000Z,133.8229980469,129.3600006104,133.8769989014,128.2220001221,129.3600006104,49936000
NFLX,2025-07-02T04:00:00.000Z,129.6959991455,128.4859924316,129.9949951172,127.158996582,128.4859924316,30488000
NFLX,2025-07-03T04:00:00.000Z,129.1999969482,129.7180023193,130.2259979248,127.9759979248,129.7180023193,20062000
NFLX,2025-07-07T04:00:00.000Z,129.5,128.9620056152,129.5,127.6019973755,128.9620056152,22737000
NFLX,2025-07-08T04:00:00.000Z,129.0899963379,127.53099823,129.3249969482,126.0,127.53099823,32925000
NFLX,2025-07-09T04:00:00.000Z,127.3990020752,128.8280029297,128.828994751,126.6240005493,128.8280029297,23845000
NFLX,2025-07-10T04:00:00.000Z,128.5500030518,125.0589981079,128.9600067139,124.6009979248,125.0589981079,42308000
NFLX,2025-07-11T04:00:00.000Z,125.9789962769,124.5110015869,126.0999984741,123.1299972534,124.5110015869,39572000
NFLX,2025-07-14T04:00:00.000Z,124.4909973145,126.1949996948,127.0490036011,124.0,126.1949996948,27810000
NFLX,2025-07-15T04:00:00.000Z,126.1999969482,126.0270004272,127.1220016479,124.3239974976,126.0270004272,28017000
NFLX,2025-07-16T04:00:00.000Z,126.1709976196,125.03099823,127.0999984741,124.9820022583,125.03099823,32270000
NFLX,2025-07-17T04:00:00.000Z,125.3000030518,127.4169998169,127.75,124.4800033569,127.4169998169,64699000
NFLX,2025-07-18T04:00:00.000Z,124.1959991455,120.9240036011,124.6500015259,120.1009979248,120.9240036011,106933000
NFLX,2025-07-21T04:00:00.000Z,120.5999984741,123.327003479,123.7099990845,119.8000030518,123.327003479,56276000
NFLX,2025-07-22T04:00:00.000Z,123.0380020142,119.0080032349,123.2369995117,118.75,119.0080032349,50630000
NFLX,2025-07-23T04:00:00.000Z,118.9810028076,117.6780014038,119.2620010376,117.3600006104,117.6780014038,45043000
NFLX,2025-07-24T04:00:00.000Z,117.7799987793,118.0759963989,118.3499984741,116.2659988403,118.0759963989,38456000
NFLX,2025-07-25T04:00:00.000Z,117.8420028687,118.0490036011,118.7320022583,117.43800354,118.0490036011,26293000
NFLX,2025-07-28T04:00:00.000Z,118.1200027466,117.4599990845,119.7789993286,116.8529968262,117.4599990845,34470000
NFLX,2025-07-29T04:00:00.000Z,117.9000015259,116.8740005493,117.9599990845,116.3290023804,116.8740005493,27525000
NFLX,2025-07-30T04:00:00.000Z,116.8550033569,118.4199981689,118.4850006104,116.6100006104,118.4199981689,29227000
NFLX,2025-07-31T04:00:00.000Z,118.4800033569,115.9400024414,119.0,115.7740020752,115.9400024414,37129000
NFLX,2025-08-01T04:00:00.000Z,116.3010025024,115.8600006104,117.8509979248,115.2850036621,115.8600006104,38910000
NFLX,2025-08-04T04:00:00.000Z,116.7649993896,117.0989990234,117.6999969482,116.2620010376,117.0989990234,22447000
NFLX,2025-08-05T04:00:00.000Z,117.0999984741,114.7870025635,117.1709976196,114.4710006714,114.7870025635,26607000
NFLX,2025-08-06T04:00:00.000Z,115.3519973755,117.8479995728,118.1380004883,115.18699646,117.8479995728,33622000
NFLX,2025-08-07T04:00:00.000Z,118.1760025024,118.0370025635,119.1220016479,116.8199996948,118.0370025635,26283000
NFLX,2025-08-08T04:00:00.000Z,118.3190002441,121.1640014648,121.4110031128,118.0370025635,121.1640014648,38167000
NFLX,2025-08-11T04:00:00.000Z,121.4010009766,121.8310012817,122.3069992065,120.1930007935,121.8310012817,24556000
NFLX,2025-08-12T04:00:00.000Z,122.5,122.5279998779,123.1989974976,120.6510009766,122.5279998779,22788000
NFLX,2025-08-13T04:00:00.000Z,123.4000015259,120.4440002441,123.7119979858,120.3000030518,120.4440002441,27624000
NFLX,2025-08-14T04:00:00.000Z,120.9889984131,123.0559997559,124.408996582,120.7030029297,123.0559997559,39047000
NFLX,2025-08-15T04:00:00.000Z,123.4039993286,123.8949966431,124.6940002441,122.7880020142,123.8949966431,27678000
NFLX,2025-08-18T04:00:00.000Z,123.56300354,124.5090026855,125.1159973145,123.5449981689,124.5090026855,21111000
NFLX,2025-08-19T04:00:00.000Z,124.0199966431,121.4150009155,124.0999984741,119.2789993286,121.4150009155,37077000
NFLX,2025-08-20T04:00:00.000Z,121.8000030518,121.3860015869,122.3000030518,119.3310012817,121.3860015869,24344000
NFLX,2025-08-21T04:00:00.000Z,121.1429977417,120.6210021973,122.1399993896,119.763999939,120.6210021973,20472000
NFLX,2025-08-22T04:00:00.000Z,120.8880004883,120.4649963379,121.3619995117,119.8229980469,120.4649963379,31281000
NFLX,2025-08-25T04:00:00.000Z,120.1650009155,121.8069992065,123.3799972534,119.9000015259,121.8069992065,28120000
NFLX,2025-08-26T04:00:00.000Z,122.0210037231,122.6090011597,123.1500015259,121.2200012207,122.6090011597,19857000
NFLX,2025-08-27T04:00:00.000Z,122.361000061,122.3499984741,122.9209976196,121.3000030518,122.3499984741,16645000
NFLX,2025-08-28T04:00:00.000Z,122.2789993286,123.1449966431,123.7890014648,121.4270019531,123.1449966431,19503000
NFLX,2025-08-29T04:00:00.000Z,122.7969970703,120.8249969482,122.8789978027,120.1149978638,120.8249969482,32098000
NFLX,2025-09-02T04:00:00.000Z,119.6999969482,121.4110031128,121.5400009155,118.2799987793,121.4110031128,23033000
NFLX,2025-09-03T04:00:00.000Z,120.513999939,122.6179962158,122.6999969482,120.3379974365,122.6179962158,24715000
NFLX,2025-09-04T04:00:00.000Z,122.3199996948,125.7480010986,125.7480010986,122.3089981079,125.7480010986,30235000
NFLX,2025-09-05T04:00:00.000Z,126.0,124.3820037842,126.7099990845,123.9020004272,124.3820037842,23797000
NFLX,2025-09-08T04:00:00.000Z,124.8539962769,124.4759979248,125.2040023804,123.1999969482,124.4759979248,19151000
NFLX,2025-09-09T04:00:00.000Z,124.6669998169,126.3249969482,126.5719985962,124.6669998169,126.3249969482,22197000
NFLX,2025-09-10T04:00:00.000Z,126.3970031738,124.7710037231,126.6999969482,124.6360015869,124.7710037231,27010000
NFLX,2025-09-11T04:00:00.000Z,125.0999984741,120.3499984741,125.3450012207,119.1999969482,120.3499984741,56823000
NFLX,2025-09-12T04:00:00.000Z,120.3059997559,118.84400177,121.1780014038,118.2399978638,118.84400177,37849000
NFLX,2025-09-15T04:00:00.000Z,118.8399963379,120.2259979248,120.7239990234,117.3209991455,120.2259979248,29093000
NFLX,2025-09-16T04:00:00.000Z,120.5640029907,120.0510025024,120.9000015259,119.7279968262,120.0510025024,24047000
NFLX,2025-09-17T04:00:00.000Z,122.1019973755,122.8499984741,123.3929977417,120.6610031128,122.8499984741,34598000
NFLX,2025-09-18T04:00:00.000Z,122.0820007324,120.7779998779,123.3000030518,120.5500030518,120.7779998779,31691000
NFLX,2025-09-19T04:00:00.000Z,121.8619995117,122.6969985962,122.9950027466,120.8099975586,122.6969985962,49476000
NFLX,2025-09-22T04:00:00.000Z,122.1900024414,122.7369995117,122.9759979248,121.4240036011,122.7369995117,25468000
NFLX,2025-09-23T04:00:00.000Z,122.733001709,121.8470001221,122.7789993286,120.8470001221,121.8470001221,24991000
NFLX,2025-09-24T04:00:00.000Z,121.861000061,120.3949966431,122.1500015259,119.4199981689,120.3949966431,27731000
NFLX,2025-09-25T04:00:00.000Z,120.3089981079,120.8239974976,121.6839981079,119.1510009766,120.8239974976,19978000
NFLX,2025-09-26T04:00:00.000Z,120.5419998169,121.0609970093,121.4000015259,120.0,121.0609970093,19450000
NFLX,2025-09-29T04:00:00.000Z,120.5,120.6409988403,122.4489974976,118.7539978027,120.6409988403,30332000
NFLX,2025-09-30T04:00:00.000Z,120.6409988403,119.891998291,120.8499984741,117.8000030518,119.891998291,38303000
NFLX,2025-10-01T04:00:00.000Z,117.5490036011,117.0899963379,117.9140014648,116.3209991455,117.0899963379,41102000
NFLX,2025-10-02T04:00:00.000Z,116.1500015259,116.2529983521,116.3330001831,113.4000015259,116.2529983521,46855000
NFLX,2025-10-03T04:00:00.000Z,116.5,115.3320007324,116.8000030518,114.3219985962,115.3320007324,31374000
NFLX,2025-10-06T04:00:00.000Z,116.0370025635,116.3310012817,116.358001709,114.5449981689,116.3310012817,29686000
NFLX,2025-10-07T04:00:00.000Z,117.7789993286,119.1060028076,120.1370010376,117.7460021973,119.1060028076,33091000
NFLX,2025-10-08T04:00:00.000Z,119.7109985352,121.4250030518,121.7389984131,119.1999969482,121.4250030518,28514000
NFLX,2025-10-09T04:00:00.000Z,121.4250030518,123.1070022583,123.75,121.1819992065,123.1070022583,28241000
NFLX,2025-10-10T04:00:00.000Z,122.9000015259,122.0080032349,124.6999969482,121.9100036621,122.0080032349,42798000
NFLX,2025-10-13T04:00:00.000Z,122.1350021362,121.9029998779,123.1119995117,120.6809997559,121.9029998779,24608000
NFLX,2025-10-14T04:00:00.000Z,121.4749984741,121.5350036621,122.4290008545,120.3099975586,121.5350036621,23624000
NFLX,2025-10-15T04:00:00.000Z,121.3010025024,120.3290023804,121.9619979858,120.1610031128,120.3290023804,20252000
NFLX,2025-10-16T04:00:00.000Z,121.2149963379,118.3590011597,121.6709976196,117.5999984741,118.3590011597,28326000
NFLX,2025-10-17T04:00:00.000Z,118.3600006104,119.9359970093,120.31199646,117.8949966431,119.9359970093,29571000
NFLX,2025-10-20T04:00:00.000Z,120.7880020142,123.8560028076,124.7760009766,120.6900024414,123.8560028076,39862000
NFLX,2025-10-21T04:00:00.000Z,124.2829971313,124.1350021362,124.8600006104,123.1760025024,124.1350021362,65082000
NFLX,2025-10-22T04:00:00.000Z,114.2900009155,111.6370010376,115.7600021362,111.2509994507,111.6370010376,147890000
NFLX,2025-10-23T04:00:00.000Z,112.6900024414,111.3590011597,112.7829971313,109.9729995728,111.3590011597,68497000
NFLX,2025-10-24T04:00:00.000Z,111.0999984741,109.46900177,111.4509963989,109.4410018921,109.46900177,60280000
NFLX,2025-10-27T04:00:00.000Z,110.0670013428,109.4560012817,110.2279968262,108.7300033569,109.4560012817,46911000
NFLX,2025-10-28T04:00:00.000Z,109.4000015259,110.25,111.6979980469,109.3010025024,110.25,40209000
NFLX,2025-10-29T04:00:00.000Z,109.9840011597,110.0410003662,110.8550033569,109.5999984741,110.0410003662,33995000
NFLX,2025-10-30T04:00:00.000Z,109.4400024414,108.9000015259,110.6159973145,108.8109970093,108.9000015259,41581000
NFLX,2025-10-31T04:00:00.000Z,110.5390014648,111.8860015869,113.4879989624,110.1979980469,111.8860015869,68665000
NFLX,2025-11-03T05:00:00.000Z,113.3239974976,110.0090026855,113.3499984741,107.5149993896,110.0090026855,58634000
NFLX,2025-11-04T05:00:00.000Z,109.9990005493,109.2959976196,110.4599990845,108.6679992676,109.2959976196,38718000
NFLX,2025-11-05T05:00:00.000Z,108.5,109.8460006714,110.0849990845,107.3369979858,109.8460006714,35539000
NFLX,2025-11-06T05:00:00.000Z,109.4580001831,109.702003479,110.3700027466,108.5130004883,109.702003479,36532000
NFLX,2025-11-07T05:00:00.000Z,109.4179992676,110.3659973145,110.8219985962,108.75,110.3659973145,44125000
NFLX,2025-11-10T05:00:00.000Z,110.6719970703,112.0070037842,112.8199996948,110.4049987793,112.0070037842,36929000
NFLX,2025-11-11T05:00:00.000Z,111.7600021362,113.6439971924,113.9219970703,111.2799987793,113.6439971924,27966000
NFLX,2025-11-12T05:00:00.000Z,113.8170013428,115.75,116.4339981079,112.8259963989,115.75,39221000
NFLX,2025-11-13T05:00:00.000Z,115.8499984741,115.422996521,116.733001709,114.5690002441,115.422996521,40144000
NFLX,2025-11-14T05:00:00.000Z,114.2730026245,111.2170028687,114.2730026245,110.7210006714,111.2170028687,47607000
NFLX,2025-11-17T05:00:00.000Z,110.75,110.2900009155,111.8499984741,109.5500030518,110.2900009155,26082700
NFLX,2025-11-18T05:00:00.000Z,110.2900009155,114.0899963379,115.25,109.1999969482,114.0899963379,43440600
NFLX,2025-11-19T05:00:00.000Z,113.0,110.0,113.3399963379,108.6100006104,110.0,31868100
NFLX,2025-11-20T05:00:00.000Z,111.0,105.6699981689,111.0999984741,105.3899993896,105.6699981689,36918500
NFLX,2025-11-21T05:00:00.000Z,105.1299972534,104.3099975586,106.5299987793,103.8099975586,104.3099975586,41232700
NFLX,2025-11-24T05:00:00.000Z,104.25,106.9700012207,108.0400009155,103.3199996948,106.9700012207,62918300
NFLX,2025-11-25T05:00:00.000Z,106.1200027466,104.4000015259,106.3000030518,103.8199996948,104.4000015259,35122600
NFLX,2025-11-26T05:00:00.000Z,105.7399978638,106.1399993896,106.9499969482,105.2200012207,106.1399993896,27951000
NFLX,2025-11-28T05:00:00.000Z,106.4400024414,107.5800018311,107.9400024414,106.2399978638,107.5800018311,15021600
NFLX,2025-12-01T05:00:00.000Z,106.5100021362,109.1299972534,109.3399963379,106.3099975586,109.1299972534,24873400
NFLX,2025-12-02T05:00:00.000Z,109.2099990845,109.3499984741,109.7300033569,107.5199966431,109.3499984741,25763000
NFLX,2025-12-03T05:00:00.000Z,106.5899963379,103.9599990845,106.8700027466,102.0299987793,103.9599990845,53593400
NFLX,2025-12-04T05:00:00.000Z,103.5699996948,103.2200012207,103.8000030518,101.7699966431,103.2200012207,51779100
NFLX,2025-12-05T05:00:00.000Z,98.7799987793,100.2399978638,104.7900009155,97.7399978638,100.2399978638,133363600
NFLX,2025-12-08T05:00:00.000Z,99.8700027466,96.7900009155,99.8899993896,95.3000030518,96.7900009155,100906300
NFLX,2025-12-09T05:00:00.000Z,97.0299987793,96.7099990845,97.2399978638,95.4499969482,96.7099990845,51745600
NFLX,2025-12-10T05:00:00.000Z,96.7399978638,92.7099990845,96.9700012207,92.3499984741,92.7099990845,74129300
NFLX,2025-12-11T05:00:00.000Z,93.9000015259,94.0899963379,94.8199996948,92.7600021362,94.0899963379,43949000
NFLX,2025-12-12T05:00:00.000Z,95.5,95.1900024414,96.9199981689,94.6500015259,95.1900024414,49323100
NFLX,2025-12-15T05:00:00.000Z,96.0199966431,93.7699966431,96.3700027466,93.5299987793,93.7699966431,40016500
NFLX,2025-12-16T05:00:00.000Z,93.8799972534,94.5699996948,94.9300003052,93.3199996948,94.5699996948,34265000
NFLX,2025-12-17T05:00:00.000Z,95.9800033569,94.7900009155,97.3300018311,94.4599990845,94.7900009155,50472800
NFLX,2025-12-18T05:00:00.000Z,95.0199966431,94.0,95.8099975586,93.5899963379,94.0,37244700
NFLX,2025-12-19T05:00:00.000Z,93.5699996948,94.3899993896,95.5400009155,93.4499969482,94.3899993896,78990200
NFLX,2025-12-22T05:00:00.000Z,94.7099990845,93.2300033569,94.7099990845,92.9100036621,93.2300033569,39484800
NFLX,2025-12-23T05:00:00.000Z,93.4000015259,93.5,93.8099975586,91.3300018311,93.5,25896200
NFLX,2025-12-24T05:00:00.000Z,93.1100006104,93.6399993896,93.6800003052,92.6699981689,93.6399993896,12427900
NFLX,2025-12-26T05:00:00.000Z,93.4800033569,94.4700012207,94.6900024414,93.2699966431,94.4700012207,22068300
NFLX,2025-12-29T05:00:00.000Z,93.9899978638,94.1500015259,94.9700012207,93.6299972534,94.1500015259,24493700
NFLX,2025-12-30T05:00:00.000Z,93.5199966431,93.7799987793,93.9899978638,93.3399963379,93.7799987793,23422000
NFLX,2025-12-31T05:00:00.000Z,93.5999984741,93.7600021362,94.3099975586,93.1999969482,93.7600021362,23495200
NFLX,2026-01-02T05:00:00.000Z,94.1299972534,90.9899978638,94.1299972534,90.8099975586,90.9899978638,41155400
NFLX,2026-01-05T05:00:00.000Z,90.9199981689,91.4599990845,92.6299972534,90.8399963379,91.4599990845,39183300
NFLX,2026-01-06T05:00:00.000Z,91.5400009155,90.6500015259,91.6399993896,89.7399978638,90.6500015259,43331000
NFLX,2026-01-07T05:00:00.000Z,91.5599975586,90.7300033569,92.4199981689,90.0599975586,90.7300033569,36525700
NFLX,2026-01-08T05:00:00.000Z,90.4499969482,90.5299987793,91.25,89.5800018311,90.5299987793,40068700
NFLX,2026-01-09T05:00:00.000Z,90.0299987793,89.4599990845,90.0500030518,88.3199996948,89.4599990845,55504000
VTI,2024-01-10T05:00:00.000Z,236.1199951172,237.2299957275,237.6600036621,235.7899932861,231.2628936768,3343400
VTI,2024-01-11T05:00:00.000Z,237.5200042725,237.0700073242,237.8600006104,234.9199981689,231.1069335938,3375600
VTI,2024-01-12T05:00:00.000Z,237.9799957275,237.1100006104,238.3699951172,236.4199981689,231.145904541,3053400
VTI,2024-01-16T05:00:00.000Z,236.2899932861,236.0099945068,236.9100036621,235.1000061035,230.0735931396,3646700
VTI,2024-01-17T05:00:00.000Z,234.4100036621,234.5899963379,234.8699951172,233.4299926758,228.6893157959,3336600
VTI,2024-01-18T05:00:00.000Z,235.6399993896,236.6600036621,236.9600067139,234.6199951172,230.707244873,3509900
VTI,2024-01-19T05:00:00.000Z,237.3800048828,239.5399932861,239.7400054932,236.7599945068,233.5148010254,3850800
VTI,2024-01-22T05:00:00.000Z,240.5399932861,240.5800018311,241.3999938965,240.0500030518,234.5286407471,3952700
VTI,2024-01-23T05:00:00.000Z,241.0200042725,241.0200042725,241.1699981689,240.0599975586,234.9575805664,3015300
VTI,2024-01-24T05:00:00.000Z,242.6600036621,240.9799957275,242.8699951172,240.8500061035,234.9185943604,3003000
VTI,2024-01-25T05:00:00.000Z,242.1900024414,242.3200073242,242.5599975586,241.0700073242,236.224899292,2993900
VTI,2024-01-26T05:00:00.000Z,242.3099975586,242.1199951172,243.0200042725,241.7299957275,236.0299072266,2858200
VTI,2024-01-29T05:00:00.000Z,242.3399963379,244.3200073242,244.3399963379,242.1300048828,238.1745758057,3463400
VTI,2024-01-30T05:00:00.000Z,244.0700073242,243.9799957275,244.3300018311,243.5700073242,237.8431091309,3098900
VTI,2024-01-31T05:00:00.000Z,242.8399963379,239.8699951172,243.2400054932,239.8600006104,233.836517334,3884500
VTI,2024-02-01T05:00:00.000Z,240.8999938965,243.1000061035,243.1000061035,240.0399932861,236.9852752686,3986800
VTI,2024-02-02T05:00:00.000Z,242.9600067139,245.1799926758,246.0099945068,242.6900024414,239.0129394531,3876600
VTI,2024-02-05T05:00:00.000Z,244.8300018311,244.0200042725,244.9900054932,242.7400054932,237.8821258545,3324800
VTI,2024-02-06T05:00:00.000Z,244.4799957275,244.8500061035,245.0200042725,243.8999938965,238.6912536621,2568400
VTI,2024-02-07T05:00:00.000Z,246.0,246.7799987793,247.0899963379,245.3899993896,240.5727233887,2305700
VTI,2024-02-08T05:00:00.000Z,246.8099975586,247.3899993896,247.4700012207,246.5099945068,241.1673431396,2668200
VTI,2024-02-09T05:00:00.000Z,247.75,248.8999938965,249.1499938965,247.5099945068,242.6393585205,2367700
VTI,2024-02-12T05:00:00.000Z,249.0399932861,249.1399993896,250.3399963379,248.7200012207,242.8733520508,2769700
VTI,2024-02-13T05:00:00.000Z,245.6100006104,245.1499938965,246.3200073242,243.3500061035,238.9836883545,5832600
VTI,2024-02-14T05:00:00.000Z,246.8699951172,247.8600006104,248.0299987793,245.6100006104,241.6255340576,2606900
VTI,2024-02-15T05:00:00.000Z,248.3399963379,249.7700042725,249.9400024414,248.0200042725,243.487487793,3181900
VTI,2024-02-16T05:00:00.000Z,249.6100006104,248.4600067139,250.2299957275,248.1000061035,242.21043396,2909200
VTI,2024-02-20T05:00:00.000Z,247.5500030518,246.8999938965,247.75,245.7599945068,240.689666748,3445100
VTI,2024-02-21T05:00:00.000Z,246.0500030518,246.9499969482,246.9900054932,245.1300048828,240.7384185791,2169900
VTI,2024-02-22T05:00:00.000Z,249.9600067139,251.8300018311,252.2100067139,249.6100006104,245.4956817627,3873000
VTI,2024-02-23T05:00:00.000Z,252.4600067139,252.0,252.9199981689,251.5299987793,245.6613922119,2856000
VTI,2024-02-26T05:00:00.000Z,252.0200042725,251.2400054932,252.4400024414,251.1999969482,244.9205169678,2585800
VTI,2024-02-27T05:00:00.000Z,251.7899932861,251.9400024414,252.1000061035,250.9499969482,245.6029052734,2024600
VTI,2024-02-28T05:00:00.000Z,251.1000061035,251.5200042725,251.9600067139,250.9700012207,245.1934814453,2192200
VTI,2024-02-29T05:00:00.000Z,252.6799926758,252.5800018311,253.3000030518,251.1199951172,246.2268066406,2610400
VTI,2024-03-01T05:00:00.000Z,253.0399932861,254.8999938965,255.0700073242,252.6799926758,248.4884643555,3693800
VTI,2024-03-04T05:00:00.000Z,254.7799987793,254.6499938965,255.5800018311,254.5299987793,248.2447357178,4966800
VTI,2024-03-05T05:00:00.000Z,253.6799926758,251.9499969482,253.8600006104,250.9100036621,245.6126556396,3134800
VTI,2024-03-06T05:00:00.000Z,253.8699951172,253.4400024414,254.5099945068,252.6799926758,247.0651855469,2501700
VTI,2024-03-07T05:00:00.000Z,255.0,255.9100036621,256.3699951172,254.6499938965,249.4730529785,2940900
VTI,2024-03-08T05:00:00.000Z,256.4200134277,254.4299926758,257.7099914551,254.0399932861,248.0302734375,3673500
VTI,2024-03-11T04:00:00.000Z,253.8899993896,254.0200042725,254.3500061035,252.6999969482,247.6305999756,3038700
VTI,2024-03-12T04:00:00.000Z,254.9900054932,256.5299987793,256.7399902344,253.6499938965,250.0774536133,4380100
VTI,2024-03-13T04:00:00.000Z,256.5700073242,256.2099914551,256.8699951172,255.4700012207,249.7655029297,2667400
VTI,2024-03-14T04:00:00.000Z,256.6900024414,255.2200012207,256.8699951172,253.7200012207,248.8003692627,3664100
VTI,2024-03-15T04:00:00.000Z,253.6000061035,253.7100067139,254.6499938965,252.6999969482,247.3283996582,3216800
VTI,2024-03-18T04:00:00.000Z,255.5800018311,255.0,256.2099914551,254.8099975586,248.5859527588,3455400
VTI,2024-03-19T04:00:00.000Z,254.4299926758,256.4700012207,256.549987793,254.1699981689,250.018951416,2900200
VTI,2024-03-20T04:00:00.000Z,256.4599914551,259.0700073242,259.200012207,256.1900024414,252.5536193848,2480800
VTI,2024-03-21T04:00:00.000Z,260.6499938965,260.1400146484,261.0700073242,260.0400085449,253.5966339111,3723200
VTI,2024-03-22T04:00:00.000Z,259.1900024414,258.5,259.450012207,258.3399963379,252.8834686279,2465300
VTI,2024-03-25T04:00:00.000Z,258.1000061035,257.9200134277,258.4899902344,257.7900085449,252.3161010742,2714400
VTI,2024-03-26T04:00:00.000Z,258.799987793,257.4599914551,258.8299865723,257.2799987793,251.8660736084,2591500
VTI,2024-03-27T04:00:00.000Z,259.1300048828,259.7300109863,259.8500061035,258.0100097656,254.086807251,4030200
VTI,2024-03-28T04:00:00.000Z,259.799987793,259.8999938965,260.5799865723,259.7600097656,254.2530670166,2669100
VTI,2024-04-01T04:00:00.000Z,260.3200073242,259.700012207,260.3800048828,258.6799926758,254.0574493408,3292300
VTI,2024-04-02T04:00:00.000Z,257.5,257.299987793,257.5,256.1900024414,251.7095489502,3213400
VTI,2024-04-03T04:00:00.000Z,256.7300109863,257.700012207,258.4400024414,256.6600036621,252.1008911133,3241600
VTI,2024-04-04T04:00:00.000Z,259.6499938965,254.6100006104,259.9899902344,254.4400024414,249.0780029297,3121300
VTI,2024-04-05T04:00:00.000Z,255.1100006104,257.1799926758,258.200012207,255.0,251.5921630859,4178500
VTI,2024-04-08T04:00:00.000Z,257.799987793,257.4800109863,258.1400146484,257.1000061035,251.8856658936,3223800
VTI,2024-04-09T04:00:00.000Z,258.3500061035,257.8500061035,258.5,255.3999938965,252.2475891113,2940600
VTI,2024-04-10T04:00:00.000Z,254.7200012207,254.9700012207,256.0400085449,253.9199981689,249.43019104,3348900
VTI,2024-04-11T04:00:00.000Z,255.75,256.700012207,257.4299926758,253.8800048828,251.1226043701,3434200
VTI,2024-04-12T04:00:00.000Z,255.2700042725,253.0,255.6399993896,252.1600036621,247.5029907227,3574400
VTI,2024-04-15T04:00:00.000Z,255.0,249.8899993896,255.2100067139,249.2599945068,244.4605560303,4804300
VTI,2024-04-16T04:00:00.000Z,249.8899993896,249.1399993896,250.6499938965,248.4700012207,243.726852417,3466800
VTI,2024-04-17T04:00:00.000Z,250.4400024414,247.6799926758,250.9299926758,246.9799957275,242.2985534668,2861400
VTI,2024-04-18T04:00:00.000Z,248.3200073242,247.1699981689,249.5299987793,246.6499938965,241.7996673584,2991700
VTI,2024-04-19T04:00:00.000Z,247.0700073242,245.2299957275,247.6900024414,244.5700073242,239.9018096924,3469000
VTI,2024-04-22T04:00:00.000Z,246.5899963379,247.6399993896,248.8800048828,245.3800048828,242.2594451904,3112000
VTI,2024-04-23T04:00:00.000Z,248.5700073242,250.5899963379,250.9499969482,248.2700042725,245.1453399658,2399000
VTI,2024-04-24T04:00:00.000Z,251.2100067139,250.6499938965,251.5099945068,249.3000030518,245.2040405273,2285900
VTI,2024-04-25T04:00:00.000Z,247.3099975586,249.4600067139,249.8899993896,246.4299926758,244.0399017334,2473300
VTI,2024-04-26T04:00:00.000Z,250.8600006104,251.7799987793,252.5399932861,250.4400024414,246.3094787598,3238100
VTI,2024-04-29T04:00:00.000Z,252.75,252.7700042725,253.1199951172,251.3500061035,247.2779998779,2086000
VTI,2024-04-30T04:00:00.000Z,251.9400024414,248.6100006104,252.3300018311,248.5599975586,243.2083892822,2502700
VTI,2024-05-01T04:00:00.000Z,248.4600067139,247.9900054932,251.9799957275,247.6000061035,242.601852417,3509500
VTI,2024-05-02T04:00:00.000Z,250.1300048828,250.5599975586,250.9199981689,247.6100006104,245.1159973145,2580200
VTI,2024-05-03T04:00:00.000Z,253.6000061035,253.5299987793,254.3999938965,252.1999969482,248.0214538574,2350200
VTI,2024-05-06T04:00:00.000Z,254.8000030518,256.25,256.25,254.6199951172,250.6823883057,2811500
VTI,2024-05-07T04:00:00.000Z,256.5899963379,256.4800109863,257.1700134277,256.1400146484,250.9073638916,1829900
VTI,2024-05-08T04:00:00.000Z,255.4799957275,256.299987793,256.549987793,255.3300018311,250.731262207,2600100
VTI,2024-05-09T04:00:00.000Z,256.299987793,257.8099975586,257.8800048828,256.0,252.2084655762,2418700
VTI,2024-05-10T04:00:00.000Z,258.6700134277,258.049987793,259.0299987793,257.450012207,252.4432373047,1922500
VTI,2024-05-13T04:00:00.000Z,259.0799865723,258.1900024414,259.0799865723,257.5599975586,252.5802154541,1948400
VTI,2024-05-14T04:00:00.000Z,258.2300109863,259.450012207,259.6700134277,258.0799865723,253.8128814697,2466800
VTI,2024-05-15T04:00:00.000Z,260.8500061035,262.6400146484,262.7300109863,260.4400024414,256.93359375,2508700
VTI,2024-05-16T04:00:00.000Z,262.6799926758,261.9299926758,263.2799987793,261.8599853516,256.2389526367,2445000
VTI,2024-05-17T04:00:00.000Z,262.1499938965,262.299987793,262.299987793,261.2399902344,256.6008911133,2208700
VTI,2024-05-20T04:00:00.000Z,262.4299926758,262.5700073242,263.3599853516,262.2099914551,256.8650512695,2366100
VTI,2024-05-21T04:00:00.000Z,262.200012207,263.1099853516,263.1600036621,262.1300048828,257.3933105469,2241900
VTI,2024-05-22T04:00:00.000Z,262.8599853516,262.2200012207,263.0700073242,261.1300048828,256.522644043,2356600
VTI,2024-05-23T04:00:00.000Z,263.8599853516,259.9899902344,263.9200134277,259.4299926758,254.3411254883,6603000
VTI,2024-05-24T04:00:00.000Z,261.0400085449,261.8699951172,262.2099914551,260.450012207,256.1802978516,3123700
VTI,2024-05-28T04:00:00.000Z,262.4700012207,261.8699951172,262.4700012207,260.4899902344,256.1802978516,3078100
VTI,2024-05-29T04:00:00.000Z,259.6199951172,259.7200012207,260.3699951172,259.4299926758,254.0770111084,3179000
VTI,2024-05-30T04:00:00.000Z,259.2799987793,258.450012207,259.6199951172,257.75,252.8346099854,3030200
VTI,2024-05-31T04:00:00.000Z,259.0,260.4400024414,260.6000061035,256.25,254.7813262939,3407400
VTI,2024-06-03T04:00:00.000Z,261.6600036621,260.5199890137,261.6600036621,258.0799865723,254.8596038818,6203400
VTI,2024-06-04T04:00:00.000Z,259.8399963379,260.4899902344,260.8900146484,258.950012207,254.830291748,2489800
VTI,2024-06-05T04:00:00.000Z,261.799987793,263.6799926758,263.6799926758,260.700012207,257.950958252,2384000
VTI,2024-06-06T04:00:00.000Z,263.6499938965,263.450012207,263.9599914551,262.6000061035,257.7259521484,2190200
VTI,2024-06-07T04:00:00.000Z,262.8900146484,262.950012207,264.299987793,262.25,257.2368164062,1838900
VTI,2024-06-10T04:00:00.000Z,262.3299865723,263.8299865723,264.0,262.200012207,258.09765625,1958400
VTI,2024-06-11T04:00:00.000Z,263.0,264.2799987793,264.3500061035,261.8800048828,258.5378417969,3017300
VTI,2024-06-12T04:00:00.000Z,267.0899963379,266.7699890137,268.2099914551,266.2099914551,260.9737854004,2762600
VTI,2024-06-13T04:00:00.000Z,267.4700012207,266.8900146484,267.799987793,265.5,261.0911865234,2285200
VTI,2024-06-14T04:00:00.000Z,265.8599853516,266.6900024414,266.6900024414,265.2399902344,260.8955688477,2205600
VTI,2024-06-17T04:00:00.000Z,266.4100036621,268.7200012207,269.3999938965,266.0400085449,262.881439209,2452000
VTI,2024-06-18T04:00:00.000Z,268.8599853516,269.3999938965,269.5400085449,268.6600036621,263.5466918945,2024300
VTI,2024-06-20T04:00:00.000Z,269.9400024414,268.7200012207,270.1900024414,267.75,262.881439209,3168600
VTI,2024-06-21T04:00:00.000Z,268.4200134277,268.3099975586,268.8099975586,267.4599914551,262.4803466797,2676000
VTI,2024-06-24T04:00:00.000Z,268.3399963379,267.8599853516,269.7799987793,267.7799987793,262.0401306152,2226500
VTI,2024-06-25T04:00:00.000Z,268.3699951172,268.7399902344,268.7399902344,267.4899902344,262.900970459,2073800
VTI,2024-06-26T04:00:00.000Z,267.9800109863,268.7300109863,269.1000061035,267.6300048828,262.891204834,1857500
VTI,2024-06-27T04:00:00.000Z,268.6199951172,269.3800048828,269.5899963379,268.4899902344,263.527130127,2655400
VTI,2024-06-28T04:00:00.000Z,269.3699951172,267.5100097656,270.4100036621,266.950012207,262.6258544922,2822800
VTI,2024-07-01T04:00:00.000Z,268.4899902344,268.049987793,268.4899902344,266.7300109863,263.1560058594,2881000
VTI,2024-07-02T04:00:00.000Z,267.4599914551,269.6000061035,269.6300048828,267.25,264.677734375,4207800
VTI,2024-07-03T04:00:00.000Z,269.6099853516,270.7099914551,270.8999938965,269.6099853516,265.7674560547,1948500
VTI,2024-07-05T04:00:00.000Z,270.8200073242,272.1199951172,272.2600097656,270.3999938965,267.1517028809,4237500
VTI,2024-07-08T04:00:00.000Z,272.6499938965,272.4899902344,272.9200134277,271.9100036621,267.5149230957,2335000
VTI,2024-07-09T04:00:00.000Z,272.8200073242,272.4200134277,273.1799926758,272.3099975586,267.4462280273,2702100
VTI,2024-07-10T04:00:00.000Z,273.2099914551,275.0599975586,275.2099914551,272.8500061035,270.0380249023,1992600
VTI,2024-07-11T04:00:00.000Z,275.75,273.8299865723,276.2600097656,273.4400024414,268.8304748535,3598000
VTI,2024-07-12T04:00:00.000Z,274.3500061035,275.6400146484,277.3599853516,274.3399963379,270.607421875,2729500
VTI,2024-07-15T04:00:00.000Z,276.799987793,276.8200073242,278.299987793,275.8800048828,271.7658996582,3386100
VTI,2024-07-16T04:00:00.000Z,277.6000061035,279.1000061035,279.2099914551,277.3999938965,274.0042419434,3261100
VTI,2024-07-17T04:00:00.000Z,276.2399902344,275.1600036621,277.2699890137,274.9899902344,270.1361999512,3346100
VTI,2024-07-18T04:00:00.000Z,276.0,272.7600097656,276.549987793,271.6499938965,267.7799987793,2904200
VTI,2024-07-19T04:00:00.000Z,272.5599975586,271.0599975586,273.3299865723,270.5,266.1110229492,2414200
VTI,2024-07-22T04:00:00.000Z,272.7799987793,273.8900146484,274.1499938965,271.8999938965,268.8893432617,2527300
VTI,2024-07-23T04:00:00.000Z,273.8699951172,273.6900024414,275.1400146484,273.5599975586,268.6930541992,2229500
VTI,2024-07-24T04:00:00.000Z,271.3399963379,267.5299987793,271.6099853516,267.0799865723,262.6454772949,3050700
VTI,2024-07-25T04:00:00.000Z,267.700012207,266.5,271.0700073242,265.950012207,261.6343078613,3237800
VTI,2024-07-26T04:00:00.000Z,268.6400146484,269.6900024414,270.9899902344,268.25,264.7660522461,2757900
VTI,2024-07-29T04:00:00.000Z,270.7300109863,269.7099914551,271.0799865723,268.7699890137,264.7856750488,2814400
VTI,2024-07-30T04:00:00.000Z,270.5,268.5899963379,271.1499938965,266.8699951172,263.6861572266,2174100
VTI,2024-07-31T04:00:00.000Z,271.9400024414,272.5700073242,274.2900085449,271.1000061035,267.5934753418,2541500
VTI,2024-08-01T04:00:00.000Z,273.25,268.299987793,274.5100097656,266.6099853516,263.4013977051,3767300
VTI,2024-08-02T04:00:00.000Z,264.5,262.8999938965,264.7699890137,260.6900024414,258.1000366211,4744200
VTI,2024-08-05T04:00:00.000Z,251.2100067139,255.1799926758,258.3299865723,251.0,250.5209655762,8463400
VTI,2024-08-06T04:00:00.000Z,256.5700073242,257.7699890137,261.3599853516,255.5299987793,253.063659668,5255200
VTI,2024-08-07T04:00:00.000Z,261.0700073242,255.8000030518,262.3500061035,255.5599975586,251.1296539307,3398500
VTI,2024-08-08T04:00:00.000Z,258.6799926758,261.7900085449,262.1700134277,257.5,257.0102844238,2922800
VTI,2024-08-09T04:00:00.000Z,261.7399902344,262.9200134277,263.6400146484,260.799987793,258.1196899414,2667400
VTI,2024-08-12T04:00:00.000Z,263.6300048828,262.75,263.9899902344,261.7600097656,257.9527893066,2548500
VTI,2024-08-13T04:00:00.000Z,264.4100036621,267.1199951172,267.2099914551,264.299987793,262.242980957,2316200
VTI,2024-08-14T04:00:00.000Z,267.6499938965,267.8800048828,268.4700012207,266.1300048828,262.9891052246,2335300
VTI,2024-08-15T04:00:00.000Z,270.9400024414,272.5199890137,272.7699890137,270.5799865723,267.5443725586,3031600
VTI,2024-08-16T04:00:00.000Z,271.8999938965,273.1700134277,273.5400085449,271.7300109863,268.1824951172,2571900
VTI,2024-08-19T04:00:00.000Z,273.6199951172,275.75,275.7900085449,273.0199890137,270.7153320312,2660000
VTI,2024-08-20T04:00:00.000Z,275.6799926758,275.0799865723,276.3099975586,274.4299926758,270.0576171875,2041900
VTI,2024-08-21T04:00:00.000Z,275.7699890137,276.4599914551,276.8999938965,274.950012207,271.4124145508,1983700
VTI,2024-08-22T04:00:00.000Z,277.1700134277,274.1199951172,277.5899963379,273.6099853516,269.1151428223,2554300
VTI,2024-08-23T04:00:00.000Z,275.7399902344,277.5899963379,277.8299865723,275.3299865723,272.5218200684,2281800
VTI,2024-08-26T04:00:00.000Z,278.1300048828,276.8900146484,278.5299987793,276.2600097656,271.8346252441,2263800
VTI,2024-08-27T04:00:00.000Z,276.1000061035,277.1400146484,277.3800048828,275.6099853516,272.0800476074,1787900
VTI,2024-08-28T04:00:00.000Z,276.799987793,275.450012207,277.0799865723,273.9200134277,270.4208984375,1856400
VTI,2024-08-29T04:00:00.000Z,276.4800109863,275.7200012207,278.3099975586,275.2399902344,270.6859436035,3018000
VTI,2024-08-30T04:00:00.000Z,276.7200012207,278.3800048828,278.5299987793,275.0799865723,273.2973632812,2029300
VTI,2024-09-03T04:00:00.000Z,276.799987793,272.3900146484,277.0,271.1600036621,267.4167785645,3818900
VTI,2024-09-04T04:00:00.000Z,271.0100097656,271.7799987793,273.5400085449,270.9800109863,266.8178710938,2946700
VTI,2024-09-05T04:00:00.000Z,271.799987793,270.9400024414,273.0199890137,269.8299865723,265.9932556152,3997800
VTI,2024-09-06T04:00:00.000Z,271.1799926758,266.4400024414,272.0400085449,266.0100097656,261.575378418,3599900
VTI,2024-09-09T04:00:00.000Z,268.3900146484,269.2900085449,270.049987793,267.5799865723,264.3733520508,2969800
VTI,2024-09-10T04:00:00.000Z,270.1300048828,270.3399963379,270.4899902344,267.6700134277,265.4041442871,1874700
VTI,2024-09-11T04:00:00.000Z,270.2200012207,273.0299987793,273.3599853516,265.9200134277,268.0450744629,2640200
VTI,2024-09-12T04:00:00.000Z,273.4299926758,275.299987793,275.549987793,272.1499938965,270.2735900879,2420700
VTI,2024-09-13T04:00:00.000Z,276.0,277.2200012207,277.700012207,275.7600097656,272.1585388184,2474700
VTI,2024-09-16T04:00:00.000Z,277.1199951172,277.7699890137,277.8800048828,276.25,272.6985168457,2065700
VTI,2024-09-17T04:00:00.000Z,278.9800109863,278.049987793,279.7799987793,276.9700012207,272.9734191895,2133600
VTI,2024-09-18T04:00:00.000Z,278.3699951172,277.3500061035,281.0599975586,277.0899963379,272.2862548828,3389900
VTI,2024-09-19T04:00:00.000Z,282.1000061035,282.049987793,283.0,280.6000061035,276.900390625,2660200
VTI,2024-09-20T04:00:00.000Z,281.6799926758,281.4599914551,282.0199890137,280.0799865723,276.3211364746,2293600
VTI,2024-09-23T04:00:00.000Z,282.200012207,282.1600036621,282.5599975586,281.4599914551,277.0083618164,1920800
VTI,2024-09-24T04:00:00.000Z,282.7600097656,282.8699951172,282.8900146484,281.1400146484,277.7054138184,1952100
VTI,2024-09-25T04:00:00.000Z,282.950012207,281.9400024414,283.1499938965,281.5,276.7923583984,1744200
VTI,2024-09-26T04:00:00.000Z,284.2699890137,283.200012207,284.3500061035,282.0899963379,278.0294189453,2616800
VTI,2024-09-27T04:00:00.000Z,283.1799926758,282.049987793,283.4400024414,281.4599914551,277.7546386719,2644100
VTI,2024-09-30T04:00:00.000Z,281.6199951172,283.1600036621,283.3900146484,280.3699951172,278.8477478027,2828300
VTI,2024-10-01T04:00:00.000Z,283.0,280.5799865723,283.049987793,279.1600036621,276.3069763184,4874900
VTI,2024-10-02T04:00:00.000Z,280.2399902344,280.6400146484,281.1700134277,278.8699951172,276.3661193848,3637500
VTI,2024-10-03T04:00:00.000Z,279.8299865723,280.0400085449,280.950012207,278.8999938965,275.7752380371,2369200
VTI,2024-10-04T04:00:00.000Z,282.4599914551,282.75,282.8900146484,280.3500061035,278.4439697266,2335400
VTI,2024-10-07T04:00:00.000Z,282.0400085449,280.1700134277,282.1300048828,279.5400085449,275.9032592773,11465600
VTI,2024-10-08T04:00:00.000Z,281.2799987793,282.5299987793,282.8800048828,280.8800048828,278.2273254395,2164600
VTI,2024-10-09T04:00:00.000Z,282.549987793,284.5,284.7399902344,282.2600097656,280.1672973633,2123800
VTI,2024-10-10T04:00:00.000Z,283.7799987793,283.9100036621,284.6099853516,283.0299987793,279.5863342285,2547200
VTI,2024-10-11T04:00:00.000Z,283.9700012207,286.1099853516,286.3900146484,283.950012207,281.7528076172,1799500
VTI,2024-10-14T04:00:00.000Z,286.8599853516,288.3399963379,288.7300109863,286.6099853516,283.9488525391,1997000
VTI,2024-10-15T04:00:00.000Z,288.3200073242,286.3599853516,288.6900024414,285.9100036621,281.9989929199,3260800
VTI,2024-10-16T04:00:00.000Z,286.7200012207,287.8200073242,288.1099853516,286.2300109863,283.4367370605,2215300
VTI,2024-10-17T04:00:00.000Z,289.4700012207,287.7600097656,289.700012207,287.7300109863,283.3777160645,2810600
VTI,2024-10-18T04:00:00.000Z,288.700012207,288.8900146484,289.2600097656,287.9100036621,284.4904785156,1822100
VTI,2024-10-21T04:00:00.000Z,288.5100097656,287.9800109863,288.799987793,286.6400146484,283.594329834,2320100
VTI,2024-10-22T04:00:00.000Z,286.8999938965,287.6499938965,288.25,286.4700012207,283.2693481445,2029000
VTI,2024-10-23T04:00:00.000Z,286.7699890137,285.049987793,286.9100036621,283.3399963379,280.7089233398,2637300
VTI,2024-10-24T04:00:00.000Z,286.1199951172,285.8099975586,286.1799926758,284.4700012207,281.4573669434,2235600
VTI,2024-10-25T04:00:00.000Z,287.0299987793,285.5400085449,288.25,285.049987793,281.1914978027,2813700
VTI,2024-10-28T04:00:00.000Z,287.0599975586,286.700012207,287.4800109863,286.5599975586,282.3338317871,1874300
VTI,2024-10-29T04:00:00.000Z,286.2699890137,287.0799865723,287.6499938965,285.450012207,282.7080078125,2503400
VTI,2024-10-30T04:00:00.000Z,286.9800109863,286.3699951172,288.1000061035,286.0299987793,282.0088195801,2204100
VTI,2024-10-31T04:00:00.000Z,284.7799987793,281.0299987793,284.7799987793,280.9599914551,276.7501831055,3027400
VTI,2024-11-01T04:00:00.000Z,282.5199890137,282.2300109863,284.4899902344,281.9599914551,277.9318847656,2449400
VTI,2024-11-04T05:00:00.000Z,282.1700134277,281.7200012207,283.0700073242,280.8699951172,277.4296569824,2383900
VTI,2024-11-05T05:00:00.000Z,282.1099853516,285.299987793,285.299987793,282.0100097656,280.9551391602,2060300
VTI,2024-11-06T05:00:00.000Z,292.299987793,293.2799987793,293.6099853516,290.2099914551,288.8135986328,5676800
VTI,2024-11-07T05:00:00.000Z,294.0199890137,295.3299865723,295.8999938965,294.0100097656,290.8323669434,4109000
VTI,2024-11-08T05:00:00.000Z,295.6099853516,296.7099914551,297.3699951172,295.5100097656,292.1913757324,4142400
VTI,2024-11-11T05:00:00.000Z,297.9299926758,297.5400085449,298.1199951172,296.7600097656,293.0087280273,3200900
VTI,2024-11-12T05:00:00.000Z,297.4200134277,296.3699951172,297.7799987793,295.0899963379,291.8565368652,3474800
VTI,2024-11-13T05:00:00.000Z,296.799987793,296.2300109863,297.549987793,295.6199951172,291.7186889648,2829100
VTI,2024-11-14T05:00:00.000Z,296.5,294.0400085449,296.6099853516,293.7200012207,289.5620117188,3280800
VTI,2024-11-15T05:00:00.000Z,292.5100097656,290.3099975586,292.6099853516,289.3500061035,285.8888244629,4025800
VTI,2024-11-18T05:00:00.000Z,290.6400146484,291.4899902344,292.2399902344,290.1300048828,287.0508728027,2990100
VTI,2024-11-19T05:00:00.000Z,289.8999938965,292.8299865723,293.0899963379,289.450012207,288.3704528809,2342200
VTI,2024-11-20T05:00:00.000Z,292.9200134277,293.0,293.1600036621,290.1400146484,288.5378417969,2670800
VTI,2024-11-21T05:00:00.000Z,294.5299987793,295.049987793,295.7699890137,291.950012207,290.5566711426,2560700
VTI,2024-11-22T05:00:00.000Z,295.1300048828,296.5100097656,296.8099975586,295.1300048828,291.9944458008,2639800
VTI,2024-11-25T05:00:00.000Z,298.6700134277,297.9599914551,299.4700012207,296.8999938965,293.4223327637,3384600
VTI,2024-11-26T05:00:00.000Z,298.4299926758,299.049987793,299.3900146484,297.8699951172,294.4956970215,3292800
VTI,2024-11-27T05:00:00.000Z,299.1300048828,298.200012207,299.4700012207,297.3999938965,293.6586608887,2730500
VTI,2024-11-29T05:00:00.000Z,298.9400024414,299.8599853516,300.3800048828,298.7099914551,295.2933654785,1811900
VTI,2024-12-02T05:00:00.000Z,300.299987793,300.4299926758,300.75,299.799987793,295.8547058105,3583700
VTI,2024-12-03T05:00:00.000Z,300.3800048828,300.4299926758,300.5700073242,299.6400146484,295.8547058105,2101200
VTI,2024-12-04T05:00:00.000Z,301.4800109863,302.450012207,302.6000061035,301.1700134277,297.8439331055,3258100
VTI,2024-12-05T05:00:00.000Z,302.6000061035,301.6099853516,302.75,301.5199890137,297.0167541504,2183400
VTI,2024-12-06T05:00:00.000Z,302.3099975586,302.450012207,302.950012207,302.0199890137,297.8439331055,2332900
VTI,2024-12-09T05:00:00.000Z,302.5299987793,300.5199890137,302.6499938965,300.3299865723,295.943359375,2953900
VTI,2024-12-10T05:00:00.000Z,301.0,299.3900146484,301.0,299.0700073242,294.8305664062,2557100
VTI,2024-12-11T05:00:00.000Z,301.0,301.799987793,302.2900085449,300.8599853516,297.2038269043,2235300
VTI,2024-12-12T05:00:00.000Z,301.4800109863,300.0799865723,301.549987793,300.0400085449,295.5100097656,2120000
VTI,2024-12-13T05:00:00.000Z,301.0,299.9299926758,301.2699890137,299.1000061035,295.3623046875,2279200
VTI,2024-12-16T05:00:00.000Z,300.5700073242,301.1499938965,301.75,300.4299926758,296.5637512207,2545400
VTI,2024-12-17T05:00:00.000Z,299.9599914551,299.6600036621,300.1799926758,299.0,295.0964355469,3059900
VTI,2024-12-18T05:00:00.000Z,299.7600097656,290.3900146484,300.5299987793,289.950012207,285.967590332,3890900
VTI,2024-12-19T05:00:00.000Z,292.9899902344,289.9800109863,293.700012207,289.8699951172,285.563873291,4826200
VTI,2024-12-20T05:00:00.000Z,288.6099853516,293.2799987793,295.7099914551,288.1099853516,288.8135986328,3837000
VTI,2024-12-23T05:00:00.000Z,292.5299987793,294.0,294.1900024414,290.5400085449,290.4545593262,3704500
VTI,2024-12-24T05:00:00.000Z,294.5700073242,297.1199951172,297.1700134277,294.25,293.5369567871,2642200
VTI,2024-12-26T05:00:00.000Z,296.4400024414,297.2900085449,297.7799987793,295.5400085449,293.7048950195,4307800
VTI,2024-12-27T05:00:00.000Z,295.3299865723,294.0700073242,295.9299926758,291.9899902344,290.5237426758,3636800
VTI,2024-12-30T05:00:00.000Z,290.8800048828,290.8200073242,292.5199890137,288.7799987793,287.3129272461,4968500
VTI,2024-12-31T05:00:00.000Z,291.8099975586,289.8099975586,292.1400146484,289.0700073242,286.3150939941,3893200
VTI,2025-01-02T05:00:00.000Z,291.450012207,289.2600097656,292.549987793,287.3500061035,285.7717285156,3796400
VTI,2025-01-03T05:00:00.000Z,290.6600036621,293.0599975586,293.3500061035,290.1900024414,289.5258789062,2726800
VTI,2025-01-06T05:00:00.000Z,295.200012207,294.700012207,296.8999938965,293.9299926758,291.1461181641,3678600
VTI,2025-01-07T05:00:00.000Z,295.8399963379,291.4100036621,295.8699951172,290.3999938965,287.8957824707,3317000
VTI,2025-01-08T05:00:00.000Z,291.4200134277,291.6799926758,292.25,289.5100097656,288.1625366211,2971300
VTI,2025-01-10T05:00:00.000Z,290.049987793,287.299987793,290.049987793,286.2200012207,283.8353271484,4403700
VTI,2025-01-13T05:00:00.000Z,285.0,287.7699890137,287.8800048828,284.6300048828,284.2997131348,3633300
VTI,2025-01-14T05:00:00.000Z,289.4100036621,288.4200134277,289.75,286.5199890137,284.9418945312,3803700
VTI,2025-01-15T05:00:00.000Z,292.7099914551,293.7099914551,294.299987793,292.1700134277,290.1680908203,2815300
VTI,2025-01-16T05:00:00.000Z,294.2300109863,293.4899902344,294.6600036621,292.9299926758,289.9507141113,3130300
VTI,2025-01-17T05:00:00.000Z,296.1799926758,296.200012207,297.1199951172,295.4400024414,292.6280517578,2603200
VTI,2025-01-21T05:00:00.000Z,297.75,299.1400146484,299.2200012207,296.9100036621,295.5325927734,3893500
VTI,2025-01-22T05:00:00.000Z,300.5899963379,300.6000061035,301.2900085449,300.2699890137,296.9749450684,3515700
VTI,2025-01-23T05:00:00.000Z,300.2399902344,302.1799926758,302.1799926758,300.0199890137,298.535949707,2647800
VTI,2025-01-24T05:00:00.000Z,302.2600097656,301.299987793,302.6700134277,300.799987793,297.6665039062,2359000
VTI,2025-01-27T05:00:00.000Z,295.0,297.1000061035,297.5799865723,294.4400024414,293.5172119141,5321300
VTI,2025-01-28T05:00:00.000Z,297.8999938965,299.6499938965,300.1099853516,296.200012207,296.0364074707,2717300
VTI,2025-01-29T05:00:00.000Z,299.3200073242,298.3699951172,299.6000061035,296.9700012207,294.7718505859,2620200
VTI,2025-01-30T05:00:00.000Z,299.5,300.2399902344,301.1099853516,298.2799987793,296.6192932129,2891200
VTI,2025-01-31T05:00:00.000Z,301.2200012207,298.6000061035,302.6000061035,298.2300109863,294.9991149902,3335000
VTI,2025-02-03T05:00:00.000Z,293.3200073242,296.4200134277,297.700012207,292.700012207,292.8453979492,5037700
VTI,2025-02-04T05:00:00.000Z,296.6199951172,298.5700073242,298.7399902344,296.2300109863,294.9694824219,2601900
VTI,2025-02-05T05:00:00.000Z,298.2399902344,299.950012207,299.9700012207,297.0899963379,296.332824707,2226200
VTI,2025-02-06T05:00:00.000Z,300.7300109863,300.6900024414,300.8599853516,298.8999938965,297.0639038086,2899800
VTI,2025-02-07T05:00:00.000Z,300.9400024414,298.0,301.6600036621,297.6700134277,294.4063110352,3632000
VTI,2025-02-10T05:00:00.000Z,299.5599975586,299.9100036621,300.2300109863,298.9100036621,296.2933044434,2623900
VTI,2025-02-11T05:00:00.000Z,298.7300109863,299.75,300.0700073242,298.6799926758,296.1352233887,2719900
VTI,2025-02-12T05:00:00.000Z,296.8800048828,298.7600097656,299.3299865723,296.2399902344,295.1571655273,3283500
VTI,2025-02-13T05:00:00.000Z,299.5199890137,301.8800048828,301.9700012207,298.7799987793,298.2395629883,3066800
VTI,2025-02-14T05:00:00.000Z,302.0,301.8399963379,302.549987793,301.5,298.200012207,2377000
VTI,2025-02-18T05:00:00.000Z,302.3699951172,302.6900024414,302.700012207,301.2200012207,299.0397644043,2851500
VTI,2025-02-19T05:00:00.000Z,301.8500061035,303.1199951172,303.3900146484,301.6799926758,299.4645996094,2566600
VTI,2025-02-20T05:00:00.000Z,302.5299987793,301.4899902344,302.7200012207,299.8800048828,297.8542480469,2863900
VTI,2025-02-21T05:00:00.000Z,301.7399902344,295.9200134277,301.7900085449,295.6400146484,292.3514404297,3595000
VTI,2025-02-24T05:00:00.000Z,296.9599914551,294.4100036621,297.3399963379,293.8900146484,290.8596191406,4465400
VTI,2025-02-25T05:00:00.000Z,294.3999938965,292.950012207,294.8299865723,290.5400085449,289.4172363281,3509200
VTI,2025-02-26T05:00:00.000Z,293.8999938965,293.049987793,295.700012207,291.8699951172,289.5160217285,2807300
VTI,2025-02-27T05:00:00.000Z,294.3399963379,288.5100097656,294.7900085449,288.3999938965,285.0307617188,2747300
VTI,2025-02-28T05:00:00.000Z,288.6300048828,292.9599914551,293.2099914551,287.3500061035,289.4270935059,3485800
VTI,2025-03-03T05:00:00.000Z,293.9100036621,287.7099914551,294.7200012207,285.7699890137,284.2403869629,7835600
VTI,2025-03-04T05:00:00.000Z,285.200012207,284.1199951172,288.450012207,281.5,280.6937255859,6449600
VTI,2025-03-05T05:00:00.000Z,284.0799865723,287.3500061035,288.1400146484,282.3200073242,283.884765625,3662300
VTI,2025-03-06T05:00:00.000Z,283.5299987793,282.0100097656,285.8200073242,280.6499938965,278.609161377,4836300
VTI,2025-03-07T05:00:00.000Z,281.2200012207,283.3399963379,284.049987793,278.1099853516,279.9231262207,3868700
VTI,2025-03-10T04:00:00.000Z,279.4299926758,275.6199951172,280.2799987793,273.1400146484,272.2961730957,6442900
VTI,2025-03-11T04:00:00.000Z,275.0,273.6900024414,277.0,271.5799865723,270.3895263672,5282400
VTI,2025-03-12T04:00:00.000Z,276.799987793,275.0400085449,277.2900085449,272.4800109863,271.7232055664,3996100
VTI,2025-03-13T04:00:00.000Z,274.9299926758,271.1799926758,275.0,270.200012207,267.9097595215,3932500
VTI,2025-03-14T04:00:00.000Z,273.6000061035,276.9899902344,277.3800048828,273.3599853516,273.6496887207,3610100
VTI,2025-03-17T04:00:00.000Z,276.7300109863,279.2799987793,280.6000061035,276.6799926758,275.9120788574,3981100
VTI,2025-03-18T04:00:00.000Z,278.200012207,276.2699890137,278.5,275.3299865723,272.9383544922,3120900
VTI,2025-03-19T04:00:00.000Z,277.0,279.4100036621,281.3800048828,276.6300048828,276.0404968262,2867800
VTI,2025-03-20T04:00:00.000Z,277.700012207,278.7399902344,281.200012207,277.2600097656,275.3785705566,2256400
VTI,2025-03-21T04:00:00.000Z,276.4100036621,278.8500061035,279.0700073242,275.6799926758,275.4873046875,3382500
VTI,2025-03-24T04:00:00.000Z,282.25,284.0100097656,284.5299987793,281.8999938965,280.5850524902,3251600
VTI,2025-03-25T04:00:00.000Z,284.5199890137,284.4899902344,285.0899963379,283.6600036621,281.0592346191,2517200
VTI,2025-03-26T04:00:00.000Z,284.1499938965,281.1600036621,284.9200134277,280.3099975586,277.7694396973,2327500
VTI,2025-03-27T04:00:00.000Z,279.4599914551,278.9899902344,281.0799865723,278.049987793,276.5945739746,2345300
VTI,2025-03-28T04:00:00.000Z,278.3099975586,273.4299926758,278.75,273.049987793,271.0823059082,3912900
VTI,2025-03-31T04:00:00.000Z,270.2699890137,274.8399963379,275.5799865723,268.7300109863,272.4802246094,6064000
VTI,2025-04-01T04:00:00.000Z,273.8999938965,275.7699890137,276.7900085449,272.0599975586,273.4022216797,3269900
VTI,2025-04-02T04:00:00.000Z,272.8500061035,277.950012207,279.25,272.6099853516,275.5635070801,2594700
VTI,2025-04-03T04:00:00.000Z,268.0100097656,263.9599914551,269.3699951172,263.700012207,261.6936035156,8137500
VTI,2025-04-04T04:00:00.000Z,256.9700012207,248.4700012207,257.7300109863,248.1799926758,246.3366088867,16633700
VTI,2025-04-07T04:00:00.000Z,240.0,247.6600036621,257.0299987793,236.4199981689,245.5335693359,16346700
VTI,2025-04-08T04:00:00.000Z,256.5,243.75,257.7099914551,240.0500030518,241.6571655273,11064300
VTI,2025-04-09T04:00:00.000Z,241.8500061035,268.4800109863,268.4800109863,241.6199951172,266.1748352051,12138000
VTI,2025-04-10T04:00:00.000Z,261.1099853516,257.4299926758,261.6600036621,249.8899993896,255.2196807861,7255700
VTI,2025-04-11T04:00:00.000Z,256.7099914551,261.7399902344,262.75,254.6699981689,259.4926757812,5007900
VTI,2025-04-14T04:00:00.000Z,266.4299926758,264.1499938965,266.7300109863,261.4599914551,261.8819885254,4039900
VTI,2025-04-15T04:00:00.000Z,264.25,263.6900024414,266.3999938965,263.1499938965,261.4259643555,4680400
VTI,2025-04-16T04:00:00.000Z,260.7699890137,258.2099914551,262.5899963379,255.4499969482,255.9929962158,4295500
VTI,2025-04-17T04:00:00.000Z,259.1300048828,258.75,260.950012207,257.3299865723,256.5283508301,3401000
VTI,2025-04-21T04:00:00.000Z,256.2300109863,252.6000061035,256.5,249.9400024414,250.4311676025,5523200
VTI,2025-04-22T04:00:00.000Z,255.6199951172,259.0299987793,260.2099914551,255.2700042725,256.8059387207,3802300
VTI,2025-04-23T04:00:00.000Z,265.9299926758,263.4400024414,268.3800048828,262.5700073242,261.1781005859,6842700
VTI,2025-04-24T04:00:00.000Z,263.8999938965,268.9899902344,269.25,263.3900146484,266.6804199219,3487600
VTI,2025-04-25T04:00:00.000Z,268.8599853516,270.6400146484,270.8999938965,267.4100036621,268.3162841797,3220900
VTI,2025-04-28T04:00:00.000Z,271.0199890137,271.0299987793,272.2600097656,268.0799865723,268.7029418945,2507700
VTI,2025-04-29T04:00:00.000Z,270.1300048828,272.6600036621,273.2699890137,270.0599975586,270.318939209,2209100
VTI,2025-04-30T04:00:00.000Z,269.1099853516,272.8200073242,273.5199890137,266.25,270.4775390625,4039500
VTI,2025-05-01T04:00:00.000Z,275.2799987793,274.5199890137,277.2799987793,274.25,272.1629638672,3238000
VTI,2025-05-02T04:00:00.000Z,277.5199890137,278.799987793,279.6000061035,276.6199951172,276.4062194824,3170800
VTI,2025-05-05T04:00:00.000Z,276.6499938965,277.2200012207,278.8399963379,276.3900146484,274.8397827148,2820800
VTI,2025-05-06T04:00:00.000Z,274.5700073242,274.9700012207,277.1000061035,273.950012207,272.6091003418,2444000
VTI,2025-05-07T04:00:00.000Z,275.7600097656,276.1099853516,277.2300109863,273.5799865723,273.7392883301,2694800
VTI,2025-05-08T04:00:00.000Z,278.1000061035,278.2799987793,280.8699951172,276.5,275.8906860352,2781500
VTI,2025-05-09T04:00:00.000Z,279.0599975586,277.9700012207,279.6199951172,277.25,275.5833129883,2151200
VTI,2025-05-12T04:00:00.000Z,286.7799987793,287.2699890137,287.2699890137,284.3699951172,284.8034667969,4184800
VTI,2025-05-13T04:00:00.000Z,287.6099853516,289.2200012207,290.3500061035,287.0199890137,286.7367553711,3286800
VTI,2025-05-14T04:00:00.000Z,289.7200012207,289.4100036621,290.2200012207,288.4400024414,286.9251098633,3198800
VTI,2025-05-15T04:00:00.000Z,288.3699951172,290.5899963379,290.8599853516,288.049987793,288.0949707031,2347000
VTI,2025-05-16T04:00:00.000Z,291.0799865723,292.5799865723,292.75,290.200012207,290.0678710938,5440100
VTI,2025-05-19T04:00:00.000Z,289.4599914551,292.8099975586,293.1300048828,289.3200073242,290.2959289551,3083600
VTI,2025-05-20T04:00:00.000Z,291.9899902344,291.8500061035,292.5,290.3599853516,289.3441772461,2827200
VTI,2025-05-21T04:00:00.000Z,289.5400085449,286.7699890137,291.4899902344,286.1499938965,284.3077697754,3166700
VTI,2025-05-22T04:00:00.000Z,286.3800048828,286.7200012207,288.5299987793,285.8800048828,284.2582092285,2738700
VTI,2025-05-23T04:00:00.000Z,283.0400085449,285.0400085449,286.2300109863,283.0,282.5926513672,2855800
VTI,2025-05-27T04:00:00.000Z,288.4599914551,290.8999938965,291.0299987793,287.5199890137,288.4023132324,2980600
VTI,2025-05-28T04:00:00.000Z,291.1000061035,289.1900024414,291.6499938965,288.799987793,286.70703125,2413800
VTI,2025-05-29T04:00:00.000Z,291.5299987793,290.1199951172,291.8200073242,288.3200073242,287.6290283203,3850800
VTI,2025-05-30T04:00:00.000Z,289.4700012207,289.8800048828,290.75,286.8599853516,287.3910827637,3178000
VTI,2025-06-02T04:00:00.000Z,289.3399963379,291.3599853516,291.4200134277,287.5799865723,288.8583679199,2845900
VTI,2025-06-03T04:00:00.000Z,291.5400085449,293.3699951172,293.8500061035,291.0199890137,290.8511047363,3493700
VTI,2025-06-04T04:00:00.000Z,293.8200073242,293.3399963379,294.3500061035,293.0299987793,290.8213500977,2718900
VTI,2025-06-05T04:00:00.000Z,293.9800109863,291.7200012207,294.8999938965,291.0700073242,289.2152709961,3034300
VTI,2025-06-06T04:00:00.000Z,294.7099914551,295.1199951172,295.8800048828,294.0199890137,292.5860900879,2308800
VTI,2025-06-09T04:00:00.000Z,295.4599914551,295.3599853516,296.2699890137,294.8200073242,292.824005127,3119700
VTI,2025-06-10T04:00:00.000Z,295.7399902344,296.9200134277,297.1900024414,295.2200012207,294.3706359863,2823100
VTI,2025-06-11T04:00:00.000Z,297.6000061035,296.1300048828,298.0700073242,295.1600036621,293.5874023438,2706600
VTI,2025-06-12T04:00:00.000Z,295.299987793,297.0799865723,297.1000061035,295.1000061035,294.5292358398,3092300
VTI,2025-06-13T04:00:00.000Z,294.450012207,293.5700073242,296.1300048828,292.8399963379,291.049407959,3383100
VTI,2025-06-16T04:00:00.000Z,295.450012207,296.4700012207,297.3699951172,295.3299865723,293.9244995117,3113100
VTI,2025-06-17T04:00:00.000Z,295.1000061035,294.0,296.049987793,293.5799865723,291.4756774902,2720400
VTI,2025-06-18T04:00:00.000Z,294.3200073242,294.1099853516,295.950012207,293.6799926758,291.5847473145,2409300
VTI,2025-06-20T04:00:00.000Z,295.6199951172,293.4299926758,295.9899902344,292.7200012207,290.9106140137,2686100
VTI,2025-06-23T04:00:00.000Z,293.4899902344,296.25,296.4700012207,291.9700012207,293.7063598633,3340000
VTI,2025-06-24T04:00:00.000Z,298.4299926758,299.7099914551,300.1700134277,297.9400024414,297.1366577148,3225300
VTI,2025-06-25T04:00:00.000Z,300.3500061035,299.3599853516,300.4299926758,298.7699890137,296.7896728516,3025900
VTI,2025-06-26T04:00:00.000Z,300.3699951172,301.9400024414,302.1900024414,300.1000061035,299.3475036621,2286100
VTI,2025-06-27T04:00:00.000Z,302.6799926758,303.3099975586,304.2600097656,301.3900146484,300.7057800293,3189900
VTI,2025-06-30T04:00:00.000Z,303.7399902344,303.9299926758,304.5299987793,302.6000061035,302.2301940918,3100000
VTI,2025-07-01T04:00:00.000Z,303.0400085449,303.9299926758,304.6900024414,302.799987793,302.2301940918,3970600
VTI,2025-07-02T04:00:00.000Z,303.950012207,305.5100097656,305.5599975586,303.5100097656,303.801361084,4474700
VTI,2025-07-03T04:00:00.000Z,306.549987793,308.0299987793,308.3999938965,306.549987793,306.3072509766,2238100
VTI,2025-07-07T04:00:00.000Z,306.9899902344,305.6000061035,307.3500061035,304.2200012207,303.890838623,4255800
VTI,2025-07-08T04:00:00.000Z,306.0899963379,305.5799865723,306.5,305.1799926758,303.8709411621,3497900
VTI,2025-07-09T04:00:00.000Z,306.7699890137,307.5,307.6900024414,305.799987793,305.7802124023,2838800
VTI,2025-07-10T04:00:00.000Z,307.6499938965,308.3200073242,308.9299926758,306.9599914551,306.5956420898,2598100
VTI,2025-07-11T04:00:00.000Z,306.8800048828,307.0199890137,307.6400146484,306.1499938965,305.3028869629,2909500
VTI,2025-07-14T04:00:00.000Z,306.7399902344,307.7200012207,307.950012207,306.2399902344,305.9989624023,2364500
VTI,2025-07-15T04:00:00.000Z,309.0899963379,306.1000061035,309.2900085449,306.049987793,304.3880615234,3447800
VTI,2025-07-16T04:00:00.000Z,306.8599853516,307.2600097656,307.549987793,304.0,305.5415649414,3069700
VTI,2025-07-17T04:00:00.000Z,307.5,309.2600097656,309.5799865723,307.3099975586,307.5303955078,4953000
VTI,2025-07-18T04:00:00.000Z,310.049987793,309.0899963379,310.200012207,308.549987793,307.3612976074,2609100
VTI,2025-07-21T04:00:00.000Z,309.9400024414,309.4400024414,311.0400085449,309.2699890137,307.7093811035,3205000
VTI,2025-07-22T04:00:00.000Z,309.7399902344,309.799987793,310.1900024414,308.2300109863,308.0673522949,2117300
VTI,2025-07-23T04:00:00.000Z,311.1000061035,312.4100036621,312.450012207,310.3200073242,310.6627807617,3970900
VTI,2025-07-24T04:00:00.000Z,312.5,312.299987793,313.1400146484,312.200012207,310.5533752441,3661700
VTI,2025-07-25T04:00:00.000Z,312.799987793,313.6900024414,313.9299926758,312.4100036621,311.9356079102,3233200
VTI,2025-07-28T04:00:00.000Z,314.200012207,313.6000061035,314.2399902344,312.9299926758,311.8460998535,4797900
VTI,2025-07-29T04:00:00.000Z,314.3399963379,312.6099853516,314.5,312.2399902344,310.8616027832,3745600
VTI,2025-07-30T04:00:00.000Z,313.1900024414,312.25,314.0100097656,310.7699890137,310.5036621094,5966800
VTI,2025-07-31T04:00:00.000Z,314.3699951172,310.8900146484,314.8399963379,310.3900146484,309.1512756348,4685900
VTI,2025-08-01T04:00:00.000Z,307.9800109863,305.7399902344,307.9800109863,304.3999938965,304.0300598145,5607300
VTI,2025-08-04T04:00:00.000Z,307.5799865723,310.5299987793,310.5599975586,307.5799865723,308.7932739258,4118100
VTI,2025-08-05T04:00:00.000Z,310.8599853516,309.1600036621,311.3399963379,308.450012207,307.4309387207,4491800
VTI,2025-08-06T04:00:00.000Z,309.549987793,311.25,311.5799865723,309.049987793,309.5092468262,3226400
VTI,2025-08-07T04:00:00.000Z,313.049987793,311.0700073242,313.3999938965,309.3599853516,309.3302612305,2974400
VTI,2025-08-08T04:00:00.000Z,311.8999938965,313.0299987793,313.299987793,311.6900024414,311.2792663574,2881400
VTI,2025-08-11T04:00:00.000Z,313.3299865723,312.3099975586,313.9299926758,311.8200073242,310.5633239746,4275200
VTI,2025-08-12T04:00:00.000Z,313.7200012207,316.1300048828,316.2399902344,312.9800109863,314.3619689941,3340100
VTI,2025-08-13T04:00:00.000Z,317.3599853516,317.6600036621,317.9299926758,316.3999938965,315.883392334,2893600
VTI,2025-08-14T04:00:00.000Z,316.3200073242,317.1900024414,317.5599975586,316.0100097656,315.4160461426,3487000
VTI,2025-08-15T04:00:00.000Z,317.9400024414,316.4700012207,317.9400024414,316.0100097656,314.7000427246,3434100
VTI,2025-08-18T04:00:00.000Z,316.3200073242,316.5899963379,316.8099975586,315.9899902344,314.8193664551,3788600
VTI,2025-08-19T04:00:00.000Z,316.5799865723,314.6700134277,316.9800109863,314.1000061035,312.9101257324,4135700
VTI,2025-08-20T04:00:00.000Z,314.5700073242,313.8399963379,314.5700073242,311.2399902344,312.0847473145,6190300
VTI,2025-08-21T04:00:00.000Z,312.8999938965,312.7600097656,313.8399963379,311.8599853516,311.0108032227,2697000
VTI,2025-08-22T04:00:00.000Z,313.9899902344,318.1799926758,318.8299865723,313.6799926758,316.4004821777,3548300
VTI,2025-08-25T04:00:00.000Z,317.5799865723,316.6499938965,317.9700012207,316.6000061035,314.8790588379,2792700
VTI,2025-08-26T04:00:00.000Z,316.7399902344,318.0899963379,318.2099914551,316.3299865723,316.3109741211,2832000
VTI,2025-08-27T04:00:00.000Z,317.6499938965,318.9400024414,319.25,317.6499938965,317.1562194824,5481300
VTI,2025-08-28T04:00:00.000Z,319.4299926758,320.1000061035,320.3999938965,318.5,318.309753418,3236900
VTI,2025-08-29T04:00:00.000Z,319.5599975586,318.200012207,319.700012207,317.2900085449,316.4203796387,3418800
VTI,2025-09-02T04:00:00.000Z,314.5199890137,315.9899902344,316.1099853516,313.299987793,314.2227172852,4816300
VTI,2025-09-03T04:00:00.000Z,317.0400085449,317.3299865723,317.75,315.8599853516,315.5552368164,3161400
VTI,2025-09-04T04:00:00.000Z,317.8399963379,320.1400146484,320.2300109863,317.3200073242,318.3495178223,3042000
VTI,2025-09-05T04:00:00.000Z,321.6099853516,319.549987793,322.0599975586,317.4899902344,317.7628173828,3872100
VTI,2025-09-08T04:00:00.000Z,320.4400024414,320.5700073242,320.9200134277,319.7099914551,318.7770996094,4149800
VTI,2025-09-09T04:00:00.000Z,320.7099914551,320.9800109863,321.2799987793,319.450012207,319.1848144531,3110500
VTI,2025-09-10T04:00:00.000Z,322.5,321.799987793,323.0400085449,320.9700012207,320.000213623,3702700
VTI,2025-09-11T04:00:00.000Z,322.9100036621,324.7799987793,325.0599975586,322.5100097656,322.9635620117,3577800
VTI,2025-09-12T04:00:00.000Z,324.799987793,324.3099975586,325.200012207,324.0599975586,322.4962158203,3055600
VTI,2025-09-15T04:00:00.000Z,325.4700012207,325.8900146484,326.1199951172,325.2099914551,324.0673828125,3200800
VTI,2025-09-16T04:00:00.000Z,326.3099975586,325.450012207,326.3999938965,324.9200134277,323.6298217773,3709300
VTI,2025-09-17T04:00:00.000Z,325.6600036621,325.1600036621,326.8999938965,322.7699890137,323.3414611816,3643200
VTI,2025-09-18T04:00:00.000Z,326.9299926758,327.2099914551,328.2699890137,325.9200134277,325.3799743652,3112500
VTI,2025-09-19T04:00:00.000Z,328.3099975586,328.4400024414,328.8500061035,326.8299865723,326.6031188965,3610400
VTI,2025-09-22T04:00:00.000Z,327.7600097656,329.8599853516,330.1000061035,327.5400085449,328.0151367188,3434800
VTI,2025-09-23T04:00:00.000Z,329.9899902344,328.0899963379,330.3599853516,327.5799865723,326.2550354004,3455200
VTI,2025-09-24T04:00:00.000Z,328.8999938965,326.8900146484,328.9100036621,326.2699890137,325.0617980957,2957000
VTI,2025-09-25T04:00:00.000Z,325.2200012207,325.1400146484,325.8399963379,323.3800048828,323.3215942383,4108100
VTI,2025-09-26T04:00:00.000Z,325.8900146484,327.1799926758,327.3399963379,325.2200012207,325.3501586914,3169300
VTI,2025-09-29T04:00:00.000Z,327.6900024414,327.1000061035,327.8099975586,326.2799987793,326.1748046875,3711800
VTI,2025-09-30T04:00:00.000Z,326.8999938965,328.1700134277,328.3599853516,325.8800048828,327.2417907715,4210900
VTI,2025-10-01T04:00:00.000Z,326.9299926758,329.3099975586,329.6600036621,326.6499938965,328.3785400391,5983100
VTI,2025-10-02T04:00:00.000Z,330.200012207,329.7900085449,330.2600097656,328.450012207,328.857208252,4010500
VTI,2025-10-03T04:00:00.000Z,330.3599853516,329.9700012207,331.7399902344,329.4299926758,329.0366821289,4894000
VTI,2025-10-06T04:00:00.000Z,331.4100036621,331.2099914551,331.7600097656,330.1400146484,330.2731628418,4899400
VTI,2025-10-07T04:00:00.000Z,331.7200012207,329.6199951172,331.9899902344,328.799987793,328.6876831055,4956100
VTI,2025-10-08T04:00:00.000Z,330.5100097656,331.8099975586,331.8699951172,329.8299865723,330.8714904785,3149300
VTI,2025-10-09T04:00:00.000Z,331.9299926758,330.6600036621,332.200012207,329.75,329.7247314453,3803200
VTI,2025-10-10T04:00:00.000Z,331.1600036621,321.799987793,332.1499938965,321.6199951172,320.8897705078,7886700
VTI,2025-10-13T04:00:00.000Z,325.7900085449,326.9299926758,327.5799865723,325.1600036621,326.005279541,4476800
VTI,2025-10-14T04:00:00.000Z,323.8999938965,326.8299865723,328.6199951172,322.0799865723,325.9055480957,6307300
VTI,2025-10-15T04:00:00.000Z,329.3900146484,328.3800048828,330.9899902344,325.299987793,327.4512023926,4245600
VTI,2025-10-16T04:00:00.000Z,329.3699951172,325.7699890137,329.9400024414,324.0799865723,324.8485412598,5328500
VTI,2025-10-17T04:00:00.000Z,325.0100097656,327.299987793,327.9400024414,324.2399902344,326.3742370605,5646800
VTI,2025-10-20T04:00:00.000Z,328.950012207,330.950012207,331.3599853516,328.8599853516,330.0139160156,3919600
VTI,2025-10-21T04:00:00.000Z,330.7900085449,330.9100036621,331.8599853516,330.1199951172,329.974029541,4099800
VTI,2025-10-22T04:00:00.000Z,331.1799926758,328.8999938965,331.2300109863,326.6499938965,327.9696960449,7357900
VTI,2025-10-23T04:00:00.000Z,329.3200073242,331.0100097656,331.5799865723,328.9899902344,330.0737609863,2955700
VTI,2025-10-24T04:00:00.000Z,333.3599853516,333.7099914551,334.5400085449,333.2099914551,332.7661132812,3780100
VTI,2025-10-27T04:00:00.000Z,336.700012207,337.4299926758,337.700012207,336.2300109863,336.4755859375,5496100
VTI,2025-10-28T04:00:00.000Z,338.3399963379,337.950012207,338.8099975586,337.1099853516,336.994140625,3765000
VTI,2025-10-29T04:00:00.000Z,338.3500061035,337.7099914551,339.0599975586,335.6900024414,336.7547912598,4818800
VTI,2025-10-30T04:00:00.000Z,336.0,334.0799865723,337.1799926758,334.049987793,333.1350402832,5025800
VTI,2025-10-31T04:00:00.000Z,336.6199951172,335.4200134277,336.6199951172,333.8500061035,334.471282959,4243100
VTI,2025-11-03T05:00:00.000Z,337.0,335.799987793,337.1400146484,333.8900146484,334.850189209,3344400
VTI,2025-11-04T05:00:00.000Z,332.2099914551,331.7399902344,334.1300048828,331.3900146484,330.8016662598,3288700
VTI,2025-11-05T05:00:00.000Z,331.8299865723,333.1600036621,334.6799926758,331.299987793,332.2176818848,3147000
VTI,2025-11-06T05:00:00.000Z,332.7900085449,329.3699951172,333.0599975586,328.6300048828,328.4383850098,2968100
VTI,2025-11-07T05:00:00.000Z,328.0400085449,330.0899963379,330.1300048828,324.9700012207,329.1563415527,4707100
VTI,2025-11-10T05:00:00.000Z,333.3200073242,334.9200134277,335.450012207,332.0400085449,333.9726867676,3658900
VTI,2025-11-11T05:00:00.000Z,334.3399963379,335.7399902344,336.049987793,333.75,334.7903442383,2506400
VTI,2025-11-12T05:00:00.000Z,336.8200073242,335.8599853516,336.9299926758,334.8800048828,334.9100036621,2730900
VTI,2025-11-13T05:00:00.000Z,334.5,329.9100036621,334.6300048828,329.2399902344,328.9768676758,4213800
VTI,2025-11-14T05:00:00.000Z,326.5700073242,329.8599853516,331.8500061035,325.6199951172,328.9269714355,3669200
VTI,2025-11-17T05:00:00.000Z,328.7099914551,326.4299926758,330.7699890137,324.799987793,325.5066833496,4336700
VTI,2025-11-18T05:00:00.000Z,324.7399902344,324.2200012207,326.549987793,321.9200134277,323.302947998,5563300
VTI,2025-11-19T05:00:00.000Z,324.6499938965,325.2799987793,327.6099853516,323.3500061035,324.359954834,3538300
VTI,2025-11-20T05:00:00.000Z,330.3099975586,320.1000061035,331.6000061035,319.8500061035,319.1946105957,4176000
VTI,2025-11-21T05:00:00.000Z,321.3800048828,323.799987793,326.3200073242,319.4400024414,322.8841247559,4695300
VTI,2025-11-24T05:00:00.000Z,325.5100097656,328.6400146484,329.1900024414,324.9400024414,327.7104492188,4167600
VTI,2025-11-25T05:00:00.000Z,328.6400146484,332.1600036621,332.6600036621,326.7600097656,331.220489502,3654300
VTI,2025-11-26T05:00:00.000Z,333.3200073242,334.4400024414,335.4899902344,332.9599914551,333.4940490723,2745500
VTI,2025-11-28T05:00:00.000Z,335.3999938965,336.3099975586,336.4200134277,334.8599853516,335.3587646484,2288300
VTI,2025-12-01T05:00:00.000Z,333.9599914551,334.6600036621,336.1000061035,333.75,333.7134399414,4270600
VTI,2025-12-02T05:00:00.000Z,335.6499938965,335.0599975586,336.3599853516,334.1799926758,334.1122741699,2920000
VTI,2025-12-03T05:00:00.000Z,334.7600097656,336.5599975586,337.0700073242,334.4100036621,335.6080322266,3779900
VTI,2025-12-04T05:00:00.000Z,337.2399902344,337.0899963379,337.3399963379,335.5899963379,336.1365356445,3587800
VTI,2025-12-05T05:00:00.000Z,337.5700073242,337.5599975586,338.9599914551,337.0299987793,336.6052246094,3340500
VTI,2025-12-08T05:00:00.000Z,338.200012207,336.5700073242,338.200012207,335.6000061035,335.6180114746,3532800
VTI,2025-12-09T05:00:00.000Z,336.2799987793,336.2300109863,337.549987793,336.0700073242,335.2789916992,3035700
VTI,2025-12-10T05:00:00.000Z,336.1199951172,338.7300109863,339.5899963379,335.5,337.7719116211,5697100
VTI,2025-12-11T05:00:00.000Z,337.8800048828,339.8699951172,339.9400024414,336.4400024414,338.9086914062,3819000
VTI,2025-12-12T05:00:00.000Z,339.5,335.9899902344,339.75,334.8500061035,335.039642334,4258900
VTI,2025-12-15T05:00:00.000Z,337.9800109863,335.3299865723,338.0,334.6799926758,334.3815002441,3571900
VTI,2025-12-16T05:00:00.000Z,334.5899963379,334.3599853516,335.5100097656,332.4200134277,333.4142456055,4129200
VTI,2025-12-17T05:00:00.000Z,334.9200134277,330.7099914551,335.200012207,330.6300048828,329.774597168,3980300
VTI,2025-12-18T05:00:00.000Z,333.7799987793,333.25,335.3500061035,332.4700012207,332.3074035645,3347700
VTI,2025-12-19T05:00:00.000Z,334.3699951172,336.2200012207,336.5899963379,334.2099914551,335.2690124512,4022600
VTI,2025-12-22T05:00:00.000Z,337.0,337.6000061035,337.9100036621,336.6099853516,337.6000061035,3782100
VTI,2025-12-23T05:00:00.000Z,337.0,338.7200012207,338.8299865723,337.0,338.7200012207,3611100
VTI,2025-12-24T05:00:00.000Z,338.7799987793,339.8800048828,340.1000061035,338.7099914551,339.8800048828,4006500
VTI,2025-12-26T05:00:00.000Z,340.1400146484,339.6700134277,340.3299865723,339.1700134277,339.6700134277,3543600
VTI,2025-12-29T05:00:00.000Z,338.3999938965,338.3900146484,339.2699890137,337.5700073242,338.3900146484,3795900
VTI,2025-12-30T05:00:00.000Z,338.3900146484,337.8500061035,338.7799987793,337.75,337.8500061035,3576200
VTI,2025-12-31T05:00:00.000Z,338.0400085449,335.2699890137,338.1300048828,335.2200012207,335.2699890137,3493700
VTI,2026-01-02T05:00:00.000Z,337.1499938965,336.3099975586,337.7399902344,334.6000061035,336.3099975586,5177300
VTI,2026-01-05T05:00:00.000Z,338.0,338.8399963379,339.6099853516,337.8500061035,338.8399963379,5442200
VTI,2026-01-06T05:00:00.000Z,338.9899902344,341.2099914551,341.3900146484,338.8099975586,341.2099914551,6054500
VTI,2026-01-07T05:00:00.000Z,341.3599853516,340.049987793,342.0799865723,339.8800048828,340.049987793,6629600
VTI,2026-01-08T05:00:00.000Z,339.7699890137,340.1400146484,340.75,339.0899963379,340.1400146484,6800000
VTI,2026-01-09T05:00:00.000Z,340.8500061035,342.3999938965,342.9400024414,340.0,342.3999938965,6851200
SPY,2024-01-10T05:00:00.000Z,474.1600036621,476.5599975586,477.450012207,473.8699951172,465.063079834,67310600
SPY,2024-01-11T05:00:00.000Z,477.5899963379,476.3500061035,478.1199951172,472.2600097656,464.858215332,77940700
SPY,2024-01-12T05:00:00.000Z,477.8399963379,476.6799926758,478.6000061035,475.2300109863,465.180267334,58026400
SPY,2024-01-16T05:00:00.000Z,475.2600097656,474.9299926758,476.6099853516,473.0599975586,463.472442627,85014900
SPY,2024-01-17T05:00:00.000Z,471.8200073242,472.2900085449,472.7900085449,469.8699951172,460.8961486816,68843900
SPY,2024-01-18T05:00:00.000Z,474.0100097656,476.4899902344,477.0599975586,472.4200134277,464.9948425293,91856200
SPY,2024-01-19T05:00:00.000Z,477.6499938965,482.4299926758,482.7200012207,476.5400085449,470.7915039062,110834500
SPY,2024-01-22T05:00:00.000Z,484.0100097656,483.450012207,485.2200012207,482.7799987793,471.7869262695,75844900
SPY,2024-01-23T05:00:00.000Z,484.0100097656,484.8599853516,485.1099853516,482.8900146484,473.1628723145,49945300
SPY,2024-01-24T05:00:00.000Z,487.8099975586,485.3900146484,488.7699890137,484.8800048828,473.6801147461,81765000
SPY,2024-01-25T05:00:00.000Z,487.5799865723,488.0299987793,488.3099975586,485.3900146484,476.256439209,72525000
SPY,2024-01-26T05:00:00.000Z,487.5899963379,487.4100036621,489.1199951172,486.5400085449,475.6513977051,76641600
SPY,2024-01-29T05:00:00.000Z,487.7300109863,491.2699890137,491.4200134277,487.1700134277,479.4182128906,61322800
SPY,2024-01-30T05:00:00.000Z,490.5599975586,490.8900146484,491.6199951172,490.1099853516,479.0474243164,58618400
SPY,2024-01-31T05:00:00.000Z,488.6199951172,482.8800048828,489.0799865723,482.8599853516,471.2306518555,126011100
SPY,2024-02-01T05:00:00.000Z,484.6300048828,489.200012207,489.2300109863,483.799987793,477.398223877,91891600
SPY,2024-02-02T05:00:00.000Z,489.6499938965,494.3500061035,496.049987793,489.299987793,482.4239501953,99228200
SPY,2024-02-05T05:00:00.000Z,493.700012207,492.549987793,494.3800048828,490.2300109863,480.6673583984,75757100
SPY,2024-02-06T05:00:00.000Z,493.5199890137,493.9800109863,494.3200073242,492.049987793,482.0628967285,55918600
SPY,2024-02-07T05:00:00.000Z,496.2900085449,498.1000061035,498.5299987793,495.3599853516,486.0834655762,70556500
SPY,2024-02-08T05:00:00.000Z,498.1000061035,498.3200073242,498.7099914551,497.2600097656,486.2981567383,52343600
SPY,2024-02-09T05:00:00.000Z,498.8399963379,501.200012207,501.6499938965,498.4899902344,489.1087036133,63979400
SPY,2024-02-12T05:00:00.000Z,501.1700134277,500.9800109863,503.5,500.2399902344,488.8940429688,56502300
SPY,2024-02-13T05:00:00.000Z,494.5299987793,494.0799865723,497.0899963379,490.7200012207,482.1604614258,113099200
SPY,2024-02-14T05:00:00.000Z,496.7900085449,498.5700073242,499.0700073242,494.3999938965,486.5421142578,68387800
SPY,2024-02-15T05:00:00.000Z,499.2900085449,502.0100097656,502.200012207,498.799987793,489.8991394043,61683000
SPY,2024-02-16T05:00:00.000Z,501.700012207,499.5100097656,502.8699951172,498.75,487.4594421387,75532900
SPY,2024-02-20T05:00:00.000Z,497.7200012207,496.7600097656,498.4100036621,494.450012207,484.7758483887,71736700
SPY,2024-02-21T05:00:00.000Z,495.4200134277,497.2099914551,497.3699951172,493.5599975586,485.2149353027,59293400
SPY,2024-02-22T05:00:00.000Z,504.0100097656,507.5,508.4899902344,503.0199890137,495.2566833496,76402500
SPY,2024-02-23T05:00:00.000Z,509.2699890137,507.8500061035,510.1300048828,507.1000061035,495.5982666016,61321800
SPY,2024-02-26T05:00:00.000Z,508.299987793,505.9899902344,508.75,505.8599853516,493.7831115723,50386700
SPY,2024-02-27T05:00:00.000Z,506.700012207,506.9299926758,507.1600036621,504.75,494.7004699707,48854500
SPY,2024-02-28T05:00:00.000Z,505.3299865723,506.2600097656,506.8599853516,504.9599914551,494.0466308594,56506600
SPY,2024-02-29T05:00:00.000Z,508.0700073242,508.0799865723,509.7399902344,505.3500061035,495.8227233887,83924800
SPY,2024-03-01T05:00:00.000Z,508.9800109863,512.8499755859,513.2899780273,508.5599975586,500.4776306152,76844800
SPY,2024-03-04T05:00:00.000Z,512.0300292969,512.299987793,514.200012207,512.0,499.9408874512,49799300
SPY,2024-03-05T05:00:00.000Z,510.2399902344,507.1799926758,510.700012207,504.9100036621,494.9444580078,72855600
SPY,2024-03-06T05:00:00.000Z,510.549987793,509.75,512.0700073242,508.4200134277,497.4524536133,68382400
SPY,2024-03-07T05:00:00.000Z,513.1400146484,514.8099975586,515.8900146484,509.8099975586,502.3903198242,58652100
SPY,2024-03-08T05:00:00.000Z,515.4600219727,511.7200012207,518.2199707031,511.1300048828,499.3749084473,86532500
SPY,2024-03-11T04:00:00.000Z,510.4800109863,511.2799987793,511.8800048828,508.5,498.9454956055,62557200
SPY,2024-03-12T04:00:00.000Z,513.450012207,516.7800292969,517.3800048828,510.8599853516,504.3129272461,73114400
SPY,2024-03-13T04:00:00.000Z,517.1099853516,515.9699707031,517.2899780273,514.4899902344,503.5223388672,55104100
SPY,2024-03-14T04:00:00.000Z,516.9699707031,514.950012207,517.1300048828,511.8200073242,502.5269775391,110171800
SPY,2024-03-15T04:00:00.000Z,510.2099914551,509.8299865723,511.700012207,508.1199951172,499.0763549805,107646300
SPY,2024-03-18T04:00:00.000Z,514.0,512.8599853516,515.4799804688,512.4400024414,502.042388916,88893300
SPY,2024-03-19T04:00:00.000Z,512.1500244141,515.7100219727,516.0,511.1199951172,504.8323669434,60755300
SPY,2024-03-20T04:00:00.000Z,515.7700195312,520.4799804688,520.6199951172,515.0800170898,509.5016784668,69594600
SPY,2024-03-21T04:00:00.000Z,523.3900146484,522.200012207,524.1099853516,521.9099731445,511.1854248047,60256100
SPY,2024-03-22T04:00:00.000Z,522.1099853516,521.2100219727,522.6099853516,520.9699707031,510.2163391113,79070800
SPY,2024-03-25T04:00:00.000Z,519.799987793,519.7700195312,520.950012207,519.6099853516,508.8067016602,48512100
SPY,2024-03-26T04:00:00.000Z,521.2299804688,518.8099975586,521.5800170898,518.4000244141,507.866973877,65463700
SPY,2024-03-27T04:00:00.000Z,521.7100219727,523.1699829102,523.2100219727,519.4899902344,512.1349487305,82999800
SPY,2024-03-28T04:00:00.000Z,523.2100219727,523.0700073242,524.6099853516,522.7800292969,512.0371704102,96294900
SPY,2024-04-01T04:00:00.000Z,523.8300170898,522.1599731445,524.3800048828,520.9699707031,511.1462402344,62477500
SPY,2024-04-02T04:00:00.000Z,518.2399902344,518.8400268555,518.9799804688,516.4799804688,507.8963317871,74230300
SPY,2024-04-03T04:00:00.000Z,517.7199707031,519.4099731445,520.950012207,517.6699829102,508.4542541504,59155800
SPY,2024-04-04T04:00:00.000Z,523.5200195312,513.0700073242,523.8699951172,512.7600097656,502.2479858398,96858100
SPY,2024-04-05T04:00:00.000Z,514.4600219727,518.4299926758,520.4400024414,514.0100097656,507.4949645996,74546500
SPY,2024-04-08T04:00:00.000Z,519.1500244141,518.7199707031,520.1799926758,517.8900146484,507.7787780762,48401800
SPY,2024-04-09T04:00:00.000Z,520.5,519.3200073242,520.75,514.3499755859,508.3661804199,68049200
SPY,2024-04-10T04:00:00.000Z,513.4799804688,514.1199951172,516.1599731445,512.0900268555,503.2758483887,82652800
SPY,2024-04-11T04:00:00.000Z,515.6799926758,518.0,519.4799804688,512.0800170898,507.0740661621,70099000
SPY,2024-04-12T04:00:00.000Z,514.3699951172,510.8500061035,515.8200073242,509.0799865723,500.0748291016,92561100
SPY,2024-04-15T04:00:00.000Z,515.1300048828,504.450012207,515.299987793,503.5799865723,493.8098449707,92101400
SPY,2024-04-16T04:00:00.000Z,504.9400024414,503.5299987793,506.5,502.2099914551,492.9092407227,73484000
SPY,2024-04-17T04:00:00.000Z,506.049987793,500.549987793,506.2200012207,499.1199951172,489.9920959473,75910300
SPY,2024-04-18T04:00:00.000Z,501.9800109863,499.5199890137,504.1300048828,498.5599975586,488.9837646484,74548100
SPY,2024-04-19T04:00:00.000Z,499.4400024414,495.1600036621,500.4599914551,493.8599853516,484.7157897949,102212600
SPY,2024-04-22T04:00:00.000Z,497.8299865723,499.7200012207,502.3800048828,495.4299926758,489.1795654297,67961000
SPY,2024-04-23T04:00:00.000Z,501.7799987793,505.6499938965,506.0899963379,499.5299987793,494.9844970703,64633600
SPY,2024-04-24T04:00:00.000Z,506.5599975586,505.4100036621,507.3699951172,503.1300048828,494.7495727539,55928100
SPY,2024-04-25T04:00:00.000Z,499.1799926758,503.4899902344,504.2699890137,497.4899902344,492.8700561523,69122400
SPY,2024-04-26T04:00:00.000Z,506.3500061035,508.2600097656,509.8800048828,505.700012207,497.5394592285,64306100
SPY,2024-04-29T04:00:00.000Z,510.0899963379,510.0599975586,510.75,507.25,499.3015136719,46415400
SPY,2024-04-30T04:00:00.000Z,508.5599975586,501.9800109863,509.5599975586,501.9800109863,491.3919372559,77483600
SPY,2024-05-01T04:00:00.000Z,501.3800048828,500.3500061035,508.1900024414,499.8699951172,489.7963256836,80242800
SPY,2024-05-02T04:00:00.000Z,504.1499938965,505.0299987793,505.8900146484,499.549987793,494.3775634766,62550200
SPY,2024-05-03T04:00:00.000Z,511.1600036621,511.2900085449,512.549987793,508.5599975586,500.5055847168,72756700
SPY,2024-05-06T04:00:00.000Z,513.75,516.5700073242,516.6099853516,513.299987793,505.6741333008,47264700
SPY,2024-05-07T04:00:00.000Z,517.5599975586,517.1400146484,518.5700073242,516.450012207,506.2321777344,52561300
SPY,2024-05-08T04:00:00.000Z,515.2600097656,517.1900024414,517.7399902344,515.1400146484,506.2810974121,42047200
SPY,2024-05-09T04:00:00.000Z,517.3800048828,520.1699829102,520.2100219727,516.7100219727,509.1982727051,43643700
SPY,2024-05-10T04:00:00.000Z,521.8099975586,520.8400268555,522.6400146484,519.5900268555,509.8540649414,52233200
SPY,2024-05-13T04:00:00.000Z,522.5599975586,520.9099731445,522.6699829102,519.7399902344,509.9226379395,36716400
SPY,2024-05-14T04:00:00.000Z,521.1099853516,523.299987793,523.8300170898,520.5599975586,512.2621459961,57535900
SPY,2024-05-15T04:00:00.000Z,525.8300170898,529.7800292969,530.0800170898,525.1799926758,518.6055297852,59504900
SPY,2024-05-16T04:00:00.000Z,529.8800048828,528.6900024414,531.5200195312,528.5399780273,517.5385131836,50244800
SPY,2024-05-17T04:00:00.000Z,528.8099975586,529.450012207,529.5200195312,527.3200073242,518.2825317383,59187600
SPY,2024-05-20T04:00:00.000Z,529.5700073242,530.0599975586,531.5599975586,529.1699829102,518.8796386719,37764200
SPY,2024-05-21T04:00:00.000Z,529.2800292969,531.3599853516,531.5200195312,529.0700073242,520.1522216797,33437000
SPY,2024-05-22T04:00:00.000Z,530.6500244141,529.8300170898,531.3800048828,527.5999755859,518.6544799805,48390000
SPY,2024-05-23T04:00:00.000Z,532.9600219727,525.9600219727,533.0700073242,524.7199707031,514.8660888672,57211200
SPY,2024-05-24T04:00:00.000Z,527.8499755859,529.4400024414,530.2700195312,526.8800048828,518.2727050781,41291100
SPY,2024-05-28T04:00:00.000Z,530.2700195312,529.8099975586,530.5100097656,527.1099853516,518.6348876953,36269600
SPY,2024-05-29T04:00:00.000Z,525.6799926758,526.0999755859,527.3099975586,525.3699951172,515.0031738281,45190300
SPY,2024-05-30T04:00:00.000Z,524.5200195312,522.6099853516,525.200012207,521.3300170898,511.5867919922,46377600
SPY,2024-05-31T04:00:00.000Z,523.5900268555,527.3699951172,527.5,518.3599853516,516.2463378906,90785800
SPY,2024-06-03T04:00:00.000Z,529.0200195312,527.799987793,529.3099975586,522.5999755859,516.6673583984,46835700
SPY,2024-06-04T04:00:00.000Z,526.4600219727,528.3900146484,529.1500244141,524.9600219727,517.2448730469,34632700
SPY,2024-06-05T04:00:00.000Z,530.7700195312,534.6699829102,534.6900024414,528.7299804688,523.3923950195,47610400
SPY,2024-06-06T04:00:00.000Z,534.9799804688,534.6599731445,535.4199829102,532.6799926758,523.3825683594,30808500
SPY,2024-06-07T04:00:00.000Z,533.6599731445,534.0100097656,536.8900146484,532.5399780273,522.7463989258,43224500
SPY,2024-06-10T04:00:00.000Z,533.1799926758,535.6599731445,535.9899902344,532.5700073242,524.3615112305,35686100
SPY,2024-06-11T04:00:00.000Z,534.0700073242,536.950012207,537.0100097656,532.049987793,525.6243286133,36383400
SPY,2024-06-12T04:00:00.000Z,541.6300048828,541.3599853516,544.1199951172,540.299987793,529.9412841797,63251300
SPY,2024-06-13T04:00:00.000Z,543.1500244141,542.450012207,543.3300170898,539.5900268555,531.0083007812,44760900
SPY,2024-06-14T04:00:00.000Z,540.8800048828,542.7800292969,542.8099975586,539.8499755859,531.3314208984,40089900
SPY,2024-06-17T04:00:00.000Z,542.0800170898,547.0999755859,548.5300292969,541.6099853516,535.5601806641,55839500
SPY,2024-06-18T04:00:00.000Z,547.1599731445,548.4899902344,548.6199951172,546.7299804688,536.9208984375,41376400
SPY,2024-06-20T04:00:00.000Z,549.4400024414,547.0,550.1199951172,545.1799926758,535.4623413086,70328200
SPY,2024-06-21T04:00:00.000Z,544.4000244141,544.5100097656,545.6500244141,543.0200195312,534.7443847656,64338600
SPY,2024-06-24T04:00:00.000Z,544.3300170898,542.7399902344,546.950012207,542.6199951172,533.0061645508,45528700
SPY,2024-06-25T04:00:00.000Z,543.9899902344,544.8300170898,545.200012207,542.4400024414,535.0587158203,37936200
SPY,2024-06-26T04:00:00.000Z,543.6900024414,545.5100097656,546.2399902344,543.0300292969,535.7265014648,38550600
SPY,2024-06-27T04:00:00.000Z,545.3699951172,546.3699951172,546.9600219727,544.6099853516,536.571105957,35041500
SPY,2024-06-28T04:00:00.000Z,547.1599731445,544.2199707031,550.2800292969,542.950012207,534.4595947266,76144500
SPY,2024-07-01T04:00:00.000Z,545.6300048828,545.3400268555,545.8800048828,542.5200195312,535.5596313477,40297800
SPY,2024-07-02T04:00:00.000Z,543.700012207,549.0100097656,549.0100097656,543.6500244141,539.1637573242,40434800
SPY,2024-07-03T04:00:00.000Z,548.6900024414,551.4600219727,551.8300170898,548.6500244141,541.5698242188,32789900
SPY,2024-07-05T04:00:00.000Z,551.7700195312,554.6400146484,555.049987793,551.1199951172,544.6927490234,41488400
SPY,2024-07-08T04:00:00.000Z,555.4400024414,555.2800292969,556.25,554.1900024414,545.3213500977,36110500
SPY,2024-07-09T04:00:00.000Z,556.2600097656,555.8200073242,557.1799926758,555.5200195312,545.8516845703,27289700
SPY,2024-07-10T04:00:00.000Z,557.0700073242,561.3200073242,561.6699829102,556.7700195312,551.2529907227,38701200
SPY,2024-07-11T04:00:00.000Z,561.4400024414,556.4799804688,562.3300170898,555.8300170898,546.4997558594,53054200
SPY,2024-07-12T04:00:00.000Z,557.6300048828,559.9899902344,563.6699829102,557.1500244141,549.9468383789,53084400
SPY,2024-07-15T04:00:00.000Z,562.0300292969,561.5300292969,564.8400268555,559.6300048828,551.4592285156,40584300
SPY,2024-07-16T04:00:00.000Z,562.8699951172,564.8599853516,565.1599731445,562.0999755859,554.7294311523,36475300
SPY,2024-07-17T04:00:00.000Z,558.799987793,556.9400024414,560.5100097656,556.6099853516,546.9515991211,57119000
SPY,2024-07-18T04:00:00.000Z,558.5100097656,552.6599731445,559.5200195312,550.4299926758,542.7482910156,56270400
SPY,2024-07-19T04:00:00.000Z,552.4199829102,548.9899902344,554.0800170898,547.9099731445,539.1441040039,65509100
SPY,2024-07-22T04:00:00.000Z,553.0,554.6500244141,555.2700195312,551.0200195312,544.7026977539,43346700
SPY,2024-07-23T04:00:00.000Z,554.5399780273,553.7800292969,556.7399902344,553.2800292969,543.8482055664,34439600
SPY,2024-07-24T04:00:00.000Z,548.8599853516,541.2299804688,549.1699829102,540.2899780273,531.5231933594,74515300
SPY,2024-07-25T04:00:00.000Z,541.3499755859,538.4099731445,547.4600219727,537.450012207,528.7537841797,61158300
SPY,2024-07-26T04:00:00.000Z,542.2800292969,544.4400024414,547.1900024414,541.4899902344,534.67578125,53763800
SPY,2024-07-29T04:00:00.000Z,546.0200195312,544.7600097656,547.049987793,542.7199707031,534.9899902344,39515800
SPY,2024-07-30T04:00:00.000Z,546.2600097656,542.0,547.3400268555,538.5200195312,532.2794799805,46853600
SPY,2024-07-31T04:00:00.000Z,548.9799804688,550.8099975586,553.5,547.5800170898,540.9314575195,65663400
SPY,2024-08-01T04:00:00.000Z,552.5700073242,543.0100097656,554.8699951172,539.4299926758,533.2713012695,76428700
SPY,2024-08-02T04:00:00.000Z,535.75,532.9000244141,536.9899902344,528.5999755859,523.3427124023,82789100
SPY,2024-08-05T04:00:00.000Z,511.6400146484,517.3800048828,523.5800170898,510.2699890137,508.1010437012,146267400
SPY,2024-08-06T04:00:00.000Z,519.2199707031,522.1500244141,529.75,517.8699951172,512.7855834961,84826300
SPY,2024-08-07T04:00:00.000Z,528.4699707031,518.6599731445,531.5900268555,518.049987793,509.3580322266,70698300
SPY,2024-08-08T04:00:00.000Z,523.9099731445,530.6500244141,531.2899780273,521.8400268555,521.1329956055,63276600
SPY,2024-08-09T04:00:00.000Z,529.8099975586,532.9899902344,534.5100097656,528.5599975586,523.4309692383,45619600
SPY,2024-08-12T04:00:00.000Z,534.2100219727,533.2700195312,535.7299804688,530.950012207,523.7060546875,42542100
SPY,2024-08-13T04:00:00.000Z,536.5300292969,542.0399780273,542.2800292969,536.2800292969,532.3187866211,52333100
SPY,2024-08-14T04:00:00.000Z,542.8499755859,543.75,544.9600219727,540.1199951172,533.9981079102,42446900
SPY,2024-08-15T04:00:00.000Z,549.5,553.0700073242,553.3599853516,548.8800048828,543.1509399414,60846800
SPY,2024-08-16T04:00:00.000Z,551.4199829102,554.3099975586,555.0200195312,551.2600097656,544.3687133789,44430700
SPY,2024-08-19T04:00:00.000Z,554.7299804688,559.6099853516,559.6099853516,553.8599853516,549.5735473633,39121800
SPY,2024-08-20T04:00:00.000Z,559.1500244141,558.700012207,560.8400268555,557.3300170898,548.6799926758,33732300
SPY,2024-08-21T04:00:00.000Z,559.7700195312,560.6199951172,562.1099853516,554.7299804688,550.5654296875,41514600
SPY,2024-08-22T04:00:00.000Z,562.5599975586,556.2199707031,563.1799926758,554.9799804688,546.2444458008,56121500
SPY,2024-08-23T04:00:00.000Z,559.5300292969,562.1300048828,563.0900268555,557.2899780273,552.0484008789,50639400
SPY,2024-08-26T04:00:00.000Z,563.1799926758,560.7899780273,563.9099731445,559.049987793,550.732421875,35788600
SPY,2024-08-27T04:00:00.000Z,559.4899902344,561.5599975586,562.0599975586,558.3200073242,551.4886474609,32693900
SPY,2024-08-28T04:00:00.000Z,561.2100219727,558.299987793,561.6500244141,555.0399780273,548.2871704102,41066000
SPY,2024-08-29T04:00:00.000Z,560.3099975586,558.3499755859,563.6799926758,557.1799926758,548.3362426758,38715200
SPY,2024-08-30T04:00:00.000Z,560.7700195312,563.6799926758,564.200012207,557.1400146484,553.5706176758,62700100
SPY,2024-09-03T04:00:00.000Z,560.4699707031,552.0800170898,560.8099975586,549.5100097656,542.1786499023,60600100
SPY,2024-09-04T04:00:00.000Z,550.200012207,550.950012207,554.4299926758,549.4600219727,541.0690307617,47224900
SPY,2024-09-05T04:00:00.000Z,550.8900146484,549.6099853516,553.799987793,547.0999755859,539.753112793,44264300
SPY,2024-09-06T04:00:00.000Z,549.9400024414,540.3599853516,551.5999755859,539.4400024414,530.6688232422,68493800
SPY,2024-09-09T04:00:00.000Z,544.6500244141,546.4099731445,547.7100219727,542.6799926758,536.6102905273,40445800
SPY,2024-09-10T04:00:00.000Z,548.3599853516,548.7899780273,549.1500244141,543.3800048828,538.9477539062,36394600
SPY,2024-09-11T04:00:00.000Z,548.700012207,554.4199829102,555.3599853516,539.9600219727,544.4766845703,75248600
SPY,2024-09-12T04:00:00.000Z,555.0100097656,559.0900268555,559.4000244141,552.7399902344,549.0630493164,51819600
SPY,2024-09-13T04:00:00.000Z,559.7100219727,562.0100097656,563.0300292969,559.450012207,551.9306030273,39310500
SPY,2024-09-16T04:00:00.000Z,561.7399902344,562.8400268555,563.1099853516,559.9000244141,552.7457275391,36656100
SPY,2024-09-17T04:00:00.000Z,565.0999755859,563.0700073242,566.5800170898,560.7899780273,552.9715576172,49321000
SPY,2024-09-18T04:00:00.000Z,563.7399902344,561.4000244141,568.6900024414,560.8300170898,551.3316040039,59044900
SPY,2024-09-19T04:00:00.000Z,571.0100097656,570.9799804688,572.8800048828,568.0800170898,560.7396850586,75315500
SPY,2024-09-20T04:00:00.000Z,567.8400268555,568.25,569.3099975586,565.1699829102,559.7703857422,77503100
SPY,2024-09-23T04:00:00.000Z,569.3400268555,569.6699829102,570.3300170898,568.0999755859,561.1691894531,44116900
SPY,2024-09-24T04:00:00.000Z,570.4799804688,571.299987793,571.3599853516,567.5999755859,562.7749023438,46805700
SPY,2024-09-25T04:00:00.000Z,571.1400146484,570.0399780273,571.8900146484,568.9099731445,561.5336303711,38428600
SPY,2024-09-26T04:00:00.000Z,574.3800048828,572.299987793,574.7100219727,569.9000244141,563.7600097656,48336000
SPY,2024-09-27T04:00:00.000Z,573.3900146484,571.4699707031,574.2199707031,570.4199829102,562.9423217773,42100900
SPY,2024-09-30T04:00:00.000Z,570.4199829102,573.7600097656,574.3800048828,568.0800170898,565.1981811523,63557400
SPY,2024-10-01T04:00:00.000Z,573.4000244141,568.6199951172,574.0599975586,566.0,560.1348876953,72668800
SPY,2024-10-02T04:00:00.000Z,567.7100219727,568.8599853516,569.9000244141,565.2700195312,560.3713378906,38097800
SPY,2024-10-03T04:00:00.000Z,567.3599853516,567.8200073242,569.799987793,565.4899902344,559.3468017578,40846500
SPY,2024-10-04T04:00:00.000Z,572.3499755859,572.9799804688,573.3599853516,568.0999755859,564.4298095703,42939100
SPY,2024-10-07T04:00:00.000Z,571.299987793,567.799987793,571.9600219727,566.6300048828,559.3270263672,49964700
SPY,2024-10-08T04:00:00.000Z,570.4199829102,573.1699829102,573.7800292969,569.5300292969,564.6170043945,37398700
SPY,2024-10-09T04:00:00.000Z,573.1599731445,577.1400146484,577.7100219727,572.549987793,568.5278320312,37912200
SPY,2024-10-10T04:00:00.000Z,575.7700195312,576.1300048828,577.5800170898,574.4899902344,567.5328369141,44138100
SPY,2024-10-11T04:00:00.000Z,576.049987793,579.5800170898,580.3300170898,575.9099731445,570.9312744141,42268000
SPY,2024-10-14T04:00:00.000Z,581.2199707031,584.3200073242,585.2700195312,580.7299804688,575.6005859375,36217200
SPY,2024-10-15T04:00:00.000Z,584.5900268555,579.7800292969,584.9000244141,578.5399780273,571.1283569336,54203600
SPY,2024-10-16T04:00:00.000Z,579.7800292969,582.299987793,582.8300170898,578.9600219727,573.6107177734,30725400
SPY,2024-10-17T04:00:00.000Z,585.9099731445,582.3499755859,586.1199951172,582.1599731445,573.6599731445,34393700
SPY,2024-10-18T04:00:00.000Z,584.0700073242,584.5900268555,585.3900146484,582.5800170898,575.8665771484,37416800
SPY,2024-10-21T04:00:00.000Z,583.8499755859,583.6300048828,584.8499755859,580.5999755859,574.9208984375,36439000
SPY,2024-10-22T04:00:00.000Z,581.049987793,583.3200073242,584.5,580.3800048828,574.6155395508,34183800
SPY,2024-10-23T04:00:00.000Z,581.2600097656,577.9899902344,581.7100219727,574.4199829102,569.3650512695,49314600
SPY,2024-10-24T04:00:00.000Z,579.9799804688,579.2399902344,580.0599975586,576.5700073242,570.5964355469,34979900
SPY,2024-10-25T04:00:00.000Z,581.5100097656,579.0399780273,584.4600219727,578.0800170898,570.3993530273,47268200
SPY,2024-10-28T04:00:00.000Z,582.5800170898,580.8300170898,582.7100219727,580.5200195312,572.1626586914,30174700
SPY,2024-10-29T04:00:00.000Z,579.8499755859,581.7700195312,582.9099731445,578.4299926758,573.0886230469,42899700
SPY,2024-10-30T04:00:00.000Z,581.2899780273,580.0100097656,583.3200073242,579.2899780273,571.3549804688,41435800
SPY,2024-10-31T04:00:00.000Z,575.5599975586,568.6400146484,575.6300048828,568.4400024414,560.1546020508,60182500
SPY,2024-11-01T04:00:00.000Z,571.3200073242,571.0399780273,575.549987793,570.6199951172,562.518737793,45667500
SPY,2024-11-04T05:00:00.000Z,571.1799926758,569.8099975586,572.5,567.8900146484,561.3070678711,38217000
SPY,2024-11-05T05:00:00.000Z,570.7399902344,576.700012207,576.7399902344,570.5200195312,568.0943603516,39478300
SPY,2024-11-06T05:00:00.000Z,589.200012207,591.0399780273,591.9299926758,585.3900146484,582.2203979492,68182000
SPY,2024-11-07T05:00:00.000Z,593.0800170898,595.6099853516,596.6500244141,593.0,586.7221069336,47233200
SPY,2024-11-08T05:00:00.000Z,596.1699829102,598.1900024414,599.6400146484,596.1699829102,589.2637329102,46444900
SPY,2024-11-11T05:00:00.000Z,599.8099975586,598.7600097656,600.1699829102,597.0,589.8250732422,37586800
SPY,2024-11-12T05:00:00.000Z,598.6799926758,596.9000244141,599.2899780273,594.3699951172,587.992980957,43006100
SPY,2024-11-13T05:00:00.000Z,597.3699951172,597.1900024414,599.2299804688,594.9600219727,588.2785644531,47388600
SPY,2024-11-14T05:00:00.000Z,597.3200073242,593.3499755859,597.8099975586,592.6500244141,584.4957885742,38904100
SPY,2024-11-15T05:00:00.000Z,589.7199707031,585.75,590.200012207,583.8599853516,577.0091552734,75988800
SPY,2024-11-18T05:00:00.000Z,586.2199707031,588.1500244141,589.4899902344,585.3400268555,579.3734741211,37001700
SPY,2024-11-19T05:00:00.000Z,584.7100219727,590.299987793,591.0399780273,584.0300292969,581.4913330078,49412000
SPY,2024-11-20T05:00:00.000Z,590.3800048828,590.5,590.7899780273,584.6300048828,581.6884155273,50032600
SPY,2024-11-21T05:00:00.000Z,593.4000244141,593.6699829102,595.1199951172,587.450012207,584.8110961914,46750300
SPY,2024-11-22T05:00:00.000Z,593.6599731445,595.5100097656,596.1500244141,593.1500244141,586.6236572266,38226400
SPY,2024-11-25T05:00:00.000Z,599.5200195312,597.5300292969,600.8599853516,595.200012207,588.6134643555,42441400
SPY,2024-11-26T05:00:00.000Z,598.799987793,600.6500244141,601.3300170898,598.0700073242,591.6869506836,45621300
SPY,2024-11-27T05:00:00.000Z,600.4600219727,598.8300170898,600.8499755859,597.2800292969,589.8941040039,34000200
SPY,2024-11-29T05:00:00.000Z,599.6599731445,602.549987793,603.3499755859,599.3800048828,593.55859375,30177400
SPY,2024-12-02T05:00:00.000Z,602.9699707031,603.6300048828,604.3200073242,602.4699707031,594.6224975586,31746000
SPY,2024-12-03T05:00:00.000Z,603.3900146484,603.9099731445,604.1599731445,602.3400268555,594.8981933594,26906600
SPY,2024-12-04T05:00:00.000Z,605.6300048828,607.6599731445,607.9099731445,604.950012207,598.5923461914,42787600
SPY,2024-12-05T05:00:00.000Z,607.6599731445,606.6599731445,608.4799804688,606.299987793,597.6071777344,28762200
SPY,2024-12-06T05:00:00.000Z,607.4400024414,607.8099975586,609.0700073242,607.0200195312,598.7400512695,31241500
SPY,2024-12-09T05:00:00.000Z,607.6900024414,604.6799926758,607.8599853516,604.0800170898,595.6567382812,34742700
SPY,2024-12-10T05:00:00.000Z,605.3699951172,602.799987793,605.799987793,602.1300048828,593.8048095703,37234500
SPY,2024-12-11T05:00:00.000Z,605.7800292969,607.4600219727,608.4299926758,605.5,598.3952636719,28677700
SPY,2024-12-12T05:00:00.000Z,606.5800170898,604.3300170898,607.1599731445,604.3300170898,595.3120117188,31543800
SPY,2024-12-13T05:00:00.000Z,606.4000244141,604.2100219727,607.1300048828,602.8099975586,595.1938476562,35904700
SPY,2024-12-16T05:00:00.000Z,606.0,606.7899780273,607.7800292969,605.2100219727,597.7352905273,43695200
SPY,2024-12-17T05:00:00.000Z,604.1900024414,604.2899780273,605.1699829102,602.8900146484,595.2725830078,55773500
SPY,2024-12-18T05:00:00.000Z,603.9799804688,586.2800292969,606.4099731445,585.8900146484,577.5314331055,108248700
SPY,2024-12-19T05:00:00.000Z,591.3599853516,586.0999755859,593.0,585.8499755859,577.3540039062,85919500
SPY,2024-12-20T05:00:00.000Z,581.7700195312,591.1500244141,595.75,580.9099731445,584.2886962891,125716700
SPY,2024-12-23T05:00:00.000Z,590.8900146484,594.6900024414,595.299987793,587.6599731445,587.7875976562,57635800
SPY,2024-12-24T05:00:00.000Z,596.0599975586,601.299987793,601.3400268555,595.4699707031,594.3207397461,33160100
SPY,2024-12-26T05:00:00.000Z,599.5,601.3400268555,602.4799804688,598.0800170898,594.3604125977,41219100
SPY,2024-12-27T05:00:00.000Z,597.5399780273,595.0100097656,597.7800292969,590.7600097656,588.1037597656,64969300
SPY,2024-12-30T05:00:00.000Z,587.8900146484,588.2199707031,591.7399902344,584.4099731445,581.392578125,56578800
SPY,2024-12-31T05:00:00.000Z,589.9099731445,586.0800170898,590.6400146484,584.4199829102,579.2774047852,57052700
SPY,2025-01-02T05:00:00.000Z,589.3900146484,584.6400146484,591.1300048828,580.5,577.8541870117,50204000
SPY,2025-01-03T05:00:00.000Z,587.5300292969,591.950012207,592.5999755859,586.4299926758,585.0793457031,37888500
SPY,2025-01-06T05:00:00.000Z,596.2700195312,595.3599853516,599.700012207,593.5999755859,588.4497070312,47679400
SPY,2025-01-07T05:00:00.000Z,597.4199829102,588.6300048828,597.75,586.7800292969,581.7978515625,60393100
SPY,2025-01-08T05:00:00.000Z,588.700012207,589.4899902344,590.5800170898,585.200012207,582.6478881836,47304700
SPY,2025-01-10T05:00:00.000Z,585.8800048828,580.4899902344,585.950012207,578.549987793,573.7522583008,73105000
SPY,2025-01-13T05:00:00.000Z,575.7700195312,581.3900146484,581.75,575.3499755859,574.6419067383,47910100
SPY,2025-01-14T05:00:00.000Z,584.3599853516,582.1900024414,585.0,578.3499755859,575.4325561523,48420600
SPY,2025-01-15T05:00:00.000Z,590.3300170898,592.7800292969,593.9400024414,589.200012207,585.8997192383,56900200
SPY,2025-01-16T05:00:00.000Z,594.1699829102,591.6400146484,594.3499755859,590.9299926758,584.7729492188,43319700
SPY,2025-01-17T05:00:00.000Z,596.9600219727,597.5800170898,599.3599853516,595.6099853516,590.6440429688,58070600
SPY,2025-01-21T05:00:00.000Z,600.6699829102,603.049987793,603.0599975586,598.6699829102,596.0504150391,42532900
SPY,2025-01-22T05:00:00.000Z,605.9199829102,606.4400024414,607.8200073242,605.3599853516,599.4011230469,48196000
SPY,2025-01-23T05:00:00.000Z,605.799987793,609.75,609.75,605.5200195312,602.6727294922,41152100
SPY,2025-01-24T05:00:00.000Z,609.8099975586,607.9699707031,610.7800292969,606.799987793,600.913269043,34604700
SPY,2025-01-27T05:00:00.000Z,594.8099975586,599.3699951172,599.6900024414,594.6400146484,592.4132080078,70361100
SPY,2025-01-28T05:00:00.000Z,600.6199951172,604.5200195312,605.3699951172,597.25,597.5034790039,44433300
SPY,2025-01-29T05:00:00.000Z,603.7199707031,601.8099975586,604.1300048828,599.2199707031,594.8248901367,37177400
SPY,2025-01-30T05:00:00.000Z,603.9600219727,605.0399780273,606.5999755859,600.7199707031,598.0173339844,39281300
SPY,2025-01-31T05:00:00.000Z,607.5,601.8200073242,609.9600219727,601.049987793,594.8347167969,66566900
SPY,2025-02-03T05:00:00.000Z,592.6699829102,597.7700195312,600.2899780273,590.4899902344,590.8317260742,65857200
SPY,2025-02-04T05:00:00.000Z,597.8300170898,601.7800292969,602.299987793,597.2800292969,594.7951660156,33457800
SPY,2025-02-05T05:00:00.000Z,600.6400146484,604.2199707031,604.3699951172,598.5800170898,597.2068481445,30653100
SPY,2025-02-06T05:00:00.000Z,605.9899902344,606.3200073242,606.450012207,602.6300048828,599.2825927734,35771500
SPY,2025-02-07T05:00:00.000Z,606.8900146484,600.7700195312,608.1300048828,600.049987793,593.7969970703,50788500
SPY,2025-02-10T05:00:00.000Z,604.0300292969,604.8499755859,605.5,602.7399902344,597.8295898438,26048700
SPY,2025-02-11T05:00:00.000Z,602.549987793,605.3099975586,605.8599853516,602.4299926758,598.2843017578,30056700
SPY,2025-02-12T05:00:00.000Z,599.200012207,603.3599853516,604.549987793,598.5100097656,596.3568115234,45076100
SPY,2025-02-13T05:00:00.000Z,604.4799804688,609.7299804688,609.9400024414,603.200012207,602.6528930664,40921300
SPY,2025-02-14T05:00:00.000Z,609.9400024414,609.700012207,610.9899902344,609.0700073242,602.6232910156,26910400
SPY,2025-02-18T05:00:00.000Z,610.8800048828,611.4899902344,611.4899902344,608.3800048828,604.3924560547,26749000
SPY,2025-02-19T05:00:00.000Z,610.0800170898,612.9299926758,613.2299804688,609.5599975586,605.8158569336,31011100
SPY,2025-02-20T05:00:00.000Z,611.5399780273,610.3800048828,611.6799926758,607.0200195312,603.2953491211,36554000
SPY,2025-02-21T05:00:00.000Z,610.1599731445,599.9400024414,610.299987793,599.4699707031,592.9765625,76519800
SPY,2025-02-24T05:00:00.000Z,602.0200195312,597.2100219727,603.0300292969,596.4899902344,590.2783203125,50737200
SPY,2025-02-25T05:00:00.000Z,597.1500244141,594.2399902344,597.8900146484,589.5599975586,587.3427124023,58266500
SPY,2025-02-26T05:00:00.000Z,595.9299926758,594.5399780273,599.5800170898,591.8599853516,587.6392211914,43321600
SPY,2025-02-27T05:00:00.000Z,596.8499755859,585.049987793,598.0200195312,584.6500244141,578.2593994141,74196700
SPY,2025-02-28T05:00:00.000Z,585.5599975586,594.1799926758,594.7199707031,582.4400024414,587.2834472656,88744100
SPY,2025-03-03T05:00:00.000Z,596.1799926758,583.7700195312,597.3400268555,579.9000244141,576.9942626953,74249200
SPY,2025-03-04T05:00:00.000Z,579.7100219727,576.8599853516,585.3900146484,572.25,570.1644897461,109648200
SPY,2025-03-05T05:00:00.000Z,576.6900024414,583.0599975586,584.8800048828,573.0800170898,576.2924804688,71230500
SPY,2025-03-06T05:00:00.000Z,575.4799804688,572.7100219727,580.1699829102,570.1199951172,566.0625610352,80094900
SPY,2025-03-07T05:00:00.000Z,570.9000244141,575.9199829102,577.3900146484,565.6300048828,569.2353515625,81158800
SPY,2025-03-10T04:00:00.000Z,567.5900268555,560.5800170898,569.5399780273,555.5900268555,554.073425293,99326600
SPY,2025-03-11T04:00:00.000Z,559.4000244141,555.9199829102,564.0200195312,552.0200195312,549.4675292969,88102100
SPY,2025-03-12T04:00:00.000Z,562.1699829102,558.8699951172,563.1099853516,553.6900024414,552.3833007812,69588200
SPY,2025-03-13T04:00:00.000Z,558.4899902344,551.4199829102,559.1099853516,549.6799926758,545.0196533203,74079400
SPY,2025-03-14T04:00:00.000Z,556.1099853516,562.8099975586,563.8300170898,551.4899902344,556.2775268555,62660300
SPY,2025-03-17T04:00:00.000Z,562.7899780273,567.1500244141,569.7100219727,562.3499755859,560.567199707,49008700
SPY,2025-03-18T04:00:00.000Z,564.799987793,561.0200195312,565.0200195312,559.0599975586,554.5083007812,66041400
SPY,2025-03-19T04:00:00.000Z,562.8300170898,567.1300048828,570.950012207,561.6300048828,560.5474243164,66556000
SPY,2025-03-20T04:00:00.000Z,563.3300170898,565.4899902344,570.5700073242,562.5999755859,558.9264526367,62958200
SPY,2025-03-21T04:00:00.000Z,559.2800292969,563.9799804688,564.8900146484,558.0300292969,559.1108398438,83763000
SPY,2025-03-24T04:00:00.000Z,570.799987793,574.0800170898,575.1500244141,570.200012207,569.1236572266,58766800
SPY,2025-03-25T04:00:00.000Z,575.299987793,575.4600219727,576.4099731445,573.6900024414,570.4916992188,38355700
SPY,2025-03-26T04:00:00.000Z,575.1900024414,568.5900268555,576.3300170898,567.1900024414,563.6810913086,51848300
SPY,2025-03-27T04:00:00.000Z,567.1799926758,567.0800170898,570.9000244141,564.9400024414,562.1840820312,42164200
SPY,2025-03-28T04:00:00.000Z,565.5300292969,555.6599731445,566.2700195312,555.0700073242,550.8626708984,71662700
SPY,2025-03-31T04:00:00.000Z,549.8300170898,559.3900146484,560.7100219727,546.8699951172,554.5604858398,95328200
SPY,2025-04-01T04:00:00.000Z,557.450012207,560.9699707031,562.9400024414,553.6799926758,556.1268310547,54609600
SPY,2025-04-02T04:00:00.000Z,555.049987793,564.5200195312,567.4199829102,554.8099975586,559.6462402344,76014500
SPY,2025-04-03T04:00:00.000Z,545.1099853516,536.700012207,547.9699707031,536.700012207,532.06640625,125986000
SPY,2025-04-04T04:00:00.000Z,523.6699829102,505.2799987793,525.8699951172,505.0599975586,500.9176330566,217965100
SPY,2025-04-07T04:00:00.000Z,489.1900024414,504.3800048828,523.1699829102,481.799987793,500.025390625,256611400
SPY,2025-04-08T04:00:00.000Z,521.8599853516,496.4800109863,524.9799804688,489.1600036621,492.1936340332,165816600
SPY,2025-04-09T04:00:00.000Z,493.4400024414,548.6199951172,548.6199951172,493.049987793,543.8834838867,241867300
SPY,2025-04-10T04:00:00.000Z,532.1699829102,524.5800170898,533.5,509.3200073242,520.0509643555,162331200
SPY,2025-04-11T04:00:00.000Z,523.0100097656,533.9400024414,536.4299926758,520.0700073242,529.3301391602,97866300
SPY,2025-04-14T04:00:00.000Z,544.049987793,539.1199951172,544.2800292969,533.8599853516,534.4654541016,68034000
SPY,2025-04-15T04:00:00.000Z,539.6699829102,537.6099853516,543.2299804688,536.8099975586,532.9685058594,56892900
SPY,2025-04-16T04:00:00.000Z,531.6799926758,525.6599731445,537.8900146484,520.2899780273,521.1216430664,83484800
SPY,2025-04-17T04:00:00.000Z,527.6400146484,526.4099731445,531.1699829102,523.9099731445,521.8651733398,79868100
SPY,2025-04-21T04:00:00.000Z,521.1599731445,513.8800048828,521.700012207,508.4599914551,509.4433898926,69368100
SPY,2025-04-22T04:00:00.000Z,520.1400146484,527.25,529.299987793,519.1900024414,522.6979370117,75948100
SPY,2025-04-23T04:00:00.000Z,540.4299926758,535.4199829102,545.4299926758,533.8800048828,530.7973632812,90590700
SPY,2025-04-24T04:00:00.000Z,536.7199707031,546.6900024414,547.4299926758,535.450012207,541.9701538086,64150400
SPY,2025-04-25T04:00:00.000Z,546.6500244141,550.6400146484,551.049987793,543.6900024414,545.8860473633,61119600
SPY,2025-04-28T04:00:00.000Z,551.3900146484,550.8499755859,553.549987793,545.0200195312,546.0942382812,47613800
SPY,2025-04-29T04:00:00.000Z,548.9099731445,554.3200073242,555.450012207,548.549987793,549.5342407227,47775100
SPY,2025-04-30T04:00:00.000Z,547.5700073242,554.5399780273,556.5200195312,541.5200195312,549.7523193359,93101500
SPY,2025-05-01T04:00:00.000Z,560.3699951172,558.4699707031,564.0700073242,557.8599853516,553.6483764648,63186100
SPY,2025-05-02T04:00:00.000Z,564.7299804688,566.7600097656,568.3800048828,562.3800048828,561.8668212891,60717300
SPY,2025-05-05T04:00:00.000Z,562.5700073242,563.5100097656,566.6500244141,561.700012207,558.6448364258,38659200
SPY,2025-05-06T04:00:00.000Z,557.9299926758,558.799987793,563.3499755859,556.9600219727,553.9755859375,48264700
SPY,2025-05-07T04:00:00.000Z,560.1500244141,561.1500244141,563.8200073242,556.0399780273,556.3052978516,55588000
SPY,2025-05-08T04:00:00.000Z,565.2399902344,565.0599975586,570.3099975586,561.700012207,560.1815795898,65130800
SPY,2025-05-09T04:00:00.000Z,566.4799804688,564.3400268555,567.5,562.7600097656,559.4677124023,37603400
SPY,2025-05-12T04:00:00.000Z,581.4699707031,582.9899902344,583.0,577.0399780273,577.9567260742,78993600
SPY,2025-05-13T04:00:00.000Z,583.4099731445,586.8400268555,589.0800170898,582.8400268555,581.7734985352,67947200
SPY,2025-05-14T04:00:00.000Z,587.8099975586,587.5900268555,588.9799804688,585.5399780273,582.5170288086,66283500
SPY,2025-05-15T04:00:00.000Z,585.5599975586,590.4600219727,590.9699707031,585.0999755859,585.3622436523,71268100
SPY,2025-05-16T04:00:00.000Z,591.25,594.200012207,594.5,589.2800292969,589.0698852539,76052100
SPY,2025-05-19T04:00:00.000Z,588.0999755859,594.8499755859,595.5399780273,588.0999755859,589.7142944336,68168500
SPY,2025-05-20T04:00:00.000Z,593.0900268555,592.8499755859,594.049987793,589.5999755859,587.7315673828,60614500
SPY,2025-05-21T04:00:00.000Z,588.4400024414,582.8599853516,592.5800170898,581.8200073242,577.8278198242,95197700
SPY,2025-05-22T04:00:00.000Z,582.6599731445,583.0900268555,586.6199951172,581.4099731445,578.0559082031,70860400
SPY,2025-05-23T04:00:00.000Z,575.9799804688,579.1099853516,581.8099975586,575.5999755859,574.110168457,76029000
SPY,2025-05-27T04:00:00.000Z,586.0700073242,591.1500244141,591.3099975586,578.4299926758,586.0463256836,72588500
SPY,2025-05-28T04:00:00.000Z,591.5599975586,587.7299804688,592.7700195312,586.9899902344,582.6558227539,68445500
SPY,2025-05-29T04:00:00.000Z,593.0599975586,590.049987793,593.200012207,586.0700073242,584.9557495117,69973300
SPY,2025-05-30T04:00:00.000Z,588.9299926758,589.3900146484,591.1300048828,583.2399902344,584.3015136719,90601200
SPY,2025-06-02T04:00:00.000Z,587.7600097656,592.7100219727,592.7899780273,585.0599975586,587.5928344727,61630500
SPY,2025-06-03T04:00:00.000Z,592.3400268555,596.0900268555,597.0800170898,591.8499755859,590.9436035156,63606200
SPY,2025-06-04T04:00:00.000Z,596.9600219727,595.9299926758,597.950012207,595.4899902344,590.7850341797,57314200
SPY,2025-06-05T04:00:00.000Z,597.6300048828,593.049987793,599.0,591.049987793,587.9298706055,92278700
SPY,2025-06-06T04:00:00.000Z,598.6599731445,599.1400146484,600.8300170898,596.8599853516,593.9672851562,66588700
SPY,2025-06-09T04:00:00.000Z,599.7199707031,599.6799926758,601.25,598.4899902344,594.5026245117,53016400
SPY,2025-06-10T04:00:00.000Z,600.2199707031,603.0800170898,603.4699707031,599.0900268555,597.8732910156,66247000
SPY,2025-06-11T04:00:00.000Z,604.1900024414,601.3599853516,605.0599975586,599.2700195312,596.1681518555,73658200
SPY,2025-06-12T04:00:00.000Z,600.0100097656,603.75,603.75,599.5200195312,598.5374755859,64129000
SPY,2025-06-13T04:00:00.000Z,598.5,597.0,601.8499755859,595.4799804688,591.845703125,89506000
SPY,2025-06-16T04:00:00.000Z,600.4000244141,602.6799926758,604.450012207,600.2199707031,597.4767456055,79984100
SPY,2025-06-17T04:00:00.000Z,600.2100219727,597.5300292969,601.75,596.7600097656,592.3712158203,82209400
SPY,2025-06-18T04:00:00.000Z,598.4400024414,597.4400024414,601.2199707031,596.4699707031,592.2819824219,76605000
SPY,2025-06-20T04:00:00.000Z,598.3800048828,594.2800292969,599.4600219727,592.8599853516,590.8909912109,94051400
SPY,2025-06-23T04:00:00.000Z,595.0399780273,600.1500244141,600.5399780273,591.8900146484,596.7274780273,87426000
SPY,2025-06-24T04:00:00.000Z,604.3300170898,606.7800292969,607.8499755859,603.4099731445,603.3196411133,67735300
SPY,2025-06-25T04:00:00.000Z,607.9099731445,607.1199951172,608.6099853516,605.5399780273,603.6577148438,62114800
SPY,2025-06-26T04:00:00.000Z,608.9899902344,611.8699951172,612.3099975586,608.3699951172,608.3806152344,78548400
SPY,2025-06-27T04:00:00.000Z,612.8800048828,614.9099731445,616.3900146484,610.8300170898,611.4032592773,86258400
SPY,2025-06-30T04:00:00.000Z,617.3800048828,617.8499755859,619.2199707031,615.0399780273,614.3264770508,92502500
SPY,2025-07-01T04:00:00.000Z,616.3599853516,617.6500244141,618.8300170898,615.5200195312,614.1276855469,70030100
SPY,2025-07-02T04:00:00.000Z,617.2399902344,620.450012207,620.4899902344,616.6099853516,616.9117431641,66510400
SPY,2025-07-03T04:00:00.000Z,622.450012207,625.3400268555,626.2800292969,622.4299926758,621.7738647461,51065800
SPY,2025-07-07T04:00:00.000Z,623.3599853516,620.6799926758,624.0300292969,617.8699951172,617.1403198242,74814500
SPY,2025-07-08T04:00:00.000Z,621.3499755859,620.3400268555,622.1099853516,619.5200195312,616.8023681641,59024600
SPY,2025-07-09T04:00:00.000Z,622.7700195312,624.0599975586,624.7199707031,620.9099731445,620.5010986328,66113300
SPY,2025-07-10T04:00:00.000Z,624.200012207,625.8200073242,626.8699951172,623.0100097656,622.2510375977,57529000
SPY,2025-07-11T04:00:00.000Z,622.7399902344,623.6199951172,624.8599853516,621.5300292969,620.063659668,63670200
SPY,2025-07-14T04:00:00.000Z,623.1599731445,624.8099975586,625.1599731445,621.799987793,621.2468261719,51898500
SPY,2025-07-15T04:00:00.000Z,627.5200195312,622.1400146484,627.8599853516,622.0599975586,618.5920410156,74317300
SPY,2025-07-16T04:00:00.000Z,623.7399902344,624.2199707031,624.7299804688,618.049987793,620.66015625,88987500
SPY,2025-07-17T04:00:00.000Z,624.4000244141,628.0399780273,628.4000244141,624.1799926758,624.4583740234,68885700
SPY,2025-07-18T04:00:00.000Z,629.299987793,627.5800170898,629.4699707031,626.4600219727,624.0010375977,65621600
SPY,2025-07-21T04:00:00.000Z,628.7700195312,628.7700195312,631.5399780273,628.3400268555,625.1842651367,63375000
SPY,2025-07-22T04:00:00.000Z,629.0999755859,628.8599853516,629.7299804688,626.1900024414,625.2737426758,60046300
SPY,2025-07-23T04:00:00.000Z,631.549987793,634.2100219727,634.2100219727,629.7299804688,630.5932006836,70511000
SPY,2025-07-24T04:00:00.000Z,634.5999755859,634.4199829102,636.1500244141,633.9899902344,630.8020019531,71307100
SPY,2025-07-25T04:00:00.000Z,635.0900268555,637.0999755859,637.5800170898,634.8400268555,633.4667358398,56865400
SPY,2025-07-28T04:00:00.000Z,637.4799804688,636.9400024414,638.0399780273,635.5399780273,633.3076782227,54917100
SPY,2025-07-29T04:00:00.000Z,638.3499755859,635.2600097656,638.6699829102,634.3400268555,631.6372680664,60556300
SPY,2025-07-30T04:00:00.000Z,635.9199829102,634.4600219727,637.6799926758,631.5399780273,630.841796875,80418900
SPY,2025-07-31T04:00:00.000Z,639.4600219727,632.0800170898,639.8499755859,630.7700195312,628.4753417969,103385200
SPY,2025-08-01T04:00:00.000Z,626.299987793,621.7199707031,626.3400268555,619.2899780273,618.1743774414,140103600
SPY,2025-08-04T04:00:00.000Z,625.6699829102,631.1699829102,631.2199707031,625.5800170898,627.5705566406,73218000
SPY,2025-08-05T04:00:00.000Z,631.7899780273,627.9699707031,632.6099853516,627.0399780273,624.3887939453,68051400
SPY,2025-08-06T04:00:00.000Z,629.049987793,632.7800292969,633.4400024414,628.1300048828,629.1713867188,64357500
SPY,2025-08-07T04:00:00.000Z,636.2399902344,632.25,636.9799804688,629.1099853516,628.6444091797,74205800
SPY,2025-08-08T04:00:00.000Z,634.0599975586,637.1799926758,637.6500244141,633.7399902344,633.5462646484,64051600
SPY,2025-08-11T04:00:00.000Z,637.4600219727,635.9199829102,638.950012207,634.6599731445,632.2934570312,58742300
SPY,2025-08-12T04:00:00.000Z,638.2899780273,642.6900024414,642.8499755859,636.7899780273,639.0248413086,64730800
SPY,2025-08-13T04:00:00.000Z,644.9099731445,644.8900146484,646.1900024414,642.6799926758,641.2123413086,60092800
SPY,2025-08-14T04:00:00.000Z,642.7899780273,644.950012207,645.6199951172,642.3400268555,641.2719726562,59327500
SPY,2025-08-15T04:00:00.000Z,645.9899902344,643.4400024414,646.0900268555,642.5200195312,639.7705688477,68592500
SPY,2025-08-18T04:00:00.000Z,642.8599853516,643.299987793,644.0,642.1799926758,639.6314086914,43804900
SPY,2025-08-19T04:00:00.000Z,643.1199951172,639.8099975586,644.1099853516,638.4799804688,636.1612548828,69750700
SPY,2025-08-20T04:00:00.000Z,639.4000244141,638.1099853516,639.6599731445,632.950012207,634.4709472656,88890300
SPY,2025-08-21T04:00:00.000Z,636.2800292969,635.549987793,637.9699707031,633.8099975586,631.9255981445,54805800
SPY,2025-08-22T04:00:00.000Z,637.7600097656,645.3099975586,646.5,637.25,641.6299438477,84083200
SPY,2025-08-25T04:00:00.000Z,644.0399780273,642.4699707031,645.2899780273,642.3499755859,638.8060913086,51274300
SPY,2025-08-26T04:00:00.000Z,642.200012207,645.1599731445,645.5100097656,641.5700073242,641.4807739258,51581600
SPY,2025-08-27T04:00:00.000Z,644.5700073242,646.6300048828,647.3699951172,644.4199829102,642.9423828125,48341100
SPY,2025-08-28T04:00:00.000Z,647.2399902344,648.9199829102,649.4799804688,645.3400268555,645.2192993164,61519500
SPY,2025-08-29T04:00:00.000Z,647.4699707031,645.049987793,647.8400268555,643.1400146484,641.3713989258,74522200
SPY,2025-09-02T04:00:00.000Z,637.5,640.2700195312,640.4899902344,634.9199829102,636.6187133789,81983500
SPY,2025-09-03T04:00:00.000Z,642.6699829102,643.7399902344,644.2100219727,640.4600219727,640.0688476562,70820900
SPY,2025-09-04T04:00:00.000Z,644.4199829102,649.1199951172,649.1500244141,643.5100097656,645.4182128906,65219200
SPY,2025-09-05T04:00:00.000Z,651.4799804688,647.2399902344,652.2100219727,643.3300170898,643.5488891602,85178900
SPY,2025-09-08T04:00:00.000Z,648.6199951172,648.8300170898,649.8400268555,647.2299804688,645.1298828125,63133100
SPY,2025-09-09T04:00:00.000Z,648.9699707031,650.3300170898,650.8599853516,647.2199707031,646.6212768555,66133900
SPY,2025-09-10T04:00:00.000Z,653.6199951172,652.2100219727,654.549987793,650.6300048828,648.4905395508,78034500
SPY,2025-09-11T04:00:00.000Z,654.1799926758,657.6300048828,658.3300170898,653.5900268555,653.879699707,69934400
SPY,2025-09-12T04:00:00.000Z,657.5999755859,657.4099731445,659.1099853516,656.9000244141,653.6608276367,72780100
SPY,2025-09-15T04:00:00.000Z,659.6400146484,660.9099731445,661.0399780273,659.3400268555,657.1409301758,63772400
SPY,2025-09-16T04:00:00.000Z,661.4699707031,660.0,661.7800292969,659.2100219727,656.2361450195,61169000
SPY,2025-09-17T04:00:00.000Z,660.0100097656,659.1799926758,661.7199707031,654.299987793,655.4208374023,101952200
SPY,2025-09-18T04:00:00.000Z,661.8900146484,662.2600097656,664.8900146484,660.2700195312,658.483215332,90459200
SPY,2025-09-19T04:00:00.000Z,662.3300170898,663.700012207,664.549987793,660.3699951172,661.7446289062,97945600
SPY,2025-09-22T04:00:00.000Z,662.200012207,666.8400268555,667.2899780273,662.1699829102,664.8753662109,69452200
SPY,2025-09-23T04:00:00.000Z,666.7199707031,663.2100219727,667.3400268555,661.9799804688,661.2561035156,81708900
SPY,2025-09-24T04:00:00.000Z,664.5100097656,661.0999755859,664.6099853516,659.6699829102,659.1522216797,68082200
SPY,2025-09-25T04:00:00.000Z,657.9400024414,658.049987793,659.4099731445,654.4099731445,656.1112670898,89622100
SPY,2025-09-26T04:00:00.000Z,659.5100097656,661.8200073242,662.3699951172,657.8800048828,659.8701782227,69179200
SPY,2025-09-29T04:00:00.000Z,664.3599853516,663.6799926758,665.2800292969,661.8599853516,661.7246704102,73499000
SPY,2025-09-30T04:00:00.000Z,662.9299926758,666.1799926758,666.6500244141,661.6099853516,664.2172851562,86288000
SPY,2025-10-01T04:00:00.000Z,663.1699829102,668.450012207,669.3699951172,663.0599975586,666.4806518555,72545400
SPY,2025-10-02T04:00:00.000Z,670.450012207,669.2199707031,670.5700073242,666.7800292969,667.2482910156,56896000
SPY,2025-10-03T04:00:00.000Z,669.9899902344,669.2100219727,672.6799926758,668.1599731445,667.2384033203,70494400
SPY,2025-10-06T04:00:00.000Z,671.6199951172,671.6099853516,672.5100097656,669.4600219727,669.6312866211,54623300
SPY,2025-10-07T04:00:00.000Z,672.5399780273,669.1199951172,672.9899902344,667.6699829102,667.1486206055,72020100
SPY,2025-10-08T04:00:00.000Z,670.25,673.1099853516,673.2100219727,669.4199829102,671.1268920898,60702200
SPY,2025-10-09T04:00:00.000Z,673.5300292969,671.1599731445,673.9400024414,669.2100219727,669.1826171875,66501900
SPY,2025-10-10T04:00:00.000Z,672.1300048828,653.0200195312,673.950012207,652.8400268555,651.0960693359,159422600
SPY,2025-10-13T04:00:00.000Z,660.6500244141,663.0399780273,665.1300048828,659.7700195312,661.0865478516,79560500
SPY,2025-10-14T04:00:00.000Z,657.1699829102,662.2299804688,665.8300170898,653.1699829102,660.2789306641,88779600
SPY,2025-10-15T04:00:00.000Z,666.8200073242,665.1699829102,670.2299804688,658.9299926758,663.2102661133,81702600
SPY,2025-10-16T04:00:00.000Z,666.8200073242,660.6400146484,668.7100219727,657.1099853516,658.6936645508,110563300
SPY,2025-10-17T04:00:00.000Z,659.5,664.3900146484,665.7600097656,658.1400146484,662.4326171875,96500900
SPY,2025-10-20T04:00:00.000Z,667.3200073242,671.299987793,672.2100219727,667.2700195312,669.3222045898,60493400
SPY,2025-10-21T04:00:00.000Z,671.4400024414,671.2899780273,672.9899902344,669.9799804688,669.3121948242,56249000
SPY,2025-10-22T04:00:00.000Z,672.0,667.799987793,672.0,663.299987793,665.8325195312,80564000
SPY,2025-10-23T04:00:00.000Z,668.1199951172,671.7600097656,672.7100219727,667.799987793,669.7808837891,65604500
SPY,2025-10-24T04:00:00.000Z,676.4600219727,677.25,678.4699707031,675.6500244141,675.254699707,74356500
SPY,2025-10-27T04:00:00.000Z,682.7299804688,685.2399902344,685.5399780273,682.1199951172,683.2211303711,63339800
SPY,2025-10-28T04:00:00.000Z,687.049987793,687.0599975586,688.9099731445,684.8300170898,685.0357666016,61738100
SPY,2025-10-29T04:00:00.000Z,688.7199707031,687.3900146484,689.700012207,682.8699951172,685.3648071289,85657100
SPY,2025-10-30T04:00:00.000Z,683.9000244141,679.8300170898,685.9400024414,679.8300170898,677.8270874023,76335800
SPY,2025-10-31T04:00:00.000Z,685.0399780273,682.0599975586,685.0800170898,679.2399902344,680.0505371094,87164100
SPY,2025-11-03T05:00:00.000Z,685.6699829102,683.3400268555,685.799987793,679.9400024414,681.3267822266,57315000
SPY,2025-11-04T05:00:00.000Z,676.1099853516,675.2399902344,679.9600219727,674.5800170898,673.2506103516,78427000
SPY,2025-11-05T05:00:00.000Z,674.9799804688,677.5800170898,680.8599853516,674.1699829102,675.5837402344,74402400
SPY,2025-11-06T05:00:00.000Z,676.4699707031,670.3099975586,677.3800048828,668.7199707031,668.335144043,85035300
SPY,2025-11-07T05:00:00.000Z,667.9099731445,670.9699707031,671.0800170898,661.2100219727,668.9931640625,100592400
SPY,2025-11-10T05:00:00.000Z,677.2399902344,681.4400024414,682.1799926758,675.0300292969,679.4323730469,75842900
SPY,2025-11-11T05:00:00.000Z,679.950012207,683.0,683.5700073242,678.7299804688,680.9877319336,58953400
SPY,2025-11-12T05:00:00.000Z,684.7899780273,683.3800048828,684.9600219727,680.950012207,681.3666381836,62312500
SPY,2025-11-13T05:00:00.000Z,680.5,672.0399780273,680.8599853516,670.5200195312,670.0599975586,103457800
SPY,2025-11-14T05:00:00.000Z,665.3800048828,671.9299926758,675.6599731445,663.2700195312,669.950378418,96846700
SPY,2025-11-17T05:00:00.000Z,669.700012207,665.6699829102,673.7100219727,662.1699829102,663.7088012695,90456100
SPY,2025-11-18T05:00:00.000Z,662.0999755859,660.0800170898,665.1199951172,655.8599853516,658.1353149414,114467500
SPY,2025-11-19T05:00:00.000Z,660.7800292969,662.6300048828,667.3400268555,658.75,660.6777954102,94703000
SPY,2025-11-20T05:00:00.000Z,672.9099731445,652.5300292969,675.5599975586,651.8900146484,650.6075439453,165293500
SPY,2025-11-21T05:00:00.000Z,655.049987793,659.0300292969,664.549987793,650.8499755859,657.0883789062,123956200
SPY,2025-11-24T05:00:00.000Z,662.6900024414,668.7299804688,670.0599975586,661.5900268555,666.759765625,80437900
SPY,2025-11-25T05:00:00.000Z,668.6300048828,675.0200195312,676.2100219727,664.4799804688,673.03125,81077100
SPY,2025-11-26T05:00:00.000Z,677.6300048828,679.6799926758,681.700012207,676.7199707031,677.6775512695,71879600
SPY,2025-11-28T05:00:00.000Z,680.8599853516,683.3900146484,683.6699829102,680.5,681.3765869141,49212000
SPY,2025-12-01T05:00:00.000Z,678.8099975586,680.2700195312,682.9899902344,678.7399902344,678.2658081055,61201200
SPY,2025-12-02T05:00:00.000Z,681.9199829102,681.5300292969,683.8200073242,679.3300170898,679.5220947266,62953800
SPY,2025-12-03T05:00:00.000Z,680.5700073242,683.8900146484,684.9099731445,679.6900024414,681.8751220703,57238500
SPY,2025-12-04T05:00:00.000Z,685.299987793,684.3900146484,685.3699951172,681.3400268555,682.3736572266,61970300
SPY,2025-12-05T05:00:00.000Z,685.4699707031,685.6900024414,688.3900146484,684.5800170898,683.6697998047,79241000
SPY,2025-12-08T05:00:00.000Z,686.5900268555,683.6300048828,686.6400146484,681.5700073242,681.6159057617,55231500
SPY,2025-12-09T05:00:00.000Z,683.1500244141,683.0399780273,685.3900146484,682.5900268555,681.0275878906,58310100
SPY,2025-12-10T05:00:00.000Z,682.5599975586,687.5700073242,688.9699707031,681.3099975586,685.5443115234,85671300
SPY,2025-12-11T05:00:00.000Z,685.1400146484,689.1699829102,689.25,682.1699829102,687.1395263672,86173700
SPY,2025-12-12T05:00:00.000Z,688.1699829102,681.7600097656,688.8800048828,679.1699829102,679.7514038086,113160300
SPY,2025-12-15T05:00:00.000Z,685.7399902344,680.7299804688,685.7600097656,679.25,678.7244262695,90811000
SPY,2025-12-16T05:00:00.000Z,679.2299804688,678.8699951172,681.0800170898,674.9799804688,676.869934082,122030600
SPY,2025-12-17T05:00:00.000Z,679.8900146484,671.4000244141,680.4400024414,671.200012207,669.4219360352,110625200
SPY,2025-12-18T05:00:00.000Z,677.5999755859,676.4699707031,680.7399902344,674.9000244141,674.4769287109,108650100
SPY,2025-12-19T05:00:00.000Z,676.5900268555,680.5900268555,681.0900268555,676.4699707031,680.5900268555,103599500
SPY,2025-12-22T05:00:00.000Z,683.9400024414,684.8300170898,685.3599853516,680.5900268555,684.8300170898,69556700
SPY,2025-12-23T05:00:00.000Z,683.9199829102,687.9600219727,688.200012207,683.8699951172,687.9600219727,64840000
SPY,2025-12-24T05:00:00.000Z,687.950012207,690.3800048828,690.8300170898,687.799987793,690.3800048828,39445600
SPY,2025-12-26T05:00:00.000Z,690.6400146484,690.3099975586,691.6599731445,689.2700195312,690.3099975586,41613300
SPY,2025-12-29T05:00:00.000Z,687.5399780273,687.8499755859,689.200012207,686.0700073242,687.8499755859,62559500
SPY,2025-12-30T05:00:00.000Z,687.450012207,687.0100097656,688.5599975586,686.5800170898,687.0100097656,47160700
SPY,2025-12-31T05:00:00.000Z,687.1400146484,681.9199829102,687.3599853516,681.7100219727,681.9199829102,74144800
SPY,2026-01-02T05:00:00.000Z,685.7100219727,683.1699829102,686.8699951172,679.8200073242,683.1699829102,89377200
SPY,2026-01-05T05:00:00.000Z,686.5399780273,687.7199707031,689.4299926758,686.3800048828,687.7199707031,71927200
SPY,2026-01-06T05:00:00.000Z,687.9299926758,691.8099975586,692.3200073242,687.7800292969,691.8099975586,69273800
SPY,2026-01-07T05:00:00.000Z,692.1900024414,689.5800170898,693.9600219727,689.3200073242,689.5800170898,75588300
SPY,2026-01-08T05:00:00.000Z,688.8200073242,689.5100097656,690.6199951172,687.4899902344,689.5100097656,64019200
SPY,2026-01-09T05:00:00.000Z,690.6300048828,694.0700073242,695.3099975586,689.1799926758,694.0700073242,80049600
QQQ,2024-01-10T05:00:00.000Z,406.0700073242,408.5,409.5199890137,405.1700134277,404.0376281738,33962800
QQQ,2024-01-11T05:00:00.000Z,409.7900085449,409.3500061035,411.200012207,404.2399902344,404.8783569336,54536200
QQQ,2024-01-12T05:00:00.000Z,410.3999938965,409.5599975586,411.25,408.1499938965,405.0860290527,39595000
QQQ,2024-01-16T05:00:00.000Z,408.3099975586,409.5199890137,411.1199951172,406.8299865723,405.0465087891,43903000
QQQ,2024-01-17T05:00:00.000Z,406.1700134277,407.2099914551,407.5899963379,402.9200134277,402.76171875,54386000
QQQ,2024-01-18T05:00:00.000Z,410.5199890137,412.9899902344,413.5799865723,409.1600036621,408.4786071777,59562500
QQQ,2024-01-19T05:00:00.000Z,415.2200012207,421.1799926758,421.3399963379,414.6300048828,416.5791015625,70325100
QQQ,2024-01-22T05:00:00.000Z,423.4100036621,421.7300109863,424.7300109863,421.1199951172,417.1231689453,44880600
QQQ,2024-01-23T05:00:00.000Z,422.4299926758,423.4800109863,423.700012207,420.5700073242,418.8539733887,33003800
QQQ,2024-01-24T05:00:00.000Z,427.4400024414,425.8299865723,429.8500061035,425.3299865723,421.178314209,46948000
QQQ,2024-01-25T05:00:00.000Z,428.3599853516,426.3500061035,429.0400085449,423.9800109863,421.6926574707,44367200
QQQ,2024-01-26T05:00:00.000Z,424.4400024414,423.8099975586,426.2099914551,423.1499938965,419.1803894043,37137000
QQQ,2024-01-29T05:00:00.000Z,424.2699890137,428.1499938965,428.3500061035,423.6099853516,423.4729919434,38694700
QQQ,2024-01-30T05:00:00.000Z,427.1000061035,425.299987793,427.6799926758,424.3800048828,420.6541137695,36739000
QQQ,2024-01-31T05:00:00.000Z,420.8500061035,416.9700012207,422.8699951172,416.7900085449,412.4151306152,64010600
QQQ,2024-02-01T05:00:00.000Z,418.7900085449,421.8800048828,422.3800048828,417.8099975586,417.271484375,51008600
QQQ,2024-02-02T05:00:00.000Z,423.799987793,429.0100097656,430.2399902344,422.7900085449,424.3235778809,59602400
QQQ,2024-02-05T05:00:00.000Z,429.0700073242,428.450012207,429.6099853516,425.0,423.769744873,39889200
QQQ,2024-02-06T05:00:00.000Z,429.6099853516,427.5899963379,430.2200012207,425.2200012207,422.919128418,35846100
QQQ,2024-02-07T05:00:00.000Z,430.4100036621,431.9899902344,432.8299865723,429.0899963379,427.2710266113,37712700
QQQ,2024-02-08T05:00:00.000Z,432.1099853516,432.7900085449,433.5599975586,431.4200134277,428.0623474121,29889900
QQQ,2024-02-09T05:00:00.000Z,433.9400024414,437.049987793,437.8500061035,433.1400146484,432.2757873535,36943900
QQQ,2024-02-12T05:00:00.000Z,436.9400024414,435.3399963379,439.1400146484,434.6499938965,430.5844116211,33203300
QQQ,2024-02-13T05:00:00.000Z,427.2799987793,428.549987793,431.2699890137,425.3299865723,423.8686218262,64491700
QQQ,2024-02-14T05:00:00.000Z,431.2600097656,433.2200012207,433.6499938965,428.8800048828,428.4876098633,45092700
QQQ,2024-02-15T05:00:00.000Z,433.9200134277,434.5100097656,434.9800109863,431.3299865723,429.7635192871,38796100
QQQ,2024-02-16T05:00:00.000Z,434.8900146484,430.5700073242,434.9899902344,429.8500061035,425.8665771484,53716500
QQQ,2024-02-20T05:00:00.000Z,428.549987793,427.3200073242,430.0799865723,423.5,422.6520690918,53999500
QQQ,2024-02-21T05:00:00.000Z,424.549987793,425.6099853516,425.700012207,421.6300048828,420.960723877,49779000
QQQ,2024-02-22T05:00:00.000Z,434.4899902344,438.0700073242,439.1199951172,433.7099914551,433.2846069336,53887800
QQQ,2024-02-23T05:00:00.000Z,439.6499938965,436.7799987793,440.5899963379,435.7900085449,432.0087585449,39853900
QQQ,2024-02-26T05:00:00.000Z,437.6000061035,436.549987793,438.6000061035,436.3599853516,431.7812194824,33043200
QQQ,2024-02-27T05:00:00.000Z,437.6700134277,437.6000061035,437.9899902344,435.0299987793,432.8197937012,33713200
QQQ,2024-02-28T05:00:00.000Z,435.4299926758,435.2699890137,436.6700134277,434.299987793,430.5151977539,32938800
QQQ,2024-02-29T05:00:00.000Z,438.2300109863,439.0,440.0899963379,435.0199890137,434.2044372559,42495200
QQQ,2024-03-01T05:00:00.000Z,439.8999938965,445.6099853516,446.5799865723,439.8399963379,440.7422790527,43853000
QQQ,2024-03-04T05:00:00.000Z,445.6099853516,444.0199890137,446.0400085449,443.7699890137,439.1695861816,34325700
QQQ,2024-03-05T05:00:00.000Z,440.9400024414,436.049987793,440.950012207,433.6499938965,431.2866821289,57917100
QQQ,2024-03-06T05:00:00.000Z,440.3200073242,438.7900085449,441.9899902344,436.8900146484,433.9967346191,46234500
QQQ,2024-03-07T05:00:00.000Z,442.4200134277,445.450012207,446.7200012207,440.8599853516,440.5840454102,44526700
QQQ,2024-03-08T05:00:00.000Z,445.8099975586,439.0199890137,448.6400146484,438.3399963379,434.2241821289,72096000
QQQ,2024-03-11T04:00:00.000Z,437.5100097656,437.3900146484,438.6600036621,435.4400024414,432.6120910645,45860000
QQQ,2024-03-12T04:00:00.000Z,439.7300109863,443.6600036621,444.0199890137,436.4599914551,438.8135375977,55300900
QQQ,2024-03-13T04:00:00.000Z,442.6499938965,440.25,442.6700134277,439.1199951172,435.440826416,37928700
QQQ,2024-03-14T04:00:00.000Z,441.5,439.1400146484,442.0299987793,436.3900146484,434.342956543,52195200
QQQ,2024-03-15T04:00:00.000Z,436.0700073242,433.9200134277,438.8699951172,432.7399902344,429.1799926758,73069800
QQQ,2024-03-18T04:00:00.000Z,438.7300109863,437.4800109863,441.0400085449,437.2399902344,433.2732543945,47323800
QQQ,2024-03-19T04:00:00.000Z,435.450012207,438.5700073242,438.9800109863,433.3299865723,434.3527526855,43004100
QQQ,2024-03-20T04:00:00.000Z,439.7799987793,443.7699890137,444.1099853516,438.0599975586,439.502746582,43653500
QQQ,2024-03-21T04:00:00.000Z,448.8800048828,445.8699951172,449.3399963379,445.6700134277,441.5825500488,39345700
QQQ,2024-03-22T04:00:00.000Z,445.3500061035,446.3800048828,447.4899902344,444.4899902344,442.087677002,28253900
QQQ,2024-03-25T04:00:00.000Z,443.549987793,444.7600097656,446.2600097656,442.5400085449,440.483215332,27789200
QQQ,2024-03-26T04:00:00.000Z,446.299987793,443.3200073242,447.2300109863,443.0899963379,439.0570983887,34142000
QQQ,2024-03-27T04:00:00.000Z,446.4400024414,444.8299865723,446.5400085449,441.9299926758,440.5525817871,41359200
QQQ,2024-03-28T04:00:00.000Z,444.7799987793,444.0100097656,445.6400146484,443.6499938965,439.7404785156,36839600
QQQ,2024-04-01T04:00:00.000Z,444.9700012207,444.950012207,447.5299987793,443.0199890137,440.6713867188,38729000
QQQ,2024-04-02T04:00:00.000Z,440.0799865723,441.1099853516,441.4299926758,438.0299987793,436.8683166504,44259700
QQQ,2024-04-03T04:00:00.000Z,438.9599914551,442.1000061035,444.0,438.950012207,437.848815918,39949800
QQQ,2024-04-04T04:00:00.000Z,446.3299865723,435.3399963379,446.950012207,435.1099853516,431.1538085938,57267700
QQQ,2024-04-05T04:00:00.000Z,436.7799987793,440.4700012207,443.1700134277,435.9599914551,436.2344665527,54744600
QQQ,2024-04-08T04:00:00.000Z,441.4100036621,440.6000061035,442.5,439.200012207,436.3633117676,28144900
QQQ,2024-04-09T04:00:00.000Z,442.9599914551,442.2300109863,443.2399902344,437.4400024414,437.9775695801,39443600
QQQ,2024-04-10T04:00:00.000Z,437.0,438.3699951172,439.2399902344,436.2799987793,434.1546936035,61502200
QQQ,2024-04-11T04:00:00.000Z,440.2600097656,445.3699951172,446.3299865723,437.9599914551,441.0873413086,45474600
QQQ,2024-04-12T04:00:00.000Z,441.1000061035,438.2699890137,442.2399902344,436.8800048828,434.0556335449,53665000
QQQ,2024-04-15T04:00:00.000Z,442.0599975586,431.0599975586,442.1499938965,430.2099914551,426.9149780273,63453600
QQQ,2024-04-16T04:00:00.000Z,430.8999938965,431.1000061035,433.7600097656,429.700012207,426.9546203613,47619000
QQQ,2024-04-17T04:00:00.000Z,433.1000061035,425.8399963379,433.1199951172,424.8999938965,421.7451477051,56880500
QQQ,2024-04-18T04:00:00.000Z,426.4899902344,423.4100036621,428.2399902344,422.8299865723,419.3385314941,46549400
QQQ,2024-04-19T04:00:00.000Z,422.2200012207,414.6499938965,422.75,413.0700073242,410.6627807617,75231000
QQQ,2024-04-22T04:00:00.000Z,417.3099975586,418.8200073242,421.1799926758,413.9400024414,414.7927246094,47807700
QQQ,2024-04-23T04:00:00.000Z,420.7699890137,425.0700073242,426.2799987793,418.8699951172,420.9825439453,44384700
QQQ,2024-04-24T04:00:00.000Z,428.200012207,426.5100097656,429.7300109863,424.200012207,422.4087524414,48440300
QQQ,2024-04-25T04:00:00.000Z,419.2399902344,424.450012207,425.3200073242,418.1400146484,420.3684997559,57392200
QQQ,2024-04-26T04:00:00.000Z,427.6199951172,431.0,432.549987793,426.9200134277,426.8555297852,41874900
QQQ,2024-04-29T04:00:00.000Z,433.1300048828,432.75,433.7600097656,429.9800109863,428.5887451172,30022200
QQQ,2024-04-30T04:00:00.000Z,431.1499938965,424.5899963379,432.5599975586,424.5100097656,420.5072021484,43665900
QQQ,2024-05-01T04:00:00.000Z,423.1499938965,421.5199890137,430.1400146484,420.6600036621,417.4666748047,52251700
QQQ,2024-05-02T04:00:00.000Z,425.299987793,426.8999938965,427.8099975586,420.6300048828,422.7949829102,36559000
QQQ,2024-05-03T04:00:00.000Z,434.4400024414,435.4800109863,436.4800109863,432.6199951172,431.2924804688,48515300
QQQ,2024-05-06T04:00:00.000Z,437.299987793,440.25,440.3399963379,436.5199890137,436.0166320801,30227200
QQQ,2024-05-07T04:00:00.000Z,440.700012207,440.3200073242,441.9700012207,439.5799865723,436.0859069824,30996100
QQQ,2024-05-08T04:00:00.000Z,437.6700134277,440.0599975586,441.4800109863,437.549987793,435.8284301758,24896700
QQQ,2024-05-09T04:00:00.000Z,440.3299865723,441.0199890137,441.6000061035,438.4599914551,436.7791748047,24580100
QQQ,2024-05-10T04:00:00.000Z,442.5400085449,442.0599975586,444.3099975586,440.5,437.809173584,27116600
QQQ,2024-05-13T04:00:00.000Z,443.9899902344,443.0799865723,444.0899963379,441.6499938965,438.8193969727,22994200
QQQ,2024-05-14T04:00:00.000Z,442.6499938965,445.9299926758,446.4700012207,442.4599914551,441.641998291,34478300
QQQ,2024-05-15T04:00:00.000Z,448.4299926758,452.8999938965,453.1499938965,446.8999938965,448.5449523926,41464700
QQQ,2024-05-16T04:00:00.000Z,452.7099914551,451.9800109863,454.6900024414,451.8099975586,447.6338195801,34780400
QQQ,2024-05-17T04:00:00.000Z,452.1099853516,451.7600097656,452.7200012207,449.5400085449,447.4159545898,35803700
QQQ,2024-05-20T04:00:00.000Z,451.9800109863,454.9100036621,455.5799865723,451.7900085449,450.5356140137,24474200
QQQ,2024-05-21T04:00:00.000Z,453.0400085449,455.799987793,455.9899902344,452.8399963379,451.4170532227,23167700
QQQ,2024-05-22T04:00:00.000Z,456.0599975586,455.7099914551,456.8200073242,453.0799865723,451.3279418945,25120000
QQQ,2024-05-23T04:00:00.000Z,460.549987793,453.6600036621,460.5799865723,451.8500061035,449.2976074219,40899200
QQQ,2024-05-24T04:00:00.000Z,455.2900085449,457.950012207,459.2300109863,453.5700073242,453.5463867188,29669500
QQQ,2024-05-28T04:00:00.000Z,459.1799926758,459.6799926758,459.7399902344,456.6900024414,455.2597045898,26216800
QQQ,2024-05-29T04:00:00.000Z,455.4800109863,456.4400024414,458.2399902344,455.3399963379,452.0509033203,29739200
QQQ,2024-05-30T04:00:00.000Z,455.5,451.549987793,455.6400146484,450.2099914551,447.2079467773,30536800
QQQ,2024-05-31T04:00:00.000Z,451.7799987793,450.7099914551,452.4800109863,443.0599975586,446.3760070801,55941300
QQQ,2024-06-03T04:00:00.000Z,454.5700073242,453.1300048828,455.5799865723,447.8999938965,448.7727355957,32997500
QQQ,2024-06-04T04:00:00.000Z,452.8699951172,454.3699951172,455.5799865723,451.1300048828,450.000793457,23767400
QQQ,2024-06-05T04:00:00.000Z,457.9800109863,463.5299987793,463.6099853516,454.4100036621,459.0727539062,33817400
QQQ,2024-06-06T04:00:00.000Z,464.2200012207,463.3699951172,464.5400085449,462.1900024414,458.914276123,21966800
QQQ,2024-06-07T04:00:00.000Z,463.0,462.9599914551,465.7399902344,461.8399963379,458.5082702637,25829700
QQQ,2024-06-10T04:00:00.000Z,461.8200073242,464.8299865723,465.1900024414,461.5299987793,460.3602294922,20660800
QQQ,2024-06-11T04:00:00.000Z,463.5400085449,468.0199890137,468.1400146484,462.0299987793,463.5195617676,22053300
QQQ,2024-06-12T04:00:00.000Z,471.9899902344,474.1499938965,476.5,471.2900085449,469.5905761719,34532600
QQQ,2024-06-13T04:00:00.000Z,477.7200012207,476.7200012207,478.3900146484,474.4200134277,472.1359558105,25859000
QQQ,2024-06-14T04:00:00.000Z,476.5199890137,479.1900024414,479.2600097656,476.049987793,474.5821228027,23372600
QQQ,2024-06-17T04:00:00.000Z,479.4599914551,485.0599975586,486.8599853516,478.1400146484,480.395690918,37054500
QQQ,2024-06-18T04:00:00.000Z,485.0100097656,485.2099914551,485.8999938965,483.4299926758,480.5442504883,24438600
QQQ,2024-06-20T04:00:00.000Z,486.4200134277,481.4700012207,486.8399963379,479.6199951172,476.8402099609,33918700
QQQ,2024-06-21T04:00:00.000Z,481.1900024414,480.1799926758,482.5400085449,478.6700134277,475.5626220703,37456800
QQQ,2024-06-24T04:00:00.000Z,478.1799926758,473.9599914551,479.9299926758,473.8200073242,470.1485290527,37751000
QQQ,2024-06-25T04:00:00.000Z,476.0700073242,479.3800048828,479.6799926758,475.1199951172,475.5249023438,29014700
QQQ,2024-06-26T04:00:00.000Z,478.549987793,480.3699951172,480.9200134277,478.1300048828,476.5069885254,22737100
QQQ,2024-06-27T04:00:00.000Z,480.1199951172,481.6099853516,483.1000061035,479.299987793,477.7369995117,26222100
QQQ,2024-06-28T04:00:00.000Z,482.4100036621,479.1099853516,487.200012207,478.4599914551,475.2571105957,34881600
QQQ,2024-07-01T04:00:00.000Z,480.0400085449,481.9200134277,482.4899902344,476.2600097656,478.0445251465,24898300
QQQ,2024-07-02T04:00:00.000Z,480.4100036621,486.9800109863,487.0400085449,480.2799987793,483.0638427734,26723600
QQQ,2024-07-03T04:00:00.000Z,486.2200012207,491.0400085449,491.1700134277,486.2200012207,487.0911865234,18064900
QQQ,2024-07-05T04:00:00.000Z,491.8900146484,496.1600036621,496.6000061035,491.5899963379,492.1700134277,28495900
QQQ,2024-07-08T04:00:00.000Z,496.5299987793,497.3399963379,497.8999938965,495.5,493.3405151367,22109400
QQQ,2024-07-09T04:00:00.000Z,498.8699951172,497.7699890137,500.0,496.2399902344,493.7670593262,25614500
QQQ,2024-07-10T04:00:00.000Z,499.7099914551,502.9599914551,503.5199890137,498.3900146484,498.9152832031,28046900
QQQ,2024-07-11T04:00:00.000Z,503.0700073242,491.9299926758,503.2799987793,490.7300109863,487.974029541,49966600
QQQ,2024-07-12T04:00:00.000Z,492.5100097656,494.8200073242,499.6199951172,492.0400085449,490.8407897949,37109400
QQQ,2024-07-15T04:00:00.000Z,496.6099853516,496.1499938965,501.0100097656,494.0899963379,492.1600646973,31151400
QQQ,2024-07-16T04:00:00.000Z,497.6199951172,496.3399963379,498.4400024414,493.1499938965,492.3485717773,25950600
QQQ,2024-07-17T04:00:00.000Z,488.2799987793,481.7699890137,488.799987793,481.700012207,477.8957214355,56268800
QQQ,2024-07-18T04:00:00.000Z,485.5299987793,479.4899902344,485.7099914551,476.2699890137,475.6340637207,49347400
QQQ,2024-07-19T04:00:00.000Z,479.1499938965,475.2399902344,481.6900024414,473.9400024414,471.4182128906,42042900
QQQ,2024-07-22T04:00:00.000Z,481.1600036621,482.3200073242,483.3500061035,477.7099914551,478.4412841797,40300000
QQQ,2024-07-23T04:00:00.000Z,481.4100036621,480.6199951172,484.4299926758,480.1400146484,476.7549438477,23282500
QQQ,2024-07-24T04:00:00.000Z,473.8200073242,463.3800048828,474.1900024414,462.5100097656,459.6536254883,58818600
QQQ,2024-07-25T04:00:00.000Z,463.7200012207,458.2699890137,467.9400024414,455.6300048828,454.5846862793,59256800
QQQ,2024-07-26T04:00:00.000Z,462.6499938965,462.9700012207,465.9299926758,459.7699890137,459.2469177246,39992100
QQQ,2024-07-29T04:00:00.000Z,465.7099914551,463.8999938965,467.9100036621,461.6199951172,460.1694030762,28218500
QQQ,2024-07-30T04:00:00.000Z,465.8500061035,457.5299987793,466.5599975586,454.1499938965,453.8506469727,41317200
QQQ,2024-07-31T04:00:00.000Z,467.8699951172,471.0700073242,472.7900085449,466.4100036621,467.2817993164,44552100
QQQ,2024-08-01T04:00:00.000Z,471.7600097656,459.6600036621,475.549987793,455.9800109863,455.9635009766,56653900
QQQ,2024-08-02T04:00:00.000Z,450.8900146484,448.75,453.5700073242,444.4700012207,445.1412658691,66323200
QQQ,2024-08-05T04:00:00.000Z,424.7099914551,435.3699951172,442.2900085449,423.450012207,431.8688354492,87483500
QQQ,2024-08-06T04:00:00.000Z,437.2300109863,439.5299987793,447.0700073242,434.5599975586,435.9954223633,63164400
QQQ,2024-08-07T04:00:00.000Z,446.4899902344,434.7699890137,449.0,434.3699951172,431.2736816406,54929200
QQQ,2024-08-08T04:00:00.000Z,441.0599975586,448.0700073242,448.9899902344,437.1499938965,444.4667663574,47890100
QQQ,2024-08-09T04:00:00.000Z,446.7399902344,450.4100036621,452.0599975586,445.6099853516,446.787902832,33574000
QQQ,2024-08-12T04:00:00.000Z,451.3900146484,451.3800048828,454.3699951172,448.549987793,447.7501525879,27795000
QQQ,2024-08-13T04:00:00.000Z,455.8200073242,462.5799865723,462.8500061035,455.6799926758,458.8600158691,40084500
QQQ,2024-08-14T04:00:00.000Z,463.5100097656,462.7300109863,465.1099853516,458.3999938965,459.0088195801,34733700
QQQ,2024-08-15T04:00:00.000Z,468.7600097656,474.4200134277,474.8200073242,468.3800048828,470.604888916,38280600
QQQ,2024-08-16T04:00:00.000Z,472.6199951172,475.0299987793,476.4100036621,471.6499938965,471.2099609375,38383600
QQQ,2024-08-19T04:00:00.000Z,475.1700134277,481.2699890137,481.3099975586,473.3699951172,477.3997497559,23737700
QQQ,2024-08-20T04:00:00.000Z,480.3500061035,480.2600097656,482.9400024414,478.549987793,476.397857666,29209300
QQQ,2024-08-21T04:00:00.000Z,481.049987793,482.5,484.3699951172,479.3200073242,478.6198425293,25658800
QQQ,2024-08-22T04:00:00.000Z,484.8399963379,474.8500061035,485.5400085449,473.8099975586,471.0313720703,37739600
QQQ,2024-08-23T04:00:00.000Z,479.2399902344,480.0,482.7399902344,475.2799987793,476.1399536133,36061500
QQQ,2024-08-26T04:00:00.000Z,479.450012207,475.3399963379,480.3800048828,473.2399902344,471.5174255371,27452600
QQQ,2024-08-27T04:00:00.000Z,473.6900024414,476.7600097656,477.8399963379,471.7099914551,472.925994873,27510000
QQQ,2024-08-28T04:00:00.000Z,476.2900085449,471.3500061035,477.0199890137,467.8900146484,467.5594787598,37372400
QQQ,2024-08-29T04:00:00.000Z,473.2799987793,470.6600036621,477.9299926758,469.3699951172,466.8750915527,41081500
QQQ,2024-08-30T04:00:00.000Z,475.0400085449,476.2699890137,476.8999938965,470.5100097656,472.4399414062,33466500
QQQ,2024-09-03T04:00:00.000Z,473.200012207,461.8099975586,473.3299865723,459.4100036621,458.0962524414,44985200
QQQ,2024-09-04T04:00:00.000Z,458.6700134277,460.6099853516,464.450012207,457.7300109863,456.9058532715,32505100
QQQ,2024-09-05T04:00:00.000Z,458.9700012207,461.0400085449,465.3599853516,457.9400024414,457.3324584961,34452400
QQQ,2024-09-06T04:00:00.000Z,460.3299865723,448.6900024414,461.2200012207,448.1900024414,445.0817260742,50624400
QQQ,2024-09-09T04:00:00.000Z,453.0599975586,454.4599914551,455.4599914551,449.8200073242,450.8053283691,32981200
QQQ,2024-09-10T04:00:00.000Z,456.2399902344,458.6600036621,459.1700134277,452.2300109863,454.9715576172,29680300
QQQ,2024-09-11T04:00:00.000Z,459.9100036621,468.6199951172,469.3699951172,451.2799987793,464.8514404297,57843000
QQQ,2024-09-12T04:00:00.000Z,468.6499938965,473.2200012207,474.0400085449,466.8500061035,469.4144897461,40067800
QQQ,2024-09-13T04:00:00.000Z,472.4800109863,475.3399963379,476.5299987793,472.25,471.5174255371,29111800
QQQ,2024-09-16T04:00:00.000Z,473.1900024414,473.2399902344,473.8599853516,469.8900146484,469.4343261719,22585600
QQQ,2024-09-17T04:00:00.000Z,476.2900085449,473.4899902344,477.6000061035,470.9700012207,469.6823120117,30084400
QQQ,2024-09-18T04:00:00.000Z,474.700012207,471.4400024414,478.8299865723,470.8299865723,467.6488037109,39909200
QQQ,2024-09-19T04:00:00.000Z,482.6099853516,483.3599853516,486.2300109863,480.4899902344,479.4729614258,52782500
QQQ,2024-09-20T04:00:00.000Z,482.4899902344,482.4400024414,483.6900024414,478.299987793,478.560333252,34577700
QQQ,2024-09-23T04:00:00.000Z,482.950012207,483.0400085449,484.1400146484,481.6000061035,479.8288574219,24843000
QQQ,2024-09-24T04:00:00.000Z,484.4599914551,485.3699951172,486.3299865723,480.1700134277,482.143371582,25952600
QQQ,2024-09-25T04:00:00.000Z,484.7399902344,485.8200073242,487.7900085449,484.5599975586,482.5903930664,26549900
QQQ,2024-09-26T04:00:00.000Z,493.3699951172,489.4700012207,493.700012207,485.799987793,486.2161254883,32020200
QQQ,2024-09-27T04:00:00.000Z,490.5,486.75,490.6400146484,485.5599975586,483.5142211914,22851100
QQQ,2024-09-30T04:00:00.000Z,485.7799987793,488.0700073242,488.4100036621,482.9200134277,484.8254394531,30281100
QQQ,2024-10-01T04:00:00.000Z,487.700012207,481.2699890137,488.0,477.3999938965,478.0706176758,42735400
QQQ,2024-10-02T04:00:00.000Z,480.3599853516,481.950012207,483.8800048828,477.7200012207,478.74609375,23744000
QQQ,2024-10-03T04:00:00.000Z,479.7399902344,481.5899963379,484.549987793,478.9899902344,478.3884887695,25337200
QQQ,2024-10-04T04:00:00.000Z,487.450012207,487.3200073242,487.8800048828,482.3900146484,484.0804138184,30686600
QQQ,2024-10-07T04:00:00.000Z,485.3900146484,482.1000061035,486.5700073242,480.8699951172,478.8950805664,24975100
QQQ,2024-10-08T04:00:00.000Z,484.6600036621,489.299987793,489.9899902344,483.8500061035,486.0472106934,28272000
QQQ,2024-10-09T04:00:00.000Z,489.0,493.1499938965,493.7300109863,487.950012207,489.8716125488,24995000
QQQ,2024-10-10T04:00:00.000Z,490.8500061035,492.5899963379,494.4700012207,489.5299987793,489.3153381348,25750400
QQQ,2024-10-11T04:00:00.000Z,490.7399902344,493.3599853516,494.3900146484,490.1700134277,490.0802307129,20644500
QQQ,2024-10-14T04:00:00.000Z,495.7699890137,497.5,498.8299865723,495.2600097656,494.1927185059,26060100
QQQ,2024-10-15T04:00:00.000Z,497.8299865723,490.8500061035,498.5,488.6799926758,487.5869445801,34784500
QQQ,2024-10-16T04:00:00.000Z,491.1799926758,490.9100036621,491.6900024414,487.5700073242,487.6465148926,22996800
QQQ,2024-10-17T04:00:00.000Z,496.4400024414,491.25,496.4899902344,491.1900024414,487.9842529297,27210700
QQQ,2024-10-18T04:00:00.000Z,494.0599975586,494.4700012207,495.5700073242,493.299987793,491.1828308105,25335000
QQQ,2024-10-21T04:00:00.000Z,493.25,495.4200134277,496.2300109863,491.3099975586,492.1265563965,30336500
QQQ,2024-10-22T04:00:00.000Z,492.7300109863,495.9599914551,497.450012207,491.9700012207,492.6629333496,26685800
QQQ,2024-10-23T04:00:00.000Z,493.5899963379,488.3599853516,494.25,485.049987793,485.113494873,39346600
QQQ,2024-10-24T04:00:00.000Z,492.1099853516,492.3200073242,493.0,489.4400024414,489.0471801758,22024900
QQQ,2024-10-25T04:00:00.000Z,495.1400146484,495.3200073242,500.2799987793,494.4299926758,492.0272216797,38762100
QQQ,2024-10-28T04:00:00.000Z,498.4599914551,495.3999938965,498.5199890137,495.1000061035,492.1066589355,20477800
QQQ,2024-10-29T04:00:00.000Z,495.7200012207,500.1600036621,501.3500061035,493.8500061035,496.8350524902,28014100
QQQ,2024-10-30T04:00:00.000Z,499.3900146484,496.3800048828,500.3500061035,495.8900146484,493.0801696777,29756000
QQQ,2024-10-31T04:00:00.000Z,492.3800048828,483.8500061035,492.4299926758,483.75,480.6334533691,41245200
QQQ,2024-11-01T04:00:00.000Z,485.5,487.4299926758,490.75,485.200012207,484.189666748,33655800
QQQ,2024-11-04T05:00:00.000Z,486.8200073242,486.0100097656,489.3800048828,484.25,482.7791442871,23291600
QQQ,2024-11-05T05:00:00.000Z,487.6099853516,492.2099914551,492.8800048828,487.5199890137,488.9378662109,24353600
QQQ,2024-11-06T05:00:00.000Z,500.5599975586,505.5799865723,506.4100036621,499.6000061035,502.2189941406,43082200
QQQ,2024-11-07T05:00:00.000Z,508.3999938965,513.5399780273,514.3300170898,508.3399963379,510.1260986328,32853100
QQQ,2024-11-08T05:00:00.000Z,513.0399780273,514.1400146484,514.9199829102,512.4099731445,510.7221069336,22924500
QQQ,2024-11-11T05:00:00.000Z,515.3699951172,513.8400268555,515.5800170898,510.9200134277,510.4241333008,24167500
QQQ,2024-11-12T05:00:00.000Z,513.7700195312,512.9099731445,514.6599731445,509.8299865723,509.5002746582,25835300
QQQ,2024-11-13T05:00:00.000Z,512.4000244141,512.25,514.9799804688,509.950012207,508.8446655273,24567400
QQQ,2024-11-14T05:00:00.000Z,511.9100036621,508.6900024414,512.7899780273,507.7699890137,505.3083190918,28679500
QQQ,2024-11-15T05:00:00.000Z,502.9400024414,496.5700073242,503.3299865723,494.4899902344,493.2689208984,51461100
QQQ,2024-11-18T05:00:00.000Z,498.1300048828,500.0199890137,502.1400146484,496.7300109863,496.6959533691,27080800
QQQ,2024-11-19T05:00:00.000Z,497.4200134277,503.4599914551,503.950012207,497.0799865723,500.1130981445,24523000
QQQ,2024-11-20T05:00:00.000Z,503.1600036621,503.1700134277,503.4800109863,496.5599975586,499.825012207,29565500
QQQ,2024-11-21T05:00:00.000Z,506.2399902344,504.9800109863,506.9599914551,497.5599975586,501.6230163574,34526700
QQQ,2024-11-22T05:00:00.000Z,504.4200134277,505.7900085449,506.5299987793,502.7799987793,502.4276428223,23826600
QQQ,2024-11-25T05:00:00.000Z,509.8999938965,506.5899963379,511.450012207,504.2600097656,503.2222900391,26375200
QQQ,2024-11-26T05:00:00.000Z,508.0799865723,509.3099975586,510.1400146484,507.2300109863,505.9241943359,26557100
QQQ,2024-11-27T05:00:00.000Z,508.1700134277,505.299987793,508.2399902344,501.9299926758,501.9408569336,24957400
QQQ,2024-11-29T05:00:00.000Z,505.9299926758,509.7399902344,510.3399963379,505.3099975586,506.351348877,15334000
QQQ,2024-12-02T05:00:00.000Z,511.0100097656,515.2899780273,516.2600097656,510.6199951172,511.8644104004,25147200
QQQ,2024-12-03T05:00:00.000Z,513.950012207,516.8699951172,517.1500244141,513.3699951172,513.4338378906,18597900
QQQ,2024-12-04T05:00:00.000Z,520.3200073242,523.2600097656,523.5200195312,519.5999755859,519.7814941406,26086200
QQQ,2024-12-05T05:00:00.000Z,523.3099975586,521.8099975586,524.0399780273,521.4199829102,518.3410644531,18169600
QQQ,2024-12-06T05:00:00.000Z,522.4799804688,526.4799804688,526.7199707031,522.3499755859,522.9801025391,23762600
QQQ,2024-12-09T05:00:00.000Z,525.549987793,522.3800048828,526.3499755859,521.2199707031,518.9073486328,20674400
QQQ,2024-12-10T05:00:00.000Z,523.6199951172,520.5999755859,525.3800048828,519.1599731445,517.1391601562,24350000
QQQ,2024-12-11T05:00:00.000Z,525.0,529.9199829102,530.6099853516,524.5900268555,526.3972167969,32168600
QQQ,2024-12-12T05:00:00.000Z,527.6799926758,526.5,528.9600219727,526.0200195312,522.9998779297,23577500
QQQ,2024-12-13T05:00:00.000Z,530.4600219727,530.5300292969,533.1699829102,527.299987793,527.003112793,28780400
QQQ,2024-12-16T05:00:00.000Z,533.0800170898,538.1699829102,539.1500244141,533.0,534.5923461914,31979900
QQQ,2024-12-17T05:00:00.000Z,536.3599853516,535.799987793,537.4799804688,534.1300048828,532.2380371094,28579100
QQQ,2024-12-18T05:00:00.000Z,535.1500244141,516.4699707031,536.8800048828,515.0100097656,513.0366210938,54703200
QQQ,2024-12-19T05:00:00.000Z,521.1900024414,514.1699829102,521.7600097656,513.8300170898,510.7518920898,46441800
QQQ,2024-12-20T05:00:00.000Z,510.4400024414,518.6599731445,524.8200073242,509.2900085449,515.212097168,60530000
QQQ,2024-12-23T05:00:00.000Z,519.549987793,522.8699951172,523.25,516.1300048828,520.2315673828,29672800
QQQ,2024-12-24T05:00:00.000Z,524.8300170898,529.9600219727,530.049987793,524.1900024414,527.2858276367,17558200
QQQ,2024-12-26T05:00:00.000Z,528.3200073242,529.5999755859,531.2399902344,526.3099975586,526.9276733398,19090500
QQQ,2024-12-27T05:00:00.000Z,526.0100097656,522.5599975586,526.450012207,517.8599853516,519.9231567383,33839600
QQQ,2024-12-30T05:00:00.000Z,515.5100097656,515.6099853516,519.3599853516,511.8299865723,513.0082397461,34584000
QQQ,2024-12-31T05:00:00.000Z,516.9000244141,511.2300109863,517.6599731445,510.2600097656,508.6502990723,29117000
QQQ,2025-01-02T05:00:00.000Z,514.299987793,510.2300109863,516.6400146484,505.7099914551,507.6553955078,36389800
QQQ,2025-01-03T05:00:00.000Z,513.3499755859,518.5800170898,519.6500244141,512.5300292969,515.9632568359,29059500
QQQ,2025-01-06T05:00:00.000Z,524.0200195312,524.5399780273,527.9199829102,522.0300292969,521.8931884766,36109700
QQQ,2025-01-07T05:00:00.000Z,525.5900268555,515.1799926758,525.9899902344,513.2800292969,512.5803833008,36690300
QQQ,2025-01-08T05:00:00.000Z,515.0800170898,515.2700195312,516.9199829102,510.5700073242,512.6699829102,30777800
QQQ,2025-01-10T05:00:00.000Z,511.4800109863,507.1900024414,511.5799865723,503.9200134277,504.6307067871,40532500
QQQ,2025-01-13T05:00:00.000Z,501.200012207,505.5599975586,506.0199890137,499.700012207,503.0089416504,31694200
QQQ,2025-01-14T05:00:00.000Z,508.7399902344,505.0799865723,510.1600036621,501.5899963379,502.5313415527,33737200
QQQ,2025-01-15T05:00:00.000Z,513.0300292969,516.700012207,517.8499755859,511.4599914551,514.0927124023,34957600
QQQ,2025-01-16T05:00:00.000Z,518.9799804688,513.0800170898,519.0599975586,512.950012207,510.4909667969,28229000
QQQ,2025-01-17T05:00:00.000Z,522.8499755859,521.7399902344,524.0700073242,513.1099853516,519.1072998047,51837900
QQQ,2025-01-21T05:00:00.000Z,524.4799804688,524.799987793,525.9699707031,520.0599975586,522.1517944336,23628000
QQQ,2025-01-22T05:00:00.000Z,529.5700073242,531.5100097656,533.8200073242,529.2600097656,528.8280029297,33593000
QQQ,2025-01-23T05:00:00.000Z,529.0399780273,532.6400146484,532.7600097656,528.450012207,529.952331543,23096600
QQQ,2025-01-24T05:00:00.000Z,533.0200195312,529.6300048828,533.7899780273,528.1500244141,526.9574584961,19878300
QQQ,2025-01-27T05:00:00.000Z,511.0,514.2100219727,517.9899902344,510.1499938965,511.6152954102,60771700
QQQ,2025-01-28T05:00:00.000Z,515.2199707031,521.8099975586,523.0,511.7799987793,519.176940918,33194200
QQQ,2025-01-29T05:00:00.000Z,522.4600219727,520.8300170898,522.5900268555,516.9000244141,518.201965332,26649000
QQQ,2025-01-30T05:00:00.000Z,523.7100219727,523.049987793,526.0999755859,518.2100219727,520.4107055664,27431300
QQQ,2025-01-31T05:00:00.000Z,526.9199829102,522.2899780273,531.5200195312,521.1900024414,519.6544799805,38755200
QQQ,2025-02-03T05:00:00.000Z,513.4699707031,518.1099853516,520.8499755859,511.049987793,515.4955444336,40580800
QQQ,2025-02-04T05:00:00.000Z,518.6300048828,524.4699707031,525.1099853516,518.2299804688,521.8234863281,26046800
QQQ,2025-02-05T05:00:00.000Z,521.8200073242,526.8499755859,527.0100097656,520.6199951172,524.1914672852,21134100
QQQ,2025-02-06T05:00:00.000Z,527.3599853516,529.5999755859,529.8099975586,525.7399902344,526.9276733398,19434500
QQQ,2025-02-07T05:00:00.000Z,530.1400146484,522.9199829102,532.0999755859,522.1900024414,520.2813110352,29605500
QQQ,2025-02-10T05:00:00.000Z,527.2199707031,529.25,530.3599853516,526.75,526.5793457031,20852800
QQQ,2025-02-11T05:00:00.000Z,525.9600219727,527.9899902344,529.9199829102,525.8300170898,525.3257446289,19325500
QQQ,2025-02-12T05:00:00.000Z,522.299987793,528.299987793,529.1900024414,521.950012207,525.6341552734,25009400
QQQ,2025-02-13T05:00:00.000Z,529.9799804688,535.9000244141,536.2199707031,529.1900024414,533.1958007812,28714800
QQQ,2025-02-14T05:00:00.000Z,536.0100097656,538.1500244141,538.8400268555,535.6699829102,535.4345703125,17862600
QQQ,2025-02-18T05:00:00.000Z,539.7299804688,539.3699951172,540.0,536.0399780273,536.6483154297,20565000
QQQ,2025-02-19T05:00:00.000Z,538.5700073242,539.5200195312,540.8099975586,536.4600219727,536.7976074219,19666900
QQQ,2025-02-20T05:00:00.000Z,538.7299804688,537.2299804688,539.0999755859,532.4600219727,534.5191040039,26550800
QQQ,2025-02-21T05:00:00.000Z,538.3800048828,526.0800170898,538.4000244141,525.7100219727,523.4253540039,47093800
QQQ,2025-02-24T05:00:00.000Z,527.8800048828,519.8699951172,529.0700073242,519.5300292969,517.2467041016,39268400
QQQ,2025-02-25T05:00:00.000Z,519.2399902344,513.3200073242,519.3200073242,509.4400024414,510.7297973633,48940000
QQQ,2025-02-26T05:00:00.000Z,515.5300292969,514.5599975586,519.6599731445,511.3699951172,511.9635314941,34457600
QQQ,2025-02-27T05:00:00.000Z,518.1300048828,500.2699890137,519.0700073242,500.049987793,497.7456359863,52448000
QQQ,2025-02-28T05:00:00.000Z,500.1300048828,508.1700134277,508.7799987793,496.9299926758,505.6057434082,47654000
QQQ,2025-03-03T05:00:00.000Z,511.5199890137,497.049987793,513.0399780273,493.5799865723,494.5418701172,44587200
QQQ,2025-03-04T05:00:00.000Z,494.1799926758,495.549987793,503.7399902344,487.7399902344,493.0494384766,67875400
QQQ,2025-03-05T05:00:00.000Z,496.200012207,502.0100097656,503.6300048828,491.2600097656,499.4768676758,46323700
QQQ,2025-03-06T05:00:00.000Z,493.6900024414,488.200012207,498.5799865723,486.200012207,485.7365722656,57574300
QQQ,2025-03-07T05:00:00.000Z,487.1600036621,491.7900085449,493.2799987793,480.5299987793,489.3084411621,54714700
QQQ,2025-03-10T04:00:00.000Z,483.450012207,472.7300109863,483.9700012207,468.6600036621,470.3446044922,76668000
QQQ,2025-03-11T04:00:00.000Z,472.3500061035,471.6000061035,478.8099975586,467.0100097656,469.2202758789,68760800
QQQ,2025-03-12T04:00:00.000Z,479.1600036621,476.9200134277,481.0599975586,471.7900085449,474.513458252,46971100
QQQ,2025-03-13T04:00:00.000Z,476.25,468.3399963379,476.2799987793,466.4299926758,465.9767456055,46563300
QQQ,2025-03-14T04:00:00.000Z,473.7300109863,479.6600036621,480.5599975586,473.1199951172,477.239654541,43563000
QQQ,2025-03-17T04:00:00.000Z,479.6099853516,482.7699890137,485.8399963379,477.799987793,480.3339233398,41744400
QQQ,2025-03-18T04:00:00.000Z,479.4100036621,474.5400085449,479.6099853516,472.4100036621,472.1454772949,39072300
QQQ,2025-03-19T04:00:00.000Z,476.8099975586,480.8900146484,485.3299865723,474.8699951172,478.463470459,40430300
QQQ,2025-03-20T04:00:00.000Z,476.8800048828,479.2600097656,484.549987793,476.1799926758,476.8416748047,36780500
QQQ,2025-03-21T04:00:00.000Z,474.0799865723,480.8399963379,481.6099853516,472.9100036621,478.4136962891,42234900
QQQ,2025-03-24T04:00:00.000Z,487.7399902344,490.6600036621,491.5100097656,484.3999938965,488.9121704102,34567200
QQQ,2025-03-25T04:00:00.000Z,491.3900146484,493.4599914551,493.6199951172,490.4200134277,491.7021789551,26035200
QQQ,2025-03-26T04:00:00.000Z,492.299987793,484.3800048828,493.1600036621,482.8200073242,482.6545410156,34627100
QQQ,2025-03-27T04:00:00.000Z,482.4100036621,481.6199951172,486.5799865723,480.25,479.9043273926,33469800
QQQ,2025-03-28T04:00:00.000Z,479.8099975586,468.9400024414,480.5199890137,468.049987793,467.26953125,46363800
QQQ,2025-03-31T04:00:00.000Z,461.9200134277,468.9200134277,469.8599853516,457.3299865723,467.2495727539,53000300
QQQ,2025-04-01T04:00:00.000Z,467.299987793,472.700012207,473.6300048828,464.4200134277,471.0161132812,41156200
QQQ,2025-04-02T04:00:00.000Z,466.1199951172,476.1499938965,479.5599975586,465.8599853516,474.4538574219,49894500
QQQ,2025-04-03T04:00:00.000Z,456.4400024414,450.6600036621,460.0700073242,450.1400146484,449.0545959473,70456300
QQQ,2025-04-04T04:00:00.000Z,438.1400146484,422.6700134277,440.3699951172,422.6700134277,421.1643676758,117088400
QQQ,2025-04-07T04:00:00.000Z,408.6600036621,423.6900024414,443.1400146484,402.3900146484,422.1806945801,161557000
QQQ,2025-04-08T04:00:00.000Z,438.1600036621,416.0599975586,443.1400146484,409.7900085449,414.5778808594,101248100
QQQ,2025-04-09T04:00:00.000Z,415.5700073242,466.0,467.8299865723,415.4299926758,464.3399963379,142876900
QQQ,2025-04-10T04:00:00.000Z,453.5599975586,446.1799926758,455.5899963379,432.6300048828,444.5905761719,108384100
QQQ,2025-04-11T04:00:00.000Z,444.6499938965,454.3999938965,455.7900085449,441.3299865723,452.7813110352,52483800
QQQ,2025-04-14T04:00:00.000Z,464.4599914551,457.4800109863,465.049987793,452.6300048828,455.8503417969,43941200
QQQ,2025-04-15T04:00:00.000Z,458.5400085449,457.9899902344,462.3800048828,456.1499938965,456.3585205078,35404200
QQQ,2025-04-16T04:00:00.000Z,449.0299987793,444.1799926758,452.6199951172,437.7600097656,442.5977172852,48980600
QQQ,2025-04-17T04:00:00.000Z,447.1700134277,444.1000061035,447.75,441.3599853516,442.5180053711,44837000
QQQ,2025-04-21T04:00:00.000Z,438.2300109863,433.1099853516,439.0799865723,427.9299926758,431.5671081543,44149300
QQQ,2025-04-22T04:00:00.000Z,438.8200073242,444.4800109863,447.5799865723,437.6199951172,442.8966674805,52304400
QQQ,2025-04-23T04:00:00.000Z,458.1700134277,454.5599975586,463.3800048828,452.8800048828,452.9407348633,55801100
QQQ,2025-04-24T04:00:00.000Z,456.4800109863,467.3500061035,467.6600036621,455.8299865723,465.6851806641,45956100
QQQ,2025-04-25T04:00:00.000Z,466.9700012207,472.5599975586,473.0899963379,465.3900146484,470.8766174316,38697100
QQQ,2025-04-28T04:00:00.000Z,473.0299987793,472.4100036621,474.8099975586,466.0299987793,470.727142334,33550800
QQQ,2025-04-29T04:00:00.000Z,470.1700134277,475.5299987793,476.4200134277,469.5899963379,473.8360290527,30613100
QQQ,2025-04-30T04:00:00.000Z,467.1300048828,475.4700012207,477.200012207,462.4299926758,473.7762451172,46810600
QQQ,2025-05-01T04:00:00.000Z,483.4100036621,481.6799926758,487.1799926758,480.7399902344,479.9641113281,43316500
QQQ,2025-05-02T04:00:00.000Z,486.5400085449,488.8299865723,490.9100036621,484.8299865723,487.0886535645,39218100
QQQ,2025-05-05T04:00:00.000Z,484.6000061035,485.9299926758,489.0299987793,484.1000061035,484.1989746094,28309500
QQQ,2025-05-06T04:00:00.000Z,479.5599975586,481.4100036621,485.049987793,478.1900024414,479.695098877,32786300
QQQ,2025-05-07T04:00:00.000Z,482.0799865723,483.299987793,485.799987793,476.7799987793,481.578338623,38006300
QQQ,2025-05-08T04:00:00.000Z,488.5299987793,488.2900085449,492.700012207,484.1700134277,486.550567627,39577600
QQQ,2025-05-09T04:00:00.000Z,490.2099914551,487.9700012207,491.5400085449,486.200012207,486.2317199707,27767400
QQQ,2025-05-12T04:00:00.000Z,506.9899902344,507.8500061035,507.8900146484,501.4800109863,506.0408935547,45090600
QQQ,2025-05-13T04:00:00.000Z,509.1600036621,515.5900268555,517.3900146484,508.4200134277,513.7533569336,53269600
QQQ,2025-05-14T04:00:00.000Z,516.7700195312,518.6799926758,519.2299804688,515.75,516.8322753906,47014500
QQQ,2025-05-15T04:00:00.000Z,516.5200195312,519.25,521.9299926758,515.1699829102,517.4003295898,50153300
QQQ,2025-05-16T04:00:00.000Z,520.6599731445,521.5100097656,521.700012207,517.0999755859,519.6522827148,48394600
QQQ,2025-05-19T04:00:00.000Z,514.2399902344,522.0100097656,522.5300292969,514.2399902344,520.1504516602,52536200
QQQ,2025-05-20T04:00:00.000Z,519.4699707031,520.2700195312,520.9299926758,516.6599731445,518.4166870117,42517600
QQQ,2025-05-21T04:00:00.000Z,516.2700195312,513.0399780273,523.0,511.2399902344,511.2124023438,71292800
QQQ,2025-05-22T04:00:00.000Z,513.6599731445,514.0,517.7100219727,512.299987793,512.1690063477,55607200
QQQ,2025-05-23T04:00:00.000Z,506.1799926758,509.2399902344,511.8399963379,505.5799865723,507.4259338379,58368100
QQQ,2025-05-27T04:00:00.000Z,516.1500244141,521.2199707031,521.7100219727,514.5900268555,519.3632202148,47226300
QQQ,2025-05-28T04:00:00.000Z,522.1799926758,518.9099731445,523.6799926758,518.3900146484,517.0614624023,46637200
QQQ,2025-05-29T04:00:00.000Z,526.3300170898,519.9299926758,526.4799804688,517.3200073242,518.0778808594,58513300
QQQ,2025-05-30T04:00:00.000Z,519.4400024414,519.1099853516,520.6799926758,511.9299926758,517.2607421875,67662800
QQQ,2025-06-02T04:00:00.000Z,517.2399902344,523.2100219727,523.450012207,515.9699707031,521.3462524414,44762800
QQQ,2025-06-03T04:00:00.000Z,523.5599975586,527.299987793,528.7399902344,522.6900024414,525.4215698242,44070300
QQQ,2025-06-04T04:00:00.000Z,528.0100097656,528.7700195312,529.8400268555,525.9699707031,526.8863525391,41359300
QQQ,2025-06-05T04:00:00.000Z,530.1799926758,524.7899780273,533.049987793,522.6599731445,522.9205322266,61031200
QQQ,2025-06-06T04:00:00.000Z,530.0,529.9199829102,531.799987793,528.2100219727,528.0322265625,42467000
QQQ,2025-06-09T04:00:00.000Z,530.1400146484,530.700012207,532.3499755859,529.0100097656,528.8095703125,33688700
QQQ,2025-06-10T04:00:00.000Z,531.1699829102,534.2100219727,534.9000244141,528.8900146484,532.3070068359,40664800
QQQ,2025-06-11T04:00:00.000Z,535.6199951172,532.4099731445,536.7800292969,530.1099853516,530.5133666992,53701000
QQQ,2025-06-12T04:00:00.000Z,531.0900268555,533.6599731445,534.6400146484,530.8400268555,531.7589111328,34104900
QQQ,2025-06-13T04:00:00.000Z,527.6799926758,526.9600219727,531.8699951172,525.7299804688,525.0828857422,55814400
QQQ,2025-06-16T04:00:00.000Z,530.5,534.2899780273,535.3699951172,530.450012207,532.38671875,37622100
QQQ,2025-06-17T04:00:00.000Z,531.7100219727,529.0800170898,533.3300170898,527.9099731445,527.1952514648,42180900
QQQ,2025-06-18T04:00:00.000Z,530.0999755859,528.9899902344,532.549987793,527.4000244141,527.1055908203,43983500
QQQ,2025-06-20T04:00:00.000Z,532.2600097656,526.8300170898,533.5599975586,524.8800048828,524.9533081055,61643500
QQQ,2025-06-23T04:00:00.000Z,526.8099975586,531.6500244141,532.1699829102,523.6500244141,530.3511352539,50666100
QQQ,2025-06-24T04:00:00.000Z,536.8900146484,539.7800292969,540.700012207,536.2700195312,538.4612426758,45442000
QQQ,2025-06-25T04:00:00.000Z,542.0599975586,541.1599731445,543.3099975586,539.3800048828,539.8377685547,44804200
QQQ,2025-06-26T04:00:00.000Z,543.3499755859,546.2199707031,546.6699829102,541.5200195312,544.8854980469,43811400
QQQ,2025-06-27T04:00:00.000Z,547.2600097656,548.0900268555,549.9899902344,544.5399780273,546.7509155273,57577100
QQQ,2025-06-30T04:00:00.000Z,551.2600097656,551.6400146484,552.799987793,549.0100097656,550.2922363281,45548700
QQQ,2025-07-01T04:00:00.000Z,549.7299804688,546.9899902344,550.7100219727,544.6599731445,545.6535644531,56166700
QQQ,2025-07-02T04:00:00.000Z,546.1599731445,550.799987793,551.0,546.1199951172,549.454284668,36538300
QQQ,2025-07-03T04:00:00.000Z,553.1799926758,556.2199707031,557.200012207,553.1799926758,554.8610229492,26443500
QQQ,2025-07-07T04:00:00.000Z,553.5200195312,552.0300292969,554.3400268555,549.5800170898,550.6813354492,45349300
QQQ,2025-07-08T04:00:00.000Z,553.3800048828,552.3400268555,554.0100097656,551.0999755859,550.9906005859,36153300
QQQ,2025-07-09T04:00:00.000Z,554.4799804688,556.25,557.6300048828,553.0999755859,554.8909912109,43045500
QQQ,2025-07-10T04:00:00.000Z,556.8900146484,555.450012207,557.299987793,552.75,554.092956543,34710900
QQQ,2025-07-11T04:00:00.000Z,553.299987793,554.200012207,555.7899780273,552.049987793,552.8459472656,39618600
QQQ,2025-07-14T04:00:00.000Z,553.9899902344,556.2100219727,556.950012207,551.6300048828,554.8510742188,36453300
QQQ,2025-07-15T04:00:00.000Z,560.25,556.7199707031,560.799987793,556.6599731445,555.3598022461,43277700
QQQ,2025-07-16T04:00:00.000Z,557.2800292969,557.2899780273,560.2100219727,551.5599975586,555.9284057617,52314700
QQQ,2025-07-17T04:00:00.000Z,558.0200195312,561.799987793,562.3099975586,557.2100219727,560.4273681641,40423800
QQQ,2025-07-18T04:00:00.000Z,563.1199951172,561.2600097656,564.7299804688,559.9799804688,559.8887329102,50484700
QQQ,2025-07-21T04:00:00.000Z,562.0900268555,564.1699829102,566.0599975586,562.0599975586,562.7916259766,39595200
QQQ,2025-07-22T04:00:00.000Z,564.299987793,561.25,564.3499755859,558.6099853516,559.8787841797,43270600
QQQ,2025-07-23T04:00:00.000Z,562.3400268555,563.8099975586,563.8499755859,559.5800170898,562.4324951172,40215300
QQQ,2025-07-24T04:00:00.000Z,565.1300048828,565.0100097656,566.2399902344,563.2899780273,563.6295776367,42275500
QQQ,2025-07-25T04:00:00.000Z,564.9299926758,566.3699951172,567.700012207,564.2700195312,564.9862670898,30630800
QQQ,2025-07-28T04:00:00.000Z,567.7399902344,568.1400146484,569.0399780273,566.8699951172,566.7518920898,31498700
QQQ,2025-07-29T04:00:00.000Z,570.7600097656,567.2600097656,572.1099853516,566.5300292969,565.8740844727,45463300
QQQ,2025-07-30T04:00:00.000Z,568.1799926758,568.0200195312,570.6199951172,565.049987793,566.6322631836,43433800
QQQ,2025-07-31T04:00:00.000Z,574.5399780273,565.0100097656,574.6300048828,563.8699951172,563.6295776367,64613600
QQQ,2025-08-01T04:00:00.000Z,558.8300170898,553.8800048828,559.0200195312,551.6799926758,552.5267333984,69400800
QQQ,2025-08-04T04:00:00.000Z,559.049987793,564.0999755859,564.3200073242,558.950012207,562.7218017578,47669800
QQQ,2025-08-05T04:00:00.000Z,565.3900146484,560.2700195312,566.5599975586,559.7299804688,558.9011230469,48666600
QQQ,2025-08-06T04:00:00.000Z,561.1099853516,567.3200073242,567.7600097656,560.6300048828,565.9339599609,41823700
QQQ,2025-08-07T04:00:00.000Z,571.6699829102,569.2399902344,573.3200073242,565.1099853516,567.8491821289,44463000
QQQ,2025-08-08T04:00:00.000Z,570.450012207,574.549987793,574.7700195312,570.1500244141,573.1462402344,35255500
QQQ,2025-08-11T04:00:00.000Z,574.6900024414,572.8499755859,576.799987793,571.5700073242,571.450378418,33112900
QQQ,2025-08-12T04:00:00.000Z,575.1599731445,580.049987793,580.3499755859,572.4899902344,578.6328125,42143300
QQQ,2025-08-13T04:00:00.000Z,582.7600097656,580.3400268555,583.3200073242,578.9400024414,578.9221191406,41209300
QQQ,2025-08-14T04:00:00.000Z,578.2800292969,579.8900146484,581.8800048828,577.9099731445,578.4732666016,45425000
QQQ,2025-08-15T04:00:00.000Z,579.799987793,577.3400268555,579.8400268555,575.5700073242,575.9294433594,49480200
QQQ,2025-08-18T04:00:00.000Z,576.4400024414,577.1099853516,577.7700195312,575.2399902344,575.6999511719,29831000
QQQ,2025-08-19T04:00:00.000Z,576.3900146484,569.2800292969,576.5599975586,568.25,567.8891601562,53752600
QQQ,2025-08-20T04:00:00.000Z,568.3300170898,565.9000244141,568.450012207,558.8400268555,564.5174560547,76781100
QQQ,2025-08-21T04:00:00.000Z,564.3499755859,563.2800292969,566.4899902344,560.9799804688,561.9038085938,46436900
QQQ,2025-08-22T04:00:00.000Z,564.6699829102,571.9699707031,573.9899902344,563.2700195312,570.5725708008,51502100
QQQ,2025-08-25T04:00:00.000Z,570.4000244141,570.3200073242,573.2899780273,569.1599731445,568.926574707,34044700
QQQ,2025-08-26T04:00:00.000Z,569.8300170898,572.6099853516,572.9199829102,568.799987793,571.2109985352,34103000
QQQ,2025-08-27T04:00:00.000Z,571.5900268555,573.4899902344,574.4099731445,570.3699951172,572.0888671875,36927100
QQQ,2025-08-28T04:00:00.000Z,574.1099853516,577.0800170898,578.0,572.4600219727,575.6701049805,46787900
QQQ,2025-08-29T04:00:00.000Z,574.6599731445,570.4000244141,575.0300292969,568.5399780273,569.0064086914,56030400
QQQ,2025-09-02T04:00:00.000Z,561.3099975586,565.6199951172,565.9699707031,559.5399780273,564.2380981445,65876800
QQQ,2025-09-03T04:00:00.000Z,569.2299804688,570.0700073242,571.700012207,566.7299804688,568.6772460938,54230200
QQQ,2025-09-04T04:00:00.000Z,570.7399902344,575.2299804688,575.5999755859,569.0300292969,573.8245849609,47526300
QQQ,2025-09-05T04:00:00.000Z,580.4899902344,576.0599975586,581.1199951172,571.5300292969,574.6525268555,68342500
QQQ,2025-09-08T04:00:00.000Z,578.3699951172,578.8699951172,580.8400268555,577.7700195312,577.4556884766,46371400
QQQ,2025-09-09T04:00:00.000Z,579.6699829102,580.5100097656,580.9400024414,577.0399780273,579.0917358398,44007600
QQQ,2025-09-10T04:00:00.000Z,583.7399902344,580.700012207,583.7700195312,578.549987793,579.28125,49308000
QQQ,2025-09-11T04:00:00.000Z,583.2399902344,584.0800170898,584.8800048828,581.6199951172,582.6529541016,44745800
QQQ,2025-09-12T04:00:00.000Z,585.0399780273,586.6599731445,587.8599853516,584.0999755859,585.2266235352,50745900
QQQ,2025-09-15T04:00:00.000Z,588.4400024414,591.6799926758,591.7899780273,588.2899780273,590.234375,44360300
QQQ,2025-09-16T04:00:00.000Z,592.6099853516,591.1799926758,592.8599853516,590.4899902344,589.7356567383,36942100
QQQ,2025-09-17T04:00:00.000Z,591.0999755859,590.0,591.75,584.3699951172,588.5585327148,69384800
QQQ,2025-09-18T04:00:00.000Z,594.9099731445,595.3200073242,598.1400146484,592.9600219727,593.8654785156,61069300
QQQ,2025-09-19T04:00:00.000Z,597.3300170898,599.3499755859,600.049987793,595.8499755859,597.8856201172,58196100
QQQ,2025-09-22T04:00:00.000Z,597.7399902344,602.200012207,602.8699951172,597.7199707031,601.4251098633,57154800
QQQ,2025-09-23T04:00:00.000Z,602.3699951172,598.200012207,602.5700073242,596.9799804688,597.4302978516,64635500
QQQ,2025-09-24T04:00:00.000Z,599.5800170898,596.0999755859,599.9000244141,593.3599853516,595.3329467773,49850300
QQQ,2025-09-25T04:00:00.000Z,592.200012207,593.5300292969,595.1199951172,588.5,592.7662963867,70920200
QQQ,2025-09-26T04:00:00.000Z,594.3499755859,595.9699707031,596.299987793,591.0599975586,595.203125,54337400
QQQ,2025-09-29T04:00:00.000Z,599.1099853516,598.7299804688,602.049987793,597.4099731445,597.9595947266,48332900
QQQ,2025-09-30T04:00:00.000Z,598.4299926758,600.3699951172,600.7100219727,596.0999755859,599.5974731445,46533800
QQQ,2025-10-01T04:00:00.000Z,597.1699829102,603.25,603.7899780273,596.3400268555,602.4737548828,46899600
QQQ,2025-10-02T04:00:00.000Z,607.0599975586,605.7299804688,607.1599731445,602.9299926758,604.9505615234,43765400
QQQ,2025-10-03T04:00:00.000Z,606.5100097656,603.1799926758,607.3300170898,601.3900146484,602.4038696289,46482100
QQQ,2025-10-06T04:00:00.000Z,608.450012207,607.7100219727,609.3599853516,605.9699707031,606.9280395508,41962100
QQQ,2025-10-07T04:00:00.000Z,609.0200195312,604.5100097656,609.7100219727,603.0300292969,603.7321777344,58209500
QQQ,2025-10-08T04:00:00.000Z,605.4099731445,611.4400024414,611.75,605.2600097656,610.6532592773,50629800
QQQ,2025-10-09T04:00:00.000Z,611.4799804688,610.700012207,611.6099853516,607.4799804688,609.9141845703,45551000
QQQ,2025-10-10T04:00:00.000Z,611.4000244141,589.5,613.1799926758,589.049987793,588.7414550781,97614800
QQQ,2025-10-13T04:00:00.000Z,599.6799926758,602.0100097656,602.950012207,597.2299804688,601.2353515625,65872600
QQQ,2025-10-14T04:00:00.000Z,595.3099975586,598.0,602.6900024414,590.1300048828,597.2305297852,69203200
QQQ,2025-10-15T04:00:00.000Z,604.0100097656,602.2199707031,606.700012207,595.9299926758,601.4450683594,62805500
QQQ,2025-10-16T04:00:00.000Z,605.1099853516,599.9899902344,608.3099975586,595.5,599.217956543,70982000
QQQ,2025-10-17T04:00:00.000Z,597.950012207,603.9299926758,605.5100097656,596.3699951172,603.1528930664,72024900
QQQ,2025-10-20T04:00:00.000Z,607.1400146484,611.5399780273,612.799987793,607.0700073242,610.7530517578,45761700
QQQ,2025-10-21T04:00:00.000Z,611.6400146484,611.3800048828,612.7199707031,609.3200073242,610.5933227539,44538200
QQQ,2025-10-22T04:00:00.000Z,610.8200073242,605.4899902344,611.4099731445,599.7399902344,604.7108764648,61478800
QQQ,2025-10-23T04:00:00.000Z,604.9099731445,610.5800170898,611.3699951172,604.5200195312,609.7943725586,42844300
QQQ,2025-10-24T04:00:00.000Z,615.9899902344,617.0999755859,618.4199829102,615.1300048828,616.3059082031,47632500
QQQ,2025-10-27T04:00:00.000Z,624.5200195312,628.0900268555,628.549987793,624.0300292969,627.2818603516,54098600
QQQ,2025-10-28T04:00:00.000Z,630.3599853516,632.9199829102,634.6799926758,629.25,632.1055908203,61195700
QQQ,2025-10-29T04:00:00.000Z,635.5900268555,635.7700195312,637.0100097656,630.25,634.951965332,67422800
QQQ,2025-10-30T04:00:00.000Z,632.1699829102,626.049987793,633.5,625.9400024414,625.2444458008,61628600
QQQ,2025-10-31T04:00:00.000Z,634.1699829102,629.0700073242,634.200012207,626.6900024414,628.260559082,66305100
QQQ,2025-11-03T05:00:00.000Z,635.1099853516,632.0800170898,635.8200073242,629.8499755859,631.2666625977,37154300
QQQ,2025-11-04T05:00:00.000Z,623.2800292969,619.25,626.950012207,618.4600219727,618.4531860352,63830800
QQQ,2025-11-05T05:00:00.000Z,618.4899902344,623.2800292969,626.5999755859,617.2100219727,622.4780273438,48688500
QQQ,2025-11-06T05:00:00.000Z,621.7899780273,611.6699829102,622.0399780273,610.299987793,610.8829345703,72115100
QQQ,2025-11-07T05:00:00.000Z,608.3099975586,609.7399902344,609.950012207,598.6699829102,608.9553833008,81835400
QQQ,2025-11-10T05:00:00.000Z,618.9199829102,623.2299804688,624.3099975586,616.8900146484,622.4280395508,55919900
QQQ,2025-11-11T05:00:00.000Z,620.5700073242,621.5700073242,622.7199707031,617.5200195312,620.7702026367,44868800
QQQ,2025-11-12T05:00:00.000Z,624.8400268555,621.0800170898,624.8599853516,617.8099975586,620.2808227539,47444400
QQQ,2025-11-13T05:00:00.000Z,617.5399780273,608.4000244141,618.1199951172,606.0800170898,607.6171875,71333600
QQQ,2025-11-14T05:00:00.000Z,599.549987793,608.8599853516,613.3499755859,597.1699829102,608.0765380859,80087300
QQQ,2025-11-17T05:00:00.000Z,606.299987793,603.6599731445,612.4799804688,599.8699951172,602.8832397461,63850400
QQQ,2025-11-18T05:00:00.000Z,599.6199951172,596.3099975586,602.3099975586,591.3400268555,595.5427246094,83327300
QQQ,2025-11-19T05:00:00.000Z,597.0700073242,599.8699951172,606.1599731445,594.5900268555,599.0981445312,73111500
QQQ,2025-11-20T05:00:00.000Z,611.6199951172,585.6699829102,614.0300292969,584.75,584.9163818359,117743200
QQQ,2025-11-21T05:00:00.000Z,587.4699707031,590.0700073242,596.9799804688,580.7399902344,589.3107299805,103344200
QQQ,2025-11-24T05:00:00.000Z,595.2800292969,605.1599731445,606.6799926758,595.1599731445,604.3812866211,60168100
QQQ,2025-11-25T05:00:00.000Z,603.5100097656,608.8900146484,610.2600097656,597.3200073242,608.1065063477,57560900
QQQ,2025-11-26T05:00:00.000Z,612.5100097656,614.2700195312,616.1900024414,610.3900146484,613.4796142578,42393600
QQQ,2025-11-28T05:00:00.000Z,616.1099853516,619.25,619.3200073242,615.4199829102,618.4531860352,23034400
QQQ,2025-12-01T05:00:00.000Z,613.6300048828,617.1699829102,619.4400024414,612.5200195312,616.3758544922,40957600
QQQ,2025-12-02T05:00:00.000Z,619.4600219727,622.0,623.75,617.5900268555,621.1996459961,54541800
QQQ,2025-12-03T05:00:00.000Z,619.6199951172,623.5200195312,624.2199707031,618.0300292969,622.7177124023,47841600
QQQ,2025-12-04T05:00:00.000Z,624.9299926758,622.9400024414,624.9400024414,619.5399780273,622.1384277344,47067800
QQQ,2025-12-05T05:00:00.000Z,624.3800048828,625.4799804688,628.9199829102,623.7100219727,624.6751708984,53614200
QQQ,2025-12-08T05:00:00.000Z,627.2100219727,624.2800292969,628.8400268555,621.6900024414,623.4767456055,43462400
QQQ,2025-12-09T05:00:00.000Z,623.0100097656,625.049987793,625.8699951172,621.0,624.2457275391,37156000
QQQ,2025-12-10T05:00:00.000Z,623.8499755859,627.6099853516,629.2100219727,620.9899902344,626.8024291992,55031400
QQQ,2025-12-11T05:00:00.000Z,623.8200073242,625.5800170898,625.7800292969,617.7199707031,624.7750854492,58272800
QQQ,2025-12-12T05:00:00.000Z,622.0800170898,613.6199951172,623.5399780273,611.3599853516,612.8304443359,75158700
QQQ,2025-12-15T05:00:00.000Z,618.3699951172,610.5399780273,618.4199829102,609.3200073242,609.7543945312,49538200
QQQ,2025-12-16T05:00:00.000Z,608.2600097656,611.75,613.5100097656,606.9099731445,610.9628295898,55152800
QQQ,2025-12-17T05:00:00.000Z,613.0599975586,600.4099731445,613.6500244141,600.2800292969,599.6373901367,70654300
QQQ,2025-12-18T05:00:00.000Z,609.799987793,609.1099853516,612.9299926758,606.9199829102,608.3262329102,78875800
QQQ,2025-12-19T05:00:00.000Z,611.950012207,617.049987793,617.6199951172,611.8699951172,616.2559814453,60369800
QQQ,2025-12-22T05:00:00.000Z,621.3499755859,619.2100219727,621.6500244141,617.7700195312,619.2100219727,43703100
QQQ,2025-12-23T05:00:00.000Z,618.200012207,622.1099853516,622.4099731445,617.7800292969,622.1099853516,41120400
QQQ,2025-12-24T05:00:00.000Z,621.9899902344,623.9299926758,624.2800292969,621.7199707031,623.9299926758,18468700
QQQ,2025-12-26T05:00:00.000Z,624.6599731445,623.8900146484,625.5200195312,623.1400146484,623.8900146484,28959800
QQQ,2025-12-29T05:00:00.000Z,620.0999755859,620.8699951172,622.7800292969,618.7299804688,620.8699951172,32458300
QQQ,2025-12-30T05:00:00.000Z,619.8400268555,619.4299926758,622.1799926758,619.2199707031,619.4299926758,31226800
QQQ,2025-12-31T05:00:00.000Z,619.6500244141,614.3099975586,619.9600219727,614.049987793,614.3099975586,40746500
QQQ,2026-01-02T05:00:00.000Z,620.0599975586,613.1199951172,622.8499755859,610.1500244141,613.1199951172,61859200
QQQ,2026-01-05T05:00:00.000Z,619.3200073242,617.9899902344,620.8099975586,616.7199707031,617.9899902344,46828400
QQQ,2026-01-06T05:00:00.000Z,619.2299804688,623.4199829102,624.0200195312,618.5399780273,623.4199829102,43137500
QQQ,2026-01-07T05:00:00.000Z,623.0399780273,624.0200195312,627.9400024414,622.5599975586,624.0200195312,44880300
QQQ,2026-01-08T05:00:00.000Z,623.0300292969,620.4699707031,623.4199829102,617.799987793,620.4699707031,50435900
QQQ,2026-01-09T05:00:00.000Z,621.4099731445,626.6500244141,627.8900146484,619.0599975586,626.6500244141,49622600
